,group,names,scores,logfoldchanges,pvals,pvals_adj
0,PD,HSPA1B,31.710018,,1.1305536390143932e-220,2.2611072780287863e-217
1,PD,HSPA1A,30.883043,,2.0178452197528514e-209,2.0178452197528515e-206
2,PD,DPP10,25.733936,,4.877226248323605e-146,1.950890499329442e-143
3,PD,RALYL,25.587143,,2.1210668640709936e-144,7.070222880236645e-142
4,PD,PLXDC2,25.324213,,1.7289654765375366e-141,4.9399013615358185e-139
5,PD,FMN1,24.90288,,6.924384728331273e-137,1.7310961820828182e-134
6,PD,IQCJ-SCHIP1,24.740751,,3.8989930940497e-135,8.664429097888222e-133
7,PD,RBFOX1,24.056633,,7.114876013596082e-128,1.293613820653833e-125
8,PD,CDH18,22.742102,,1.718019168152993e-114,2.6431064125430665e-112
9,PD,FAM19A1,20.397497,,1.7599673443109366e-92,2.5142390633013378e-90
10,PD,DENND3,20.311441,,1.018706974994074e-91,1.3582759666587655e-89
11,PD,NELL2,20.30322,,1.2042836633624099e-91,1.5053545792030123e-89
12,PD,ABR,20.14759,,2.8253852046022856e-90,3.3239825936497474e-88
13,PD,SPP1,19.951477,,1.4552337637757923e-88,1.531825014500834e-86
14,PD,SH3GL2,19.879698,,6.099934099693793e-88,6.099934099693793e-86
15,PD,MGAT4A,19.842436,,1.280983239413912e-87,1.2199840375370591e-85
16,PD,CNTN5,19.417994,,5.437378133806863e-84,4.943071030733512e-82
17,PD,ST6GALNAC5,19.343475,,2.3134241277951503e-83,2.0116731546044786e-81
18,PD,CBLN2,19.338959,,2.525188810719629e-83,2.1043240089330242e-81
19,PD,CDH12,18.821394,,5.044028119165124e-79,4.035222495332099e-77
20,PD,UNC5D,18.647337,,1.3272556556113607e-77,1.020965888931816e-75
21,PD,OLFM3,18.557829,,7.049591352242993e-77,5.221919520179995e-75
22,PD,IPCEF1,18.0895,,3.8556233371467364e-73,2.659050577342577e-71
23,PD,CUX2,17.585232,,3.196703397865485e-69,1.997939623665928e-67
24,PD,NIPAL2,17.366573,,1.4779361002389673e-67,8.95718848629677e-66
25,PD,FSTL4,17.084467,,1.9370477382550627e-65,1.1394398460323897e-63
26,PD,RUNX1,16.987942,,1.0086646053465082e-64,5.603692251925046e-63
27,PD,DSCAM,16.841225,,1.2169116521896573e-63,6.404798169419249e-62
28,PD,ASIC2,16.617489,,5.206870728161626e-62,2.6701901170059624e-60
29,PD,LY86-AS1,16.04035,,6.677724827678673e-58,3.2574267452091084e-56
30,PD,TENM3,15.66041,,2.8207399635160074e-55,1.3119720760539571e-53
31,PD,SLC38A11,15.5629835,,1.299002511027757e-54,5.904556868307987e-53
32,PD,GRM1,15.465863,,5.897693756801831e-54,2.5642146768703612e-52
33,PD,AC011287.1,15.2352495,,2.0633721644926726e-52,8.780307082947542e-51
34,PD,KCNC2,15.214461,,2.8354475639302372e-52,1.181436484970932e-50
35,PD,SKAP2,15.208641,,3.09911887862459e-52,1.264946481071261e-50
36,PD,MCTP1,15.06804,,2.6279559861293097e-51,1.0305709749526705e-49
37,PD,NELL1,15.040135,,4.0072796652452e-51,1.5412614097096924e-49
38,PD,C5orf17,14.850209,,6.935162089179562e-50,2.617042297803608e-48
39,PD,PTPRT,14.78361,,1.868746701862526e-49,6.921284080972318e-48
40,PD,TMEM163,14.634501,,1.6921030033274528e-48,6.04322501188376e-47
41,PD,CDH9,14.583271,,3.588980613422516e-48,1.259291443306146e-46
42,PD,PARP8,14.567045,,4.551573438948743e-48,1.5695080823961183e-46
43,PD,CYFIP1,14.349464,,1.0736261988801552e-46,3.639410843661543e-45
44,PD,LRRK1,13.934359,,3.9170331877837566e-44,1.3056777292612522e-42
45,PD,SLIT3,13.884331,,7.883306221442573e-44,2.584690564407401e-42
46,PD,UNC13C,13.861367,,1.085858086438219e-43,3.5027680207684483e-42
47,PD,NDST3,13.701455,,9.95100680718429e-43,3.159049780058505e-41
48,PD,NRG1,13.680388,,1.3298091714468909e-42,4.155653660771534e-41
49,PD,GALNTL6,13.672839,,1.4752512891308388e-42,4.539234735787196e-41
50,PD,PRELID2,13.586865,,4.7916609464745725e-42,1.4520184686286583e-40
51,PD,LINC01378,13.576744,,5.501863108965946e-42,1.6423471967062524e-40
52,PD,KCNH7,13.391668,,6.764414291344261e-41,1.9606997945925392e-39
53,PD,PTPN2,13.039823,,7.262547767679152e-39,2.017374379910876e-37
54,PD,ATP8B4,12.996169,,1.2862710531947502e-38,3.524030282725343e-37
55,PD,HS3ST4,12.977267,,1.6465118919958027e-38,4.4500321405291964e-37
56,PD,P4HA1,12.834062,,1.056757546094548e-37,2.818020122918795e-36
57,PD,ROBO2,12.832334,,1.0805959486598525e-37,2.8436735491048753e-36
58,PD,CADPS2,12.80158,,1.6064901694011354e-37,4.172701738704248e-36
59,PD,SLIT2,12.672794,,8.3679652990602e-37,2.1184722276101771e-35
60,PD,KIAA1217,12.611023,,1.8359458516964844e-36,4.53319963381848e-35
61,PD,CEMIP2,12.507511,,6.791940376387033e-36,1.6565708235090322e-34
62,PD,AL117329.1,12.460589,,1.2246255373051662e-35,2.950904909169075e-34
63,PD,SRGAP2,12.238641,,1.9324243297971355e-34,4.5468807759932594e-33
64,PD,FOS,12.197963,,3.1869760842114483e-34,7.411572288863833e-33
65,PD,CA10,11.812312,,3.371602139498331e-32,7.576634021344565e-31
66,PD,AC019211.1,11.730316,,8.912505040096145e-32,1.980556675576921e-30
67,PD,FOXP2,11.6764145,,1.6824381838943693e-31,3.6976663382293835e-30
68,PD,TRHDE,11.586786,,4.808350351297708e-31,1.0452935546299364e-29
69,PD,AKAP13,11.561956,,6.422833105048144e-31,1.3812544311931492e-29
70,PD,SAT1,11.26622,,1.9266425741460972e-29,3.9724589157651485e-28
71,PD,CCND3,11.180495,,5.080565314814162e-29,1.0263768312755883e-27
72,PD,TNR,11.110412,,1.116430993514752e-28,2.2107544426034692e-27
73,PD,DUSP1,10.857561,,1.8358608057648382e-27,3.496877725266359e-26
74,PD,DOCK8,10.844237,,2.1239957295094787e-27,4.0075391122820354e-26
75,PD,ST6GAL1,10.751402,,5.836751967986889e-27,1.0808799940716462e-25
76,PD,SRGAP2B,10.729698,,7.383698610141545e-27,1.3548070844296413e-25
77,PD,NCK2,10.70877,,9.258425683965782e-27,1.683350124357415e-25
78,PD,PAG1,10.611651,,2.630588312642213e-26,4.697479129718238e-25
79,PD,DDIT4,10.54185,,5.539808434530857e-26,9.804970680585586e-25
80,PD,DISC1,10.523114,,6.760137876653833e-26,1.1859891011673391e-24
81,PD,CTSB,10.477739,,1.0932587523939292e-25,1.9013195693807464e-24
82,PD,DOCK11,10.473734,,1.1405359088891905e-25,1.9664412222227423e-24
83,PD,TBC1D14,10.437873,,1.6650038342293498e-25,2.846160400392051e-24
84,PD,CCK,10.429566,,1.8171613499085222e-25,3.054052688921886e-24
85,PD,AC067956.1,10.376823,,3.161201295978339e-25,5.268668826630565e-24
86,PD,ADAMTSL1,10.314402,,6.065799746927135e-25,1.0026115284177083e-23
87,PD,AC073365.1,10.257398,,1.0962153914545805e-24,1.7824640511456594e-23
88,PD,GRIP1,10.227644,,1.4910271700743036e-24,2.404882532377909e-23
89,PD,PTPRC,10.1254015,,4.262244745887063e-24,6.712196450215847e-23
90,PD,SLC2A3,10.101974,,5.414158474482186e-24,8.39404414648401e-23
91,PD,AC090568.2,9.954414,,2.412396804574923e-23,3.600592245634213e-22
92,PD,ARHGAP15,9.919637,,3.419992822817757e-23,5.066656033804084e-22
93,PD,HAMP,9.844659,,7.228427116209068e-23,1.0552448344830755e-21
94,PD,APBB1IP,9.826815,,8.630536840422486e-23,1.2508024406409399e-21
95,PD,CHST15,9.737156,,2.0933183642390187e-22,2.9277179919426838e-21
96,PD,HOMER1,9.734059,,2.1580502791236387e-22,2.997292054338387e-21
97,PD,SLC2A5,9.731595,,2.210976122383392e-22,3.049622237770196e-21
98,PD,APOLD1,9.669726,,4.0546043912502265e-22,5.554252590753735e-21
99,PD,PRR16,9.641796,,5.32477928140657e-22,7.244597661777647e-21
100,PD,CHST11,9.616429,,6.815631678744372e-22,9.210313079384288e-21
101,PD,SH3RF3,9.572218,,1.0463602976367387e-21,1.3951470635156517e-20
102,PD,ANKRD37,9.469096,,2.8227495184696856e-21,3.714144103249586e-20
103,PD,SORL1,9.458565,,3.1219763383506674e-21,4.0810148213734216e-20
104,PD,MGAT1,9.438297,,3.788859126777769e-21,4.920596268542557e-20
105,PD,AC093607.1,9.417123,,4.636181366729162e-21,5.982169505456983e-20
106,PD,ETS2,9.412767,,4.83242628615151e-21,6.195418315578859e-20
107,PD,SRGN,9.396445,,5.6437583989222906e-21,7.189501145123937e-20
108,PD,KCNB2,9.392241,,5.873726788781793e-21,7.435097200989612e-20
109,PD,TNFRSF1B,9.354356,,8.411044155552183e-21,1.057992975541155e-19
110,PD,AC120193.1,9.241397,,2.4329876250458982e-20,3.0223448758334137e-19
111,PD,SMAP2,9.166733,,4.875706199092808e-20,5.982461593978906e-19
112,PD,CPNE4,9.16431,,4.9864899655578874e-20,6.081085323851081e-19
113,PD,ZNF804A,9.118446,,7.620894552709597e-20,9.126819823604306e-19
114,PD,PDZRN4,9.036117,,1.6233667647548786e-19,1.9211441003016313e-18
115,PD,PPARG,9.03481,,1.6428695663047675e-19,1.9327877250644323e-18
116,PD,FYB1,8.938284,,3.952613005267601e-19,4.622939187447486e-18
117,PD,ST8SIA4,8.910352,,5.087085482813328e-19,5.915215677689917e-18
118,PD,ADAM28,8.875818,,6.942084461346641e-19,7.93381081296759e-18
119,PD,RHBDF2,8.808584,,1.2673673557266783e-18,1.416052911426456e-17
120,PD,LINC01001,8.797149,,1.403362506494661e-18,1.5592916738829567e-17
121,PD,FGF13,8.783771,,1.5808404322158092e-18,1.7467850079732698e-17
122,PD,VEGFA,8.687642,,3.700386580878669e-18,3.915752995638803e-17
123,PD,SGPP2,8.632461,,6.0046059338631156e-18,6.254797847774079e-17
124,PD,C3,8.510851,,1.726612488390506e-17,1.75290607958427e-16
125,PD,LINC02055,8.500363,,1.8899873664705e-17,1.90907814795e-16
126,PD,TBC1D8,8.467788,,2.5009656274442842e-17,2.5135332939138535e-16
127,PD,AC106869.1,8.391356,,4.805656783771802e-17,4.781748043554032e-16
128,PD,TMSB10,8.38027,,5.280639847752208e-17,5.20260083522385e-16
129,PD,CD74,8.359952,,6.274384950674118e-17,6.091635874440892e-16
130,PD,HIST1H2AC,8.338752,,7.507911767325731e-17,7.254021031232591e-16
131,PD,SLC11A1,8.321444,,8.689862598562273e-17,8.355637114002186e-16
132,PD,PIK3AP1,8.286561,,1.1656996625252768e-16,1.1155020694021788e-15
133,PD,GABRG3,8.2768755,,1.264491413439332e-16,1.2042775366088875e-15
134,PD,GULP1,8.263544,,1.414098226329875e-16,1.3340549304998822e-15
135,PD,RIN3,8.255125,,1.5174322258075696e-16,1.42481899136861e-15
136,PD,PALD1,8.232355,,1.8356828016780056e-16,1.7155914034373885e-15
137,PD,SCIN,8.165616,,3.19799584859522e-16,2.9611072672177963e-15
138,PD,SLC16A10,8.141422,,3.9065995777126183e-16,3.600552606186745e-15
139,PD,SEZ6L,8.137625,,4.0310954514872828e-16,3.698252707786498e-15
140,PD,RELN,8.123517,,4.528635186260709e-16,4.1357398961285015e-15
141,PD,CCBE1,8.093492,,5.797817489214652e-16,5.246893655397875e-15
142,PD,LINC00276,8.072797,,6.87056438406316e-16,6.189697643300144e-15
143,PD,FAM129A,8.061883,,7.512823500277094e-16,6.73795829621264e-15
144,PD,SLCO2B1,8.039007,,9.056913805948355e-16,8.08653018388246e-15
145,PD,AL158071.4,8.007876,,1.1670595734555326e-15,1.0327960827040112e-14
146,PD,MIR4435-2HG,7.997368,,1.2710726254079918e-15,1.1198877756898607e-14
147,PD,AC074327.1,7.9407096,,2.0102778545314265e-15,1.7480676995925448e-14
148,PD,AC244021.1,7.9153695,,2.465201251262835e-15,2.1343733777167403e-14
149,PD,IKZF1,7.902915,,2.724556020253821e-15,2.3487551898739834e-14
150,PD,PLCXD3,7.8997755,,2.794059268107869e-15,2.398334135714909e-14
151,PD,ARHGAP6,7.872403,,3.478923645346377e-15,2.9607860811458526e-14
152,PD,KCNAB1,7.85628,,3.957104565710397e-15,3.3534784455172856e-14
153,PD,PCDH15,7.8316336,,4.815718744409259e-15,4.0638976746069694e-14
154,PD,XYLT1,7.786022,,6.91518621668299e-15,5.762655180569159e-14
155,PD,F13A1,7.771691,,7.744534190556528e-15,6.400441479798784e-14
156,PD,ALOX5,7.7678537,,7.982712566263359e-15,6.57013379939371e-14
157,PD,ARHGAP18,7.744176,,9.62036934986472e-15,7.885548647430099e-14
158,PD,JUNB,7.7200994,,1.162389945417424e-14,9.488897513611625e-14
159,PD,IL4R,7.7046995,,1.311517071409909e-14,1.0662740417966741e-13
160,PD,PIEZO2,7.69338,,1.4329829987375735e-14,1.1556314505948175e-13
161,PD,APOE,7.654331,,1.9432072880522293e-14,1.560809066708618e-13
162,PD,SYNPR,7.6398525,,2.174704462808705e-14,1.7328322412818366e-13
163,PD,PLA2G4A,7.611867,,2.7016439184807765e-14,2.1441618400641084e-13
164,PD,LRP2,7.5673947,,3.807831535876808e-14,2.998292547934494e-13
165,PD,PCDH11Y,7.527455,,5.1738829251648394e-14,4.0420960352850306e-13
166,PD,SDK1,7.5087132,,5.971145752669048e-14,4.646806033205485e-13
167,PD,LINC02306,7.495771,,6.59097109452032e-14,5.109279918232805e-13
168,PD,AQP4-AS1,7.486236,,7.087691289762516e-14,5.473120687075302e-13
169,PD,POU2F2,7.459512,,8.684327919262563e-14,6.680252245586587e-13
170,PD,INPP5D,7.4268236,,1.1123633955590101e-13,8.523857437233794e-13
171,PD,RGS1,7.382962,,1.5480605371484033e-13,1.1772323476413712e-12
172,PD,RUNX2,7.367074,,1.7441388057498104e-13,1.3213172770831897e-12
173,PD,MAP3K8,7.3368454,,2.1868723205042073e-13,1.6442649026347422e-12
174,PD,HIF1A-AS2,7.325621,,2.3779441289095165e-13,1.7812315572355927e-12
175,PD,AC110023.1,7.254292,,4.0376779221388995e-13,2.9912730045612514e-12
176,PD,C1QC,7.181997,,6.870049180729556e-13,5.0146344384887265e-12
177,PD,SP100,7.135749,,9.626159479484738e-13,7.0008432578070814e-12
178,PD,SYK,7.1241302,,1.0473996046326435e-12,7.589852207482923e-12
179,PD,RBM47,7.0725613,,1.520996001345603e-12,1.0903197142262386e-11
180,PD,C1QB,7.0716467,,1.5310587431322074e-12,1.0936133879515766e-11
181,PD,NPAS4,7.0390215,,1.9359453256759033e-12,1.3713826773249078e-11
182,PD,CEBPB,7.0386934,,1.9405064884147444e-12,1.3713826773249078e-11
183,PD,TRPC4,7.0085616,,2.4078086554818273e-12,1.6862195308220296e-11
184,PD,EHBP1L1,7.0022125,,2.519515284194787e-12,1.755759779926681e-11
185,PD,NFATC2,6.9488716,,3.682191223363086e-12,2.5482292203204747e-11
186,PD,PCDH11X,6.938446,,3.96435854179416e-12,2.7340403736511448e-11
187,PD,ZNF331,6.911151,,4.807375293980834e-12,3.3040380027359686e-11
188,PD,SRGAP2C,6.869288,,6.452324228035478e-12,4.3906629172365795e-11
189,PD,AL445250.1,6.8692446,,6.454274488337772e-12,4.3906629172365795e-11
190,PD,ARHGAP25,6.8525395,,7.255029080589388e-12,4.902046676073911e-11
191,PD,AC109466.1,6.8454304,,7.624638263874605e-12,5.1344365413297006e-11
192,PD,DCC,6.778589,,1.2135557833634585e-11,8.117429989053234e-11
193,PD,LHFPL2,6.7260404,,1.7434207591742528e-11,1.1622805061161686e-10
194,PD,NRGN,6.7147355,,1.8840794501496805e-11,1.251880033322047e-10
195,PD,TBXAS1,6.6994424,,2.0921657648303436e-11,1.385540241609499e-10
196,PD,COL5A2,6.651756,,2.8961701546737016e-11,1.9053751017590142e-10
197,PD,HK2,6.6300244,,3.356316549427157e-11,2.193670947338011e-10
198,PD,ABCA9,6.6198783,,3.5949528772840716e-11,2.3268303412841888e-10
199,PD,CLSTN2,6.6086,,3.879705623022957e-11,2.5030358858212627e-10
200,PD,FLI1,6.581416,,4.659887905611344e-11,2.987107631802144e-10
201,PD,MS4A6A,6.5744944,,4.881885546784418e-11,3.1194156848462737e-10
202,PD,KCNK13,6.539201,,6.184847676944693e-11,3.902112099018734e-10
203,PD,HCK,6.517884,,7.130629114895174e-11,4.47061386513804e-10
204,PD,TMSB4X,6.4927564,,8.427989294705046e-11,5.267493309190654e-10
205,PD,RIT2,6.4746947,,9.500378966195256e-11,5.919239231274303e-10
206,PD,LY86,6.452718,,1.0986185787738072e-10,6.823717880582653e-10
207,PD,CYTH4,6.439759,,1.1966345403199557e-10,7.409501797646785e-10
208,PD,SORCS1,6.410279,,1.4525386434527664e-10,8.938699344324715e-10
209,PD,SLA,6.4087925,,1.4667663768476898e-10,8.998566729126931e-10
210,PD,DOCK2,6.325339,,2.5267763405787324e-10,1.531379600350747e-09
211,PD,LAMA2,6.303119,,2.9171425688220373e-10,1.7573148004952031e-09
212,PD,TGFBR2,6.2622247,,3.7952387314823775e-10,2.2725980428038186e-09
213,PD,FGD2,6.2595067,,3.861971131602859e-10,2.3056544069270796e-09
214,PD,ALPK1,6.233658,,4.556683792371284e-10,2.7042633782618893e-09
215,PD,TLR2,6.2254786,,4.800883642442155e-10,2.84075955174092e-09
216,PD,HCLS1,6.1739078,,6.662239092914647e-10,3.930524538592712e-09
217,PD,SAMSN1,6.086638,,1.153063446764866e-09,6.7628354648965745e-09
218,PD,JAK3,6.0484242,,1.4626921673717556e-09,8.479374883314526e-09
219,PD,FCGR3A,6.034919,,1.5904249089584873e-09,9.19320756623403e-09
220,PD,COL24A1,6.0132036,,1.8189225979650662e-09,1.048370373466897e-08
221,PD,NEDD9,5.9133196,,3.3528067461276486e-09,1.9050038330270733e-08
222,PD,CD53,5.9100957,,3.4190916672721625e-09,1.9371624177179393e-08
223,PD,MYO1F,5.8979177,,3.681172495689662e-09,2.068074435780709e-08
224,PD,CSF1R,5.8689904,,4.384570474915039e-09,2.4563420027535232e-08
225,PD,AJ009632.2,5.8680477,,4.4095698576857094e-09,2.4634468478691116e-08
226,PD,SH3TC1,5.8300953,,5.5395772954654715e-09,3.0861154849389813e-08
227,PD,RAPGEF1,5.7869945,,7.1656929557685855e-09,3.9699129948856434e-08
228,PD,LINC00923,5.7301126,,1.0036395165238418e-08,5.514502838043087e-08
229,PD,LINC01115,5.6728983,,1.4040173359394653e-08,7.6513206318227e-08
230,PD,TGFBR1,5.6674643,,1.4492636132163447e-08,7.8741525836763e-08
231,PD,CEMIP,5.652235,,1.5837485569723417e-08,8.537728069931761e-08
232,PD,BACH1,5.618638,,1.9246885687547304e-08,1.0292452239330109e-07
233,PD,IL1RAP,5.597883,,2.169849731746329e-08,1.1541753892267708e-07
234,PD,HIST2H2BE,5.521391,,3.3632702117918724e-08,1.7842282290673064e-07
235,PD,HSPH1,5.426352,,5.751746252065285e-08,3.035222296604372e-07
236,PD,BTG2,5.415066,,6.126619783310787e-08,3.2076543368119304e-07
237,PD,KCNH5,5.3581896,,8.405999060602496e-08,4.389555645223235e-07
238,PD,NRP2,5.345353,,9.024089796900783e-08,4.687838855532874e-07
239,PD,AOAH,5.3094997,,1.0992646372144017e-07,5.65174620675785e-07
240,PD,ITPR2,5.296815,,1.1784000752122812e-07,6.043077308780929e-07
241,PD,RNF144B,5.293445,,1.2003321507739844e-07,6.139806397820892e-07
242,PD,SCHLAP1,5.2605004,,1.436639807902963e-07,7.329794938280422e-07
243,PD,GPC6,5.245249,,1.5607172297028375e-07,7.942581321642939e-07
244,PD,FOSL2,5.2069197,,1.920011190736206e-07,9.721575649297245e-07
245,PD,SLC44A5,5.196326,,2.032657614912189e-07,1.0240088740111784e-06
246,PD,KCNT2,5.183723,,2.1750007065345087e-07,1.0929651791630697e-06
247,PD,C1QA,5.1750464,,2.2785412561286383e-07,1.1421259429216232e-06
248,PD,CHRM2,5.1614566,,2.4503594624998943e-07,1.2251797312499471e-06
249,PD,STAB1,5.13218,,2.864051294352401e-07,1.4249011414688562e-06
250,PD,DNAH7,5.112168,,3.184830487841944e-07,1.5750627520221668e-06
251,PD,IRF8,5.111891,,3.189502072844888e-07,1.5750627520221668e-06
252,PD,AC091078.1,5.1017566,,3.365157218693087e-07,1.649586871908376e-06
253,PD,HLA-DRB1,5.100547,,3.3867386042182175e-07,1.6561068969282237e-06
254,PD,FRAS1,5.073079,,3.914294705478497e-07,1.9094120514529255e-06
255,PD,ITGB2,5.061664,,4.1561275831523925e-07,2.0175376617244625e-06
256,PD,LILRB1,5.0444636,,4.5479530686868246e-07,2.1970787771433935e-06
257,PD,LINC01684,5.042176,,4.6026764423323974e-07,2.218157321605975e-06
258,PD,CD14,5.0388436,,4.683523880479108e-07,2.2516941733072636e-06
259,PD,ATP1B3,5.0026464,,5.654862892763154e-07,2.7056760252455285e-06
260,PD,CPM,4.9548807,,7.237474986723599e-07,3.4382303974933963e-06
261,PD,PDGFD,4.926897,,8.354568576104579e-07,3.959511173509279e-06
262,PD,REL,4.9124813,,8.993095019889797e-07,4.252054382926619e-06
263,PD,FOSB,4.9103217,,9.092709722831768e-07,4.278922222509068e-06
264,PD,ARHGAP10,4.902893,,9.443545514957568e-07,4.433589443642051e-06
265,PD,LCP2,4.8638263,,1.1513785827876376e-06,5.392873924063877e-06
266,PD,VSIG4,4.825816,,1.394312048128861e-06,6.500289268666019e-06
267,PD,LINC01099,4.818208,,1.4485325970215061e-06,6.737360916379098e-06
268,PD,CDKN1A,4.8158903,,1.4654515532854682e-06,6.800239226382683e-06
269,PD,HIST2H2BF,4.804804,,1.549032321559173e-06,7.154883702351838e-06
270,PD,CSF3R,4.801567,,1.5742883840645436e-06,7.254785180020938e-06
271,PD,LRMP,4.7902493,,1.6657432674059572e-06,7.658589735199804e-06
272,PD,LAPTM5,4.789474,,1.672188688546432e-06,7.670590314433175e-06
273,PD,CYTOR,4.7886524,,1.6790506429875238e-06,7.684442302002398e-06
274,PD,AC009063.2,4.7844834,,1.7142746374605094e-06,7.827738070595934e-06
275,PD,TMC8,4.77517,,1.7955552839397614e-06,8.180206304964744e-06
276,PD,CCDC26,4.7669015,,1.8708079864907822e-06,8.503672665867192e-06
277,PD,EMB,4.76637,,1.8757493449220084e-06,8.50679975021319e-06
278,PD,PFKFB3,4.7031207,,2.562149462421419e-06,1.1541213794691076e-05
279,PD,ZSCAN31,4.6668696,,3.0582316006538485e-06,1.374486112653415e-05
280,PD,VAV1,4.6520886,,3.2859002897204513e-06,1.4702014719107165e-05
281,PD,CEBPD,4.6425796,,3.4408624094704644e-06,1.532678133394416e-05
282,PD,LPAR6,4.6290684,,3.673143196061606e-06,1.6288883352823086e-05
283,PD,TLR5,4.5976415,,4.273002708945154e-06,1.8823800479934598e-05
284,PD,CD300A,4.591961,,4.39100594237971e-06,1.9301125021449275e-05
285,PD,IL10RA,4.5877857,,4.47971685382953e-06,1.9647880937848815e-05
286,PD,ABCC4,4.574988,,4.762471734367185e-06,2.0796819800730067e-05
287,PD,PTCHD4,4.562799,,5.0476142601240025e-06,2.1946148957060878e-05
288,PD,AC092422.1,4.5471907,,5.436677450567731e-06,2.3535400218907925e-05
289,PD,CD247,4.5369205,,5.708155882170762e-06,2.4657260830111285e-05
290,PD,LINC02232,4.5107145,,6.46096372426164e-06,2.7848981570093274e-05
291,PD,ITGAM,4.423738,,9.700758004336552e-06,4.1545002159899575e-05
292,PD,AC008415.1,4.4175725,,9.981556789536745e-06,4.265622559631087e-05
293,PD,WDFY4,4.4126506,,1.0211269793194471e-05,4.354486052534956e-05
294,PD,TNS3,4.402231,,1.0714327890409578e-05,4.559288464004076e-05
295,PD,SORCS3,4.395115,,1.1071424057558944e-05,4.7012416380292756e-05
296,PD,FLT1,4.3803034,,1.1851416343041588e-05,4.99872362429147e-05
297,PD,TRIM22,4.3799257,,1.187196860769224e-05,4.99872362429147e-05
298,PD,IRAK3,4.3723574,,1.2291216749129253e-05,5.164376785348426e-05
299,PD,NR4A1,4.337881,,1.4386303042499993e-05,6.0068071158663856e-05
300,PD,GRM8,4.335672,,1.4531541440628997e-05,6.04222097323451e-05
301,PD,BLNK,4.3042665,,1.6753996352795736e-05,6.923138988758569e-05
302,PD,AC016687.2,4.234563,,2.2899651809439907e-05,9.385103200590126e-05
303,PD,CNR1,4.2272954,,2.3651715383703564e-05,9.644908933136847e-05
304,PD,TLR1,4.227043,,2.3678251430850958e-05,9.644908933136847e-05
305,PD,MYOF,4.223993,,2.4001158022849068e-05,9.756568301971166e-05
306,PD,FAM20A,4.222143,,2.4199055498557993e-05,9.817061054181741e-05
307,PD,KIF26B,4.204863,,2.612400091675083e-05,0.00010576518589777664
308,PD,TNFRSF10D,4.1628833,,3.142538085279099e-05,0.0001264602851218953
309,PD,AC027288.3,4.151436,,3.303960618148213e-05,0.00013268918145173546
310,PD,PIK3R5,4.1447034,,3.402539592787345e-05,0.00013637433237624627
311,PD,HLA-DRA,4.1192064,,3.8017947881279495e-05,0.0001517682550150878
312,PD,FCGR2A,4.1124296,,3.915166489465673e-05,0.00015598272866397105
313,PD,AL034397.3,4.1084476,,3.983278849121998e-05,0.00015838086875236574
314,PD,CD163,4.1068974,,4.010090436328969e-05,0.00015862268954592936
315,PD,KCTD12,4.106721,,4.013154045512013e-05,0.00015862268954592936
316,PD,ANKRD22,4.092092,,4.2749881734359e-05,0.00016863858672330967
317,PD,AC100801.1,4.075261,,4.596270019031815e-05,0.00018095551256030768
318,PD,USP36,4.0560784,,4.990354029489581e-05,0.00019608463770096586
319,PD,PLCB2,4.0438066,,5.259026512678096e-05,0.00020589475162149102
320,PD,CYBA,4.043736,,5.2606109039290954e-05,0.00020589475162149102
321,PD,MND1,4.032243,,5.524704593873265e-05,0.00021560647387339953
322,PD,SEMA3A,4.032005,,5.530306054852698e-05,0.00021560647387339953
323,PD,BRINP3,4.029576,,5.587759992665158e-05,0.00021742256780798278
324,PD,CHSY1,4.027697,,5.632582462780575e-05,0.00021874106651575048
325,PD,LAIR1,4.019845,,5.82364702978755e-05,0.0002257227530925407
326,PD,TCIRG1,4.009783,,6.077467334571356e-05,0.0002346512484390485
327,PD,COL4A2,4.0078077,,6.128494717402437e-05,0.00023616549970722302
328,PD,NTNG1,3.9938123,,6.501934638239732e-05,0.00024982257615634184
329,PD,COL4A1,3.9935958,,6.507878108872705e-05,0.00024982257615634184
330,PD,C22orf34,3.9421985,,8.073812758111341e-05,0.00030875000987041454
331,PD,BNC2,3.941611,,8.093614997051486e-05,0.0003089166029408964
332,PD,AC078883.1,3.9224098,,8.766776452696051e-05,0.00033333750770707415
333,PD,ADGRF5,3.9155722,,9.019007153973113e-05,0.0003422773113462282
334,PD,ARHGAP45,3.9117591,,9.16263104690413e-05,0.00034706935783727764
335,PD,CTSC,3.8929834,,9.901889765223441e-05,0.00037436256201222836
336,PD,CD163L1,3.8586774,,0.00011400232820132515,0.0004285801812079893
337,PD,LAT2,3.8458202,,0.00012014987149874154,0.00045084379549246355
338,PD,PDE3B,3.831533,,0.00012734735476737058,0.0004760648776350302
339,PD,SLC16A3,3.7987275,,0.000145440946225737,0.0005406726625492082
340,PD,FCGR1A,3.784624,,0.00015394111301247237,0.0005690983845193063
341,PD,COBLL1,3.769532,,0.00016355402533665866,0.0006035203886961574
342,PD,ABCA1,3.7009814,,0.0002147672136856131,0.0007852548946457517
343,PD,AL118516.1,3.6754868,,0.00023739631775039003,0.0008648317586535156
344,PD,PARVG,3.6633382,,0.0002489495330850024,0.0009036280692740559
345,PD,ADCY7,3.6580865,,0.0002541052198787261,0.0009206710865171234
346,PD,TRPC6,3.6469738,,0.0002653468985103843,0.0009596632857518418
347,PD,LINC01090,3.60215,,0.0003155963138691839,0.001137284013943005
348,PD,POU6F2,3.5935233,,0.0003262365709094389,0.0011672149227529118
349,PD,LINC01725,3.5843415,,0.00033792960727585384,0.0012047401328907443
350,PD,PIK3CD,3.5755801,,0.00034945199492818815,0.0012436014054383918
351,PD,AGBL1,3.5712304,,0.0003553080912457049,0.0012621957060238184
352,PD,RCSD1,3.5675025,,0.0003604000342231818,0.0012780143057559638
353,PD,JUN,3.5586958,,0.00037270107126521364,0.001319295827487482
354,PD,IL17RA,3.5539083,,0.000379551589598055,0.001341171694692774
355,PD,AC093152.1,3.541465,,0.0003979115617098496,0.0014035681189059953
356,PD,MT1F,3.5121799,,0.00044444712208905197,0.001564954655243141
357,PD,VWC2L,3.5074096,,0.00045249206185888437,0.0015904817640031085
358,PD,ID2,3.5006819,,0.0004640693090897934,0.0016283133652273455
359,PD,CHGB,3.4991217,,0.00046679368970950805,0.0016350041671086097
360,PD,LINC01505,3.4764528,,0.0005080936755275656,0.0017672823496610978
361,PD,GK,3.4564378,,0.0005473652427291195,0.0018972798708115062
362,PD,SYNDIG1,3.4497547,,0.0005610960609635925,0.0019401425260622029
363,PD,NR2F2-AS1,3.4494781,,0.0005616712612950077,0.0019401425260622029
364,PD,NABP1,3.4444027,,0.000572322759724496,0.001973526757670676
365,PD,PRKCH,3.410049,,0.0006495121424475632,0.0022281720152575067
366,PD,NCKAP1L,3.4036553,,0.0006649058196084478,0.002269303138595385
367,PD,LRMDA,3.3962433,,0.0006831762209704579,0.0023276872946182553
368,PD,IL18,3.384032,,0.000714296739477542,0.0024295807465222518
369,PD,DNAH11,3.382592,,0.0007180521954348514,0.002438207794345845
370,PD,TMEM266,3.3715522,,0.0007474587736939707,0.0025294713153772275
371,PD,AKNA,3.3551342,,0.0007932646824244344,0.0026799482514339
372,PD,A2M,3.3263776,,0.0008798261182338152,0.0029474911833628653
373,PD,IL15,3.3246076,,0.0008854303541781422,0.0029613055323683686
374,PD,APOC1,3.3220344,,0.0008936366201347946,0.002983761669899147
375,PD,SGCZ,3.2979398,,0.0009739702316983229,0.0032465674389944095
376,PD,AL627171.2,3.2573512,,0.001124572488855382,0.0037361212254331633
377,PD,CD86,3.2499278,,0.0011543436648741416,0.0038286688718877004
378,PD,AKAP12,3.2318528,,0.0012299045739118852,0.004059091003009522
379,PD,AC109779.1,3.227411,,0.0012491592469788132,0.004115845953801691
380,PD,TNFAIP8,3.20901,,0.0013319291611352095,0.004381345924786874
381,PD,B3GNT5,3.204835,,0.0013513990134556197,0.0044324083917702435
382,PD,GSDMD,3.2047317,,0.0013518845594899243,0.0044324083917702435
383,PD,GNB4,3.1804574,,0.0014704282517674946,0.0047974820612316305
384,PD,KDM6B,3.151787,,0.0016227463279078229,0.0052772238305945456
385,PD,OTOGL,3.1443558,,0.0016645297790374271,0.005404317464407231
386,PD,CSF2RA,3.120025,,0.0018083578454348426,0.005861775836093493
387,PD,TYMP,3.117566,,0.0018235106028971224,0.0059013288119647974
388,PD,CPVL,3.1164923,,0.0018301641173683833,0.005913292786327571
389,PD,LINC01094,3.10503,,0.001902596217454567,0.006127524049773163
390,PD,AC243829.2,3.1045194,,0.0019058839884545395,0.006128244335866687
391,PD,IGFBP5,3.0692878,,0.0021456974882686167,0.006855263540794303
392,PD,CLEC7A,3.0651042,,0.002175941451014544,0.0069408020766014164
393,PD,RAB20,3.046842,,0.002312591766619313,0.007348987017364315
394,PD,B4GALT1,3.046538,,0.0023149309104697592,0.007348987017364315
395,PD,GAB3,3.0225773,,0.0025063212211200794,0.00793139626936734
396,PD,LYN,3.0144446,,0.0025745015255836706,0.008134286020801487
397,PD,OLR1,3.0067601,,0.0026404806107198954,0.00832959183192396
398,PD,IER2,2.9738271,,0.0029411066555553663,0.009219770080110866
399,PD,GPNMB,2.956224,,0.0031143084877303055,0.009732214024157205
400,PD,TFEC,2.9475937,,0.003202576931307004,0.009976875175411227
401,PD,ARHGAP9,2.9438872,,0.0032411808025825132,0.010081433289525701
402,PD,AC137770.1,2.931943,,0.003368486621804396,0.0104287511510972
403,PD,AL033504.1,2.930981,,0.003378934456845141,0.010444928769227637
404,PD,MYO1G,2.9239483,,0.0034562214407942203,0.010650913530952913
405,PD,IL1RAPL2,2.9192758,,0.003508457406783257,0.010795253559333097
406,PD,CKS2,2.9176168,,0.0035271740064127654,0.010836172062712028
407,PD,ZFP36L1,2.9148593,,0.003558488385133158,0.010913991828724146
408,PD,TAL1,2.9123747,,0.003586921085658763,0.010967278607388503
409,PD,ITGB2-AS1,2.8863537,,0.0038973389305068554,0.011846014986343025
410,PD,TRAF3IP3,2.8802903,,0.0039730933165231215,0.012057946332391871
411,PD,TM6SF1,2.8753722,,0.004035516570148845,0.012228838091360135
412,PD,HIF1A,2.8558426,,0.004292279357076651,0.012967611350684746
413,PD,CMTM7,2.8503711,,0.004366823458772882,0.013172921444262088
414,PD,PLTP,2.84126,,0.004493566823461091,0.013494194665048321
415,PD,SIGLEC9,2.8366678,,0.0045587031546584595,0.013669274826562097
416,PD,EGR4,2.8003514,,0.005104701745650604,0.01523791565865852
417,PD,RASGEF1C,2.7864175,,0.0053294173143203965,0.01585234191339979
418,PD,SERPINA1,2.78612,,0.0053343130538590295,0.01585234191339979
419,PD,STK10,2.7770362,,0.005485707404392043,0.01625394786486531
420,PD,CASP4,2.7736728,,0.005542737451403216,0.016398631513027263
421,PD,UTRN,2.764096,,0.005708074529427622,0.016862849422238174
422,PD,PELI1,2.7633002,,0.005722010434568801,0.01687908682763658
423,PD,AC060765.1,2.740066,,0.006142684981467074,0.018066720533726686
424,PD,AC007402.1,2.7282696,,0.006366756289869467,0.018698256357913265
425,PD,CTSZ,2.7274501,,0.006382590429892318,0.01871727398795401
426,PD,IL21R,2.715882,,0.00660994655720303,0.01930754513144751
427,PD,ANOS1,2.7157373,,0.006612834207520774,0.01930754513144751
428,PD,CXCR4,2.7057602,,0.006814822955434723,0.019868288499809688
429,PD,TTN,2.7005675,,0.006922126778843227,0.02015175190347373
430,PD,FLVCR2,2.6936343,,0.007067766536391394,0.020545832954626145
431,PD,AC112206.2,2.6898122,,0.007149223419254263,0.020752462755455045
432,PD,ANO2,2.6838799,,0.0072773234541052756,0.02109369117131964
433,PD,CYP1B1,2.6766348,,0.007436566373879408,0.02152407054668425
434,PD,NFKBID,2.6713643,,0.007554362353071805,0.021833417205409843
435,PD,NR4A3,2.6648252,,0.007702837561134217,0.022230411431844784
436,PD,UGCG,2.6369894,,0.008364543938863963,0.02410531394485292
437,PD,ARID5A,2.6299934,,0.008538653745049925,0.02457166545338108
438,PD,IL1B,2.616579,,0.008881578746714731,0.025485161396598944
439,PD,RASSF3,2.6144376,,0.008937448820623101,0.025583941098410085
440,PD,ROR1,2.6142795,,0.008941587413894324,0.025583941098410085
441,PD,TPRG1,2.6094446,,0.00906893535291784,0.025911243865479543
442,PD,EML4,2.602757,,0.009247749379394678,0.026384449013964847
443,PD,PIM1,2.5971088,,0.009401211167365463,0.026745977716544706
444,PD,FCGBP,2.5935302,,0.009499617757557373,0.026987550447606173
445,PD,THSD4,2.5895896,,0.00960904331159634,0.02725969733786196
446,PD,MIR503HG,2.5810282,,0.009850650537312794,0.027866055268211582
447,PD,LINC01088,2.5775366,,0.009950738087216639,0.02810942962490576
448,PD,CLEC2B,2.5731657,,0.010077294431912989,0.028426782600600817
449,PD,DEF6,2.5555289,,0.01060265489986917,0.029824627003851394
450,PD,MT1G,2.5510554,,0.010739727177605603,0.030167772970802257
451,PD,NR4A2,2.5457628,,0.010903927288677475,0.03058605130063808
452,PD,AL031777.3,2.518742,,0.011777489171072256,0.03285213157900211
453,PD,PLEK,2.514884,,0.01190715703116739,0.0331214381951805
454,PD,PPP1R15A,2.5061202,,0.012206407789420053,0.033859660997004305
455,PD,PTGS2,2.4970841,,0.01252192070828949,0.034686760964790835
456,PD,FGD3,2.486825,,0.012888882456143983,0.03565389337799166
457,PD,AC007091.1,2.475645,,0.013299573587675768,0.036688478862553844
458,PD,ITGAL,2.4429858,,0.014566314649298868,0.039962454456238326
459,PD,AC090403.1,2.4323862,,0.014999704879855642,0.0410950818626182
460,PD,HLA-DQB1,2.4214754,,0.015457650581593789,0.042291793656891355
461,PD,TMEM176B,2.4202323,,0.015510599137409327,0.04237868616778505
462,PD,GRIK1,2.4113357,,0.0158942161685488,0.04334282759500059
463,PD,LPCAT2,2.4110465,,0.015906817727365217,0.04334282759500059
464,PD,PALMD,2.387492,,0.016963772728539266,0.045786161210632295
465,PD,MS4A4E,2.3697488,,0.017800168131299785,0.047978889841778394
466,PD,KYNU,2.356528,,0.018446671424992688,0.04952126557045017
467,PD,NWD1,2.351881,,0.0186787537819591,0.049984471609690925
468,PD,TYROBP,2.3515735,,0.018694192382024407,0.049984471609690925
469,PD,LINC00578,2.3367765,,0.019450806717405872,0.05186881791308232
470,PD,TRPM1,2.3338375,,0.019604228438910683,0.05220833139523484
471,PD,RASAL3,2.3293557,,0.019840225268433678,0.05262659222396201
472,PD,LGALS9,2.324515,,0.02009790097966735,0.05316905021076018
473,PD,CFAP299,2.3196242,,0.02036121927840645,0.05379450271705799
474,PD,SAMD5,2.3181486,,0.020441244016527166,0.05393468078239358
475,PD,HIST1H2BG,2.3168876,,0.020509855854999988,0.054044415955204185
476,PD,CD93,2.2683485,,0.02330797090066866,0.06117577664217495
477,PD,RUBCNL,2.2628386,,0.023645637239467842,0.06198070049663917
478,PD,FCGR1B,2.2599034,,0.023827239908161435,0.06233472230133128
479,PD,OTULINL,2.2596493,,0.023843031280259216,0.06233472230133128
480,PD,SPHKAP,2.253086,,0.024253714282765414,0.06332562475917862
481,PD,LYVE1,2.2496505,,0.024471142817147986,0.06381002038369749
482,PD,CLEC2D,2.2295,,0.025780658090133884,0.06704982598214274
483,PD,MAF,2.2274463,,0.025917466425904822,0.0673180946127398
484,PD,HLA-DPA1,2.22633,,0.02599208755988464,0.06735617089780967
485,PD,STXBP2,2.2262194,,0.025999481966554532,0.06735617089780967
486,PD,TMEM156,2.222839,,0.026226652357143953,0.0678567978192599
487,PD,TLR10,2.1949043,,0.02817046916230019,0.07269798493496823
488,PD,VSIR,2.1593413,,0.030823703894586697,0.07934029316495932
489,PD,CPED1,2.1548195,,0.031175956552628493,0.08004096675899484
490,PD,ADARB2,2.1480803,,0.03170737814605186,0.08130096960526118
491,PD,TMEM51,2.1376324,,0.032546586443111584,0.08323935151690942
492,PD,SELL,2.1329799,,0.03292637453536181,0.08410312780424473
493,PD,SIRPB2,2.1090736,,0.03493823481534135,0.08890136085328587
494,PD,CD37,2.0865207,,0.03693147824167838,0.09373471634943752
495,PD,HLA-DPB1,2.070024,,0.038450092237668855,0.09746537956316566
496,PD,PKN2-AS1,2.0575619,,0.039632219617162824,0.10029899421662965
497,PD,OVCH1-AS1,2.0571868,,0.03966825221267703,0.10029899421662965
498,PD,TRIM38,2.0529795,,0.0400745714800306,0.10117112837671521
499,PD,MAFB,2.0525694,,0.040114352401367584,0.10117112837671521
500,PD,KLHL6,2.0335479,,0.04199719029524081,0.1056533089188448
501,PD,BCL6,2.0213733,,0.043241145382600266,0.10850977511317507
502,PD,BTNL9,2.019103,,0.04347650159185975,0.1089636631374931
503,PD,PGM5,2.0112298,,0.0443011835300344,0.11089157329170062
504,PD,FCER1G,2.0046856,,0.04499665366567357,0.11235119517022114
505,PD,EMCN,2.0029442,,0.04518326647407439,0.11267647499769175
506,PD,LINC01748,1.992589,,0.04630647119899284,0.11533367670982027
507,PD,SLC27A6,1.982186,,0.04745842842785899,0.11790913895120245
508,PD,ABI3,1.9711896,,0.04870218672583662,0.12069934752375866
509,PD,EPSTI1,1.9179409,,0.05511851241540023,0.13526015316662635
510,PD,NAMPT,1.9106764,,0.0560461861647663,0.13731440912026693
511,PD,THBD,1.9103129,,0.05609293612562904,0.13731440912026693
512,PD,AIF1,1.9096049,,0.05618409976782306,0.13736943708514196
513,PD,TSHZ2,1.9084879,,0.0563281833079908,0.13755356119167475
514,PD,DHRS3,1.9001907,,0.05740809406443659,0.13984919382323166
515,PD,CD69,1.8897133,,0.05879631165453975,0.142882895879805
516,PD,LY96,1.8848046,,0.05945622814675913,0.14431123336592022
517,PD,ENPEP,1.8829423,,0.059708178450842773,0.14474709927477036
518,PD,LSP1,1.8814553,,0.05991001795022878,0.14506057615067502
519,PD,SYTL4,1.8805897,,0.060027756865605186,0.14516990777655428
520,PD,CARD11,1.8761935,,0.06062870750823872,0.1464461534015428
521,PD,GADD45G,1.8680423,,0.06175617366960749,0.14894023496057449
522,PD,TMIGD3,1.8676548,,0.06181019750863841,0.14894023496057449
523,PD,S100Z,1.8544286,,0.063677855376741,0.15325596961911192
524,PD,MSC-AS1,1.8498166,,0.06433998963200875,0.15466343661540566
525,PD,ITGA4,1.8474091,,0.06468786549566156,0.155313002390544
526,PD,PRAM1,1.8371096,,0.06619372691786757,0.15873795423949058
527,PD,SPI1,1.8343688,,0.06659926799322752,0.15951920477419765
528,PD,KCNN3,1.8283205,,0.06750146195609637,0.16110134118400088
529,PD,HLA-C,1.8201373,,0.06873810927213587,0.16377125514533897
530,PD,DNAJB1,1.8180814,,0.06905169374229397,0.1640182749223135
531,PD,HLA-E,1.8042451,,0.07119288927929662,0.1687035290978593
532,PD,LILRB4,1.802405,,0.07148170116063764,0.16918745836837312
533,PD,ATP6V0D2,1.7950604,,0.07264407295378987,0.17173539705387678
534,PD,CASP1,1.7929945,,0.07297380723726765,0.17231123314585042
535,PD,GPR65,1.7881336,,0.07375445436081458,0.17394918481324195
536,PD,SASH3,1.7806925,,0.0749627070967038,0.17659059386738235
537,PD,SYNE2,1.772638,,0.07628872124771323,0.17929194182776317
538,PD,FGL2,1.7693447,,0.07683636755472759,0.18036705998762345
539,PD,AC019197.1,1.7348605,,0.08276550471195136,0.19315170294504402
540,PD,ALOX15B,1.717629,,0.08586430804804317,0.19991689883129957
541,PD,MS4A4A,1.7156863,,0.086219475545027,0.20051040824424884
542,PD,LINC01268,1.7124197,,0.08681933921940826,0.2016709389533293
543,PD,SLCO4A1,1.7098321,,0.08729693756715384,0.202545098763698
544,PD,SLC2A1,1.706037,,0.08800118154339767,0.20394248329871997
545,PD,LST1,1.7003757,,0.08906028473781939,0.20615806652273008
546,PD,CYTIP,1.6951728,,0.09004265697230103,0.2077508391823872
547,PD,RGS2,1.6751844,,0.09389805697801673,0.2161059999494056
548,PD,PSTPIP2,1.6742738,,0.09407679882539002,0.21626850304687362
549,PD,CIITA,1.6625553,,0.09640146905953298,0.22110428683379124
550,PD,PRKCD,1.655445,,0.09783425755859564,0.22387701958488704
551,PD,ITGAX,1.6539491,,0.09813784861408108,0.22431508254647103
552,PD,UNC93B1,1.6511391,,0.09871016622878809,0.2251087029162784
553,PD,FGR,1.61358,,0.10661855193865409,0.24259056186269418
554,PD,ADM,1.6099421,,0.1074105067197513,0.24411478799943478
555,PD,FSTL5,1.6027294,,0.1089943984717402,0.24743336769975072
556,PD,TNFAIP3,1.5964577,,0.11038662704066865,0.24989366212805766
557,PD,THSD7A,1.5961603,,0.11045299866060149,0.24989366212805766
558,PD,S100A8,1.594408,,0.11084467363696308,0.25049643759765666
559,PD,AC009975.1,1.5932813,,0.11109710129854883,0.25078352437595675
560,PD,BIN2,1.5834136,,0.1133272224294543,0.25524149195823037
561,PD,LINC01830,1.5813172,,0.11380554302990614,0.2560304680087877
562,PD,MERTK,1.5797771,,0.11415790643465248,0.2562467035570202
563,PD,S100A9,1.566571,,0.11721499206564175,0.2622259330327556
564,PD,BST2,1.5620644,,0.11827280730841387,0.2640018020277095
565,PD,NCF1,1.5601876,,0.11871556458523103,0.264694681349456
566,PD,TMOD3,1.5574065,,0.11937398754644647,0.2657112186337482
567,PD,GPR183,1.5571402,,0.11943719277586982,0.2657112186337482
568,PD,HLA-DMB,1.552748,,0.12048336738968266,0.267740816421517
569,PD,DLEU7-AS1,1.5443393,,0.1225061501087084,0.27193374052987435
570,PD,PLAC8,1.5346515,,0.12486944270323759,0.27625982898946366
571,PD,GCNT2,1.5150932,,0.12974879552830923,0.2857902985205049
572,PD,SYTL3,1.5141345,,0.1299917135762051,0.2860103709047417
573,PD,NCF4,1.4996601,,0.13370246209604983,0.29320715371940753
574,PD,AC008591.1,1.4928049,,0.1354882748915661,0.2964619675419583
575,PD,HMOX1,1.4922587,,0.13563135015044592,0.2964619675419583
576,PD,CYR61,1.4598968,,0.14431845144357858,0.314419284190803
577,PD,IKBKE,1.4450675,,0.14843893402620922,0.32269333483958523
578,PD,FSHR,1.4430205,,0.1490147214599432,0.3235933147881503
579,PD,SAMD3,1.4282575,,0.15321774935131213,0.33199945688258314
580,PD,ZFP36,1.4178625,,0.15623090471258091,0.3381621314125128
581,PD,EBI3,1.4158494,,0.15681959570816031,0.339069396125752
582,PD,S100A11,1.4080365,,0.1591202812952257,0.3433015777674772
583,PD,FAM177B,1.4041052,,0.16028751466791946,0.34544722988775745
584,PD,LINC01446,1.4031925,,0.16055942931146805,0.3456607735446029
585,PD,C12orf75,1.4002302,,0.16144441734645,0.3469244045324421
586,PD,PDGFB,1.3951955,,0.16295690631365545,0.34969293200355245
587,PD,HLA-DQA1,1.3728338,,0.1698040121158606,0.3632171382157446
588,PD,AC004687.1,1.367807,,0.1713725018848936,0.36618055958310597
589,PD,FGF10,1.3619941,,0.17319973928967858,0.3692958193809778
590,PD,MNDA,1.357723,,0.17455160967526961,0.370991731509606
591,PD,PTGS1,1.3563147,,0.17499908479525572,0.3713458508109201
592,PD,PRELP,1.3560302,,0.17508956865734882,0.3713458508109201
593,PD,GPRIN3,1.3498186,,0.1770741817100273,0.3747601729312747
594,PD,RREB1,1.348304,,0.17756062994120292,0.3753924523069829
595,PD,DENND2D,1.345684,,0.17840444367037833,0.3763806828488995
596,PD,SIGLEC10,1.3413022,,0.1798223575724177,0.3787709024615323
597,PD,MILR1,1.3410132,,0.17991617866922782,0.3787709024615323
598,PD,IKZF3,1.3379961,,0.18089768238986603,0.38043676632989704
599,PD,ACTA2,1.3218188,,0.18622847927650166,0.3893470884381547
600,PD,FRMD3,1.3215964,,0.18630258181765702,0.3893470884381547
601,PD,AL162414.1,1.3180616,,0.18748301343113827,0.391405038478368
602,PD,CEACAM21,1.3024639,,0.19275784973235954,0.40074397033754583
603,PD,IER3,1.2895135,,0.19721965445746048,0.4091235681299569
604,PD,AC103591.3,1.2870089,,0.19809119763037764,0.4101267031684837
605,PD,RUNX3,1.2833642,,0.19936450387083315,0.4119101319645313
606,PD,ARHGAP30,1.2741662,,0.20260453100511744,0.4173110834296961
607,PD,BCL2A1,1.2715634,,0.20352829871546818,0.41799932493785746
608,PD,CCR1,1.2571638,,0.2086943560267419,0.42765236890725805
609,PD,ATF3,1.2539649,,0.20985475398077624,0.42959007979688074
610,PD,CX3CR1,1.2533194,,0.2100895167287884,0.4296309135558045
611,PD,LINC01470,1.2506646,,0.21105685849501754,0.43116825024518396
612,PD,HIST1H2BJ,1.2429999,,0.21386787679685826,0.43626427212635455
613,PD,AC084871.2,1.2405744,,0.21476304581271177,0.43739927864096084
614,PD,RHOH,1.2235656,,0.2211161546109055,0.44896681139270156
615,PD,SLC7A1,1.2165859,,0.22376180754668007,0.4520440556498587
616,PD,XACT,1.2061644,,0.22775411024284253,0.45918167387669867
617,PD,ARHGDIB,1.1975306,,0.23109977959379602,0.46545776353231827
618,PD,TC2N,1.1861221,,0.23557409731856727,0.47351577350465784
619,PD,MX2,1.1837019,,0.2365311105482958,0.4744856781309845
620,PD,ACPP,1.161514,,0.24543292975584752,0.4903754840276674
621,PD,CD84,1.1577404,,0.24696999496782546,0.4929540817721067
622,PD,SNTG2,1.1544477,,0.2483166558953449,0.4951478681861315
623,PD,BANK1,1.1466044,,0.2515451530208168,0.5007498645949188
624,PD,ETV6,1.1375182,,0.25532173690655324,0.5070938170934524
625,PD,LINC01736,1.1265482,,0.2599335690076967,0.5147199386291024
626,PD,SVIL,1.1196227,,0.26287458873929304,0.5195149975084843
627,PD,NPNT,1.1101164,,0.2669489013090327,0.5260076873084388
628,PD,BHLHE41,1.108717,,0.267552301742212,0.526677759335063
629,PD,MYO16,1.1073188,,0.268156144350141,0.5273473831861181
630,PD,CPA6,1.105513,,0.2689373582796172,0.5283641616495426
631,PD,NEFM,1.0992447,,0.27166131664091453,0.5327537503460095
632,PD,EGR1,1.0921625,,0.2747616973654208,0.5377704209628336
633,PD,MECOM,1.0920738,,0.27480068511200795,0.5377704209628336
634,PD,ITGA8,1.0871185,,0.27698446524356546,0.5409852836788388
635,PD,AC008691.1,1.0824611,,0.2790476721151409,0.5438352118596363
636,PD,NFATC1,1.0769993,,0.28148056902654384,0.5476275661995016
637,PD,DAPP1,1.0763141,,0.2817868309242698,0.5476906334776868
638,PD,ZNF710,1.0694535,,0.2848654050534959,0.5531367088417396
639,PD,AC073332.1,1.0631926,,0.28769460930112145,0.5575476924440338
640,PD,IRF5,1.0600188,,0.28913604079187727,0.5592573322860295
641,PD,PIK3CG,1.0512702,,0.29313448973556,0.5664434584262029
642,PD,ATF5,1.0353554,,0.3005029529761821,0.5795621079579212
643,PD,PRDM6,1.0309105,,0.3025828110121156,0.5826011274152445
644,PD,HIST1H2BF,1.0307431,-5.252409,0.3026612856922195,0.5826011274152445
645,PD,GPSM3,1.0300804,,0.30297227506191515,0.582638990503683
646,PD,HSPB3,1.027755,,0.3040651033680003,0.5841788729452456
647,PD,LINC02513,1.0158448,-4.8805137,0.3097032965154648,0.593877319126813
648,PD,CLECL1,1.015837,,0.30970702192463295,0.593877319126813
649,PD,EYS,1.011632,,0.31171403290791777,0.5968788268290446
650,PD,BATF,0.980521,,0.32682898396855664,0.624912015236246
651,PD,LINC01480,0.9795557,,0.32730547796892007,0.6252253638374787
652,PD,PLA2G7,0.9774533,,0.32834477779097104,0.6266121713568149
653,PD,C3AR1,0.96978134,,0.33215550754988954,0.6314743489541625
654,PD,LAMA3,0.9658713,,0.3341085883398478,0.634584213371031
655,PD,CCL4,0.964627,-4.6208525,0.3347316555301013,0.6346560723749427
656,PD,CXorf21,0.9630207,,0.3355371512397124,0.6354870288630916
657,PD,GIMAP4,0.9529298,,0.34062565268712464,0.6432967944988189
658,PD,RAC2,0.939426,,0.34751205375013594,0.6545678044992791
659,PD,LINC02391,0.93602633,,0.34925962531512533,0.657120649699201
660,PD,AP001636.3,0.93338996,,0.35061866146995624,0.659057634342023
661,PD,SIGLEC8,0.9268134,,0.354023418447157,0.663586538795046
662,PD,PRDM1,0.9239281,,0.35552376829730814,0.6657748469987044
663,PD,FRRS1,0.91944724,,0.3578616935010811,0.6689003616842637
664,PD,AC012150.1,0.9179061,,0.35866801871053566,0.6697815475453515
665,PD,AC128685.1,0.91249025,,0.3615106878169263,0.6744602384644147
666,PD,MAML3,0.90081763,,0.36768529333740696,0.6853407145152041
667,PD,PODXL,0.8996037,-0.5918272,0.3683311881071165,0.6856815206393287
668,PD,TGFBI,0.8991567,-2.026882,0.3685691989062362,0.6856815206393287
669,PD,DUSP2,0.8958503,,0.37033271823282254,0.6877116401723724
670,PD,ABCB1,0.8921885,-3.9854562,0.3722919124221905,0.6907085573695556
671,PD,CLIC1,0.8853857,,0.3759486554415866,0.6968464419677232
672,PD,CLEC1A,0.8771934,-4.421336,0.38038159005570193,0.7037587235073116
673,PD,ALOX5AP,0.87195635,,0.38323219919338924,0.7077233595445785
674,PD,AC138305.1,0.86921483,,0.3847296346915575,0.7091790501226867
675,PD,CCL4L2,0.86847365,-2.2358625,0.38513508733380564,0.7092727206884081
676,PD,ARHGAP24,0.8657253,,0.38664082804342104,0.7113906679731758
677,PD,HIST1H1D,0.8635359,,0.38784288689409674,0.7122918032949436
678,PD,STOM,0.85372335,,0.3932582879317461,0.7209134517538884
679,PD,SLC7A7,0.85269374,,0.39382917253077254,0.721018444249976
680,PD,ENG,0.85220516,,0.39410024577297087,0.721018444249976
681,PD,RGS10,0.8512621,,0.3946237649181369,0.721018444249976
682,PD,CH25H,0.8510212,,0.39475759822686185,0.721018444249976
683,PD,CALCRL,0.84139043,,0.400129246436532,0.7294972587721642
684,PD,WAS,0.83223474,,0.4052764613835256,0.7361970234033163
685,PD,CD48,0.82805055,-2.8969243,0.40764186603079,0.7398218984224864
686,PD,KLF2,0.8240196,,0.40992843013880254,0.7432972441320083
687,PD,SLFN12L,0.82210016,-4.0317974,0.4110198982957236,0.7446012650284848
688,PD,LINC01146,0.8212634,,0.4114962533238009,0.7447895987761103
689,PD,PTGDR,0.8173484,-2.6548555,0.4137293481628307,0.7481543366416468
690,PD,LTBP1,0.8003855,,0.42348750555136905,0.762353745367001
691,PD,IL4I1,0.7976522,,0.42507237369293915,0.7643060545503263
692,PD,DHRS9,0.7893491,,0.4299080203654019,0.769862921528059
693,PD,CHRNA7,0.7842572,,0.4328892324838297,0.7723269089809629
694,PD,KIT,0.7828433,,0.43371914154935787,0.7731178993749693
695,PD,ZNF385D,0.78070486,,0.43497610969578215,0.7739788428750571
696,PD,AC092957.1,0.76649314,-3.0317838,0.44338294475193674,0.7875363139466017
697,PD,MGP,0.7657285,-2.3961673,0.44383788029216675,0.7876448629852116
698,PD,TLR7,0.7570579,,0.4490151543578934,0.7961261602090309
699,PD,ACER2,0.7539984,,0.45085017909154523,0.7979649187460979
700,PD,IGKC,0.7526361,-2.7751973,0.451668648178445,0.798706716495924
701,PD,GIMAP8,0.7447933,,0.45639668514913845,0.8049324253071225
702,PD,AC090833.1,0.7439096,,0.4569311604088139,0.805165040367954
703,PD,TNFSF10,0.7390058,,0.4599034643274398,0.8087575539498455
704,PD,KCNMB1,0.738716,,0.46007945319726107,0.8087575539498455
705,PD,TNFRSF10B,0.73363173,,0.4631732022541979,0.8132979846430165
706,PD,TNFRSF10A,0.73103106,,0.4647601875579005,0.8146541412057853
707,PD,CARTPT,0.72972786,-2.1611211,0.465556562604738,0.8153354861729213
708,PD,DCN,0.727195,-4.0387444,0.4671064785717288,0.8165344912450121
709,PD,PYHIN1,0.72071654,-2.4044325,0.4710839194331101,0.820703692392178
710,PD,SLC15A3,0.7172717,,0.47320649002777715,0.8215390451871132
711,PD,PLCH1,0.7034644,,0.48176639411791655,0.8327854695210312
712,PD,HLA-B,0.7017758,,0.4828189947279432,0.8338842741415254
713,PD,COL11A1,0.697849,,0.4852716407627967,0.8373971367779063
714,PD,TFRC,0.6950222,,0.48704138442359435,0.8397265248682662
715,PD,LINC02388,0.69133633,-2.4017558,0.48935419332701746,0.8429874131387036
716,PD,PTGER4,0.68997246,-2.9915721,0.49021150107356026,0.8437375233624101
717,PD,RGS18,0.68647224,,0.49241536419204956,0.8460101234769202
718,PD,STX11,0.6843653,-2.7960668,0.49374453958356423,0.8465607935289177
719,PD,DTHD1,0.684011,,0.49396822302412347,0.8465607935289177
720,PD,AC012409.2,0.6726041,-1.7811751,0.5011991890259972,0.8567507504717902
721,PD,CFH,0.6669481,-2.118917,0.5048053046334195,0.8614424993744362
722,PD,C5AR2,0.66343164,,0.5070541574206731,0.8645424678954357
723,PD,HIST1H2BH,0.6626521,-1.9002123,0.5075533941988652,0.8646565488907415
724,PD,TAGAP,0.6501795,-3.6009138,0.5155762701237578,0.8768303913669352
725,PD,GNA13,0.6478404,,0.5170882007435006,0.8779086600059434
726,PD,CLEC19A,0.6454886,-3.5660806,0.5186105814103931,0.8797465333509636
727,PD,DUSP5,0.6360353,,0.5247533974347189,0.887157053989381
728,PD,AL645608.8,0.63113856,-2.1042287,0.527949909666626,0.8918072798422737
729,PD,NXN,0.6293439,,0.5291239170042548,0.8922831652685578
730,PD,CYYR1,0.6224627,-2.9275916,0.5336376569706637,0.8987667793459684
731,PD,LINC01931,0.61709476,,0.5371722311823619,0.9012956899032918
732,PD,ID3,0.6156076,,0.5381535175333938,0.902185276669562
733,PD,STK32A,0.6146318,,0.5387979161534171,0.9025090722837807
734,PD,TMEM71,0.60994494,-3.1690512,0.5418983001628881,0.9069427617788921
735,PD,CD2,0.607361,-1.7122543,0.5436113670124685,0.9090491087165025
736,PD,SINHCAF,0.6066427,,0.5440880484797024,0.9090861294564785
737,PD,PRF1,0.6042061,-1.7367076,0.5457066406685545,0.9110294501979207
738,PD,MT1H,0.5981328,-2.005214,0.5497513211370544,0.9170163822136019
739,PD,LINC02381,0.5972581,-2.28705,0.5503350849226385,0.9172251415377308
740,PD,CD4,0.5893377,,0.5556347678492186,0.9245170846076849
741,PD,NXPH1,0.58614784,,0.557776158660907,0.9271224574530915
742,PD,MORC1,0.58562475,-2.1583085,0.5581277193867611,0.9271224574530915
743,PD,PECAM1,0.57788503,,0.5633417552419642,0.9334577551648121
744,PD,LINC01591,0.563563,-2.0021565,0.5730515641604668,0.9465747381537483
745,PD,RXFP1,0.5630046,,0.5734317499057012,0.9465747381537483
746,PD,LMO2,0.55710936,,0.5774527338397621,0.9497019235374783
747,PD,CD36,0.5537959,,0.5797185528853381,0.950602117620906
748,PD,ADGRV1,0.55357856,,0.5798672917487526,0.950602117620906
749,PD,CFAP47,0.5523788,,0.580688876904724,0.9511693315392694
750,PD,CLEC17A,0.5508306,-1.7611667,0.5817498126048459,0.9521273528720883
751,PD,KANK3,0.5479632,-2.0604284,0.5837171882213397,0.9545661295524769
752,PD,RGS5,0.54335356,0.86882854,0.586886390736955,0.9589646907466586
753,PD,CLEC9A,0.54046917,-1.9767596,0.5888735160017438,0.9614261485742754
754,PD,ANXA1,0.5329238,-1.6370318,0.594086296596123,0.9683558216725721
755,PD,TXK,0.52669436,-1.5718405,0.5984058746299417,0.9738216882910897
756,PD,AC007100.1,0.51811403,-2.1348865,0.6043787142942276,0.9815893722661135
757,PD,AL390957.1,0.51771224,,0.604659053315926,0.9815893722661135
758,PD,KCNE4,0.51666886,-5.280144,0.6053873284992655,0.9819745798852643
759,PD,KCNQ1,0.51216877,,0.6085328984837535,0.9850675836660591
760,PD,ADAMTSL2,0.5099487,,0.6100874234344056,0.9863984210742207
761,PD,S100A4,0.50898904,-1.4750981,0.6107598997942341,0.9866880449018322
762,PD,HPGDS,0.5078125,,0.6115848335094858,0.9872232986432377
763,PD,AC018742.1,0.5031966,-1.2662172,0.6148260505605732,0.9908558429662742
764,PD,FAM149A,0.5010515,,0.6163348906673585,0.9921580446418233
765,PD,COL8A1,0.49984613,-2.6082716,0.6171834197951593,0.9921580446418233
766,PD,FPR3,0.49852443,-1.5060031,0.6181144618118559,0.9921580446418233
767,PD,CD7,0.4911987,-1.3634245,0.6232859305387554,0.995037378331944
768,PD,NKG7,0.4899525,-1.4317187,0.6241675029814049,0.995037378331944
769,PD,NALCN-AS1,0.48796764,,0.6255727600132579,0.9961349681739775
770,PD,HLA-DOA,0.48270097,-1.4416914,0.6293080615230029,0.9997127610330623
771,PD,ARRDC5,0.48130926,-1.4227595,0.6302967219411926,0.9997127610330623
772,PD,ODF3B,0.47349188,-1.5734352,0.6358622946758437,0.9997127610330623
773,PD,AC024084.1,0.47021964,-1.8342646,0.6381981111435822,0.9997127610330623
774,PD,LINC00861,0.46732855,-1.3428214,0.6402648266990301,0.9997127610330623
775,PD,ESAM,0.46657917,-1.3734006,0.640800987263356,0.9997127610330623
776,PD,IFI27,0.46309745,-1.8737609,0.6432945146695772,0.9997127610330623
777,PD,IL7R,0.45844626,-1.4360483,0.6466318678983363,0.9997127610330623
778,PD,TNFSF8,0.43527058,-1.6979536,0.663366046675506,0.9997127610330623
779,PD,CMKLR1,0.43510193,,0.6634884515889736,0.9997127610330623
780,PD,EGFL7,0.43377867,,0.664449170872295,0.9997127610330623
781,PD,SP140,0.431918,,0.6658010113145668,0.9997127610330623
782,PD,LINC02432,0.43005523,-1.4286609,0.6671554651318965,0.9997127610330623
783,PD,IGLC3,0.42619044,-1.8013562,0.6699690957224727,0.9997127610330623
784,PD,CCL3,0.4260296,-1.3680732,0.6700862806272656,0.9997127610330623
785,PD,AC006305.1,0.4232902,-1.7323117,0.6720835474089006,0.9997127610330623
786,PD,SLAMF6,0.42103976,-1.1574974,0.6737260477288948,0.9997127610330623
787,PD,RHCG,0.41738272,,0.6763984983421296,0.9997127610330623
788,PD,ZAP70,0.4155829,-1.6579213,0.6777152424343245,0.9997127610330623
789,PD,ABI3BP,0.4146122,,0.6784258057550063,0.9997127610330623
790,PD,SUSD3,0.41080597,-2.3400736,0.6812148120100227,0.9997127610330623
791,PD,PLAUR,0.39484176,,0.6929596826677116,0.9997127610330623
792,PD,AC078845.1,0.39265504,-3.0564737,0.6945742857111867,0.9997127610330623
793,PD,LINC01091,0.3922901,-0.83004755,0.694843897092798,0.9997127610330623
794,PD,HIST1H3H,0.38862348,-1.1683385,0.6975546912338986,0.9997127610330623
795,PD,LILRA2,0.38836843,-1.7101225,0.6977434160598022,0.9997127610330623
796,PD,GPR174,0.3872209,-1.15652,0.6985926971554131,0.9997127610330623
797,PD,APLNR,0.38369814,-1.2449428,0.7012021957046659,0.9997127610330623
798,PD,FCAR,0.37540075,-1.0658573,0.707362441322325,0.9997127610330623
799,PD,PLVAP,0.37248316,-1.8253423,0.7095331410901339,0.9997127610330623
800,PD,PARP15,0.37063587,-1.3175681,0.7109087746502845,0.9997127610330623
801,PD,CD96,0.36655185,,0.7139533384582746,0.9997127610330623
802,PD,AC079380.1,0.36645797,-1.0356196,0.7140233658710016,0.9997127610330623
803,PD,FCGR2B,0.364028,-1.0451732,0.7158370871501905,0.9997127610330623
804,PD,PENK,0.36234134,-0.84101003,0.7170969707269312,0.9997127610330623
805,PD,ITPR3,0.36015502,-1.254624,0.7187312197735547,0.9997127610330623
806,PD,U62317.5,0.35971773,-1.0588121,0.7190582242818002,0.9997127610330623
807,PD,AC090531.1,0.35836816,-2.4807007,0.7200678110295059,0.9997127610330623
808,PD,ST8SIA6,0.3558974,-6.8922343,0.7219174155745173,0.9997127610330623
809,PD,GIMAP7,0.34262562,-1.0148735,0.7318801211821675,0.9997127610330623
810,PD,TBC1D10C,0.34239992,-1.1515039,0.7320499383445572,0.9997127610330623
811,PD,VWF,0.3413701,0.5243366,0.7328249763395713,0.9997127610330623
812,PD,ATP2A3,0.3353224,-1.331879,0.7373818975422112,0.9997127610330623
813,PD,HBB,0.33526823,-1.0431763,0.737422764985911,0.9997127610330623
814,PD,SLC16A12,0.3346024,-0.9165514,0.737925034648026,0.9997127610330623
815,PD,MYRFL,0.33369926,,0.7386065156377655,0.9997127610330623
816,PD,CA1,0.3315047,-0.9469716,0.7402632801908302,0.9997127610330623
817,PD,GBP5,0.32979876,-1.0454143,0.7415520200222783,0.9997127610330623
818,PD,TRGC2,0.32785663,-0.89566153,0.7430200656718716,0.9997127610330623
819,PD,ZNF804B,0.3268184,,0.7438052338510435,0.9997127610330623
820,PD,ZC3HAV1,0.32086343,,0.7483138934491946,0.9997127610330623
821,PD,GCH1,0.31934083,,0.7494680870627868,0.9997127610330623
822,PD,BMP5,0.31416097,-0.9170109,0.753398790072604,0.9997127610330623
823,PD,MEP1A,0.30772978,-0.88626015,0.7582879497419003,0.9997127610330623
824,PD,SLAMF7,0.30475554,-0.9336429,0.7605523457200978,0.9997127610330623
825,PD,IL1A,0.3039573,-0.8999036,0.7611604081433762,0.9997127610330623
826,PD,MLKL,0.30340368,,0.7615822436664664,0.9997127610330623
827,PD,CST7,0.30205485,-0.8828635,0.7626102372115378,0.9997127610330623
828,PD,IL18RAP,0.2891204,-0.8888323,0.7724892372060174,0.9997127610330623
829,PD,CD3E,0.28730533,-0.85821354,0.7738785398494117,0.9997127610330623
830,PD,TENM1,0.28448486,,0.7760388422059795,0.9997127610330623
831,PD,CCL5,0.28018126,-0.73703074,0.7793384515056285,0.9997127610330623
832,PD,CCL3L1,0.2794666,-0.75475204,0.7798867742884592,0.9997127610330623
833,PD,CTGF,0.27711675,-1.545666,0.7816904525606838,0.9997127610330623
834,PD,CCL8,0.2712566,-0.94392866,0.7861936907712799,0.9997127610330623
835,PD,ITGBL1,0.26656494,-0.6515241,0.7898041494368645,0.9997127610330623
836,PD,ICAM2,0.26525372,-0.7004128,0.790814015511109,0.9997127610330623
837,PD,AC025569.1,0.2603833,,0.7945681146170329,0.9997127610330623
838,PD,GZMA,0.25912836,-0.82292837,0.7955362001082873,0.9997127610330623
839,PD,GZMB,0.25838432,-0.8246782,0.7961103126084923,0.9997127610330623
840,PD,MCOLN2,0.2570359,-0.4361654,0.7971510622014959,0.9997127610330623
841,PD,CLMP,0.25527003,,0.7985145359627943,0.9997127610330623
842,PD,CXCL16,0.2550615,,0.7986755831936473,0.9997127610330623
843,PD,LILRB2,0.25435582,-0.66509473,0.7992206729659548,0.9997127610330623
844,PD,FCMR,0.25318044,-0.7764449,0.8001287835662034,0.9997127610330623
845,PD,ITIH5,0.25051296,-0.4582882,0.8021906840320588,0.9997127610330623
846,PD,LINC02506,0.24924313,-0.64936924,0.803172717494543,0.9997127610330623
847,PD,CTSW,0.24726112,-0.80000436,0.80470614253772,0.9997127610330623
848,PD,ADGRG5,0.24715391,-1.0139456,0.8047891156871325,0.9997127610330623
849,PD,MIR646HG,0.23996247,,0.8103593444237708,0.9997127610330623
850,PD,IFI44L,0.23939796,,0.8107970096606278,0.9997127610330623
851,PD,AC092343.1,0.23723757,-0.39637288,0.8124724859673277,0.9997127610330623
852,PD,PTGER2,0.23664215,-0.70133084,0.81293441416433,0.9997127610330623
853,PD,GPR17,0.23607859,,0.8133716852431557,0.9997127610330623
854,PD,LINC00499,0.2337715,,0.8151623781752345,0.9997127610330623
855,PD,NEFL,0.23328291,,0.8155417271587028,0.9997127610330623
856,PD,MAFF,0.23259991,,0.816072088310092,0.9997127610330623
857,PD,KLRF1,0.2321739,-0.70852965,0.8164029400595493,0.9997127610330623
858,PD,JAML,0.23205982,-0.7011967,0.8164915481011221,0.9997127610330623
859,PD,VCAM1,0.23159853,-0.7211644,0.8168498566999757,0.9997127610330623
860,PD,CXCL1,0.23121734,-0.69777906,0.8171459569622721,0.9997127610330623
861,PD,TRBC1,0.22843349,-0.7586768,0.8193092556981428,0.9997127610330623
862,PD,TFPI,0.2283152,-0.4871165,0.819401202763853,0.9997127610330623
863,PD,AGMO,0.22805098,,0.8196066096118744,0.9997127610330623
864,PD,CXCL8,0.22709651,-0.7222618,0.8203486985168778,0.9997127610330623
865,PD,KLF6,0.22516525,,0.8218507221848091,0.9997127610330623
866,PD,P2RY8,0.22398967,-1.0795274,0.8227653434758687,0.9997127610330623
867,PD,LY9,0.22298521,-0.6870241,0.8235470145647252,0.9997127610330623
868,PD,STC1,0.22291538,-0.55855227,0.8236013594715114,0.9997127610330623
869,PD,AL136987.1,0.2218497,-0.7177276,0.8244308923016388,0.9997127610330623
870,PD,COL1A2,0.21768917,-0.6286137,0.8276712958332751,0.9997127610330623
871,PD,FCRL3,0.21629305,-0.7007901,0.8287593222190667,0.9997127610330623
872,PD,C7,0.2124313,-0.5074498,0.8317705698024394,0.9997127610330623
873,PD,LINC00278,0.21069807,,0.8331228818528622,0.9997127610330623
874,PD,GRAP,0.21046971,-0.5831395,0.8333010935047873,0.9997127610330623
875,PD,IQGAP2,0.20940554,,0.834131669643883,0.9997127610330623
876,PD,NCR1,0.2086447,-0.6981005,0.8347256049134797,0.9997127610330623
877,PD,HOTAIRM1,0.2074096,-0.61934644,0.8356899823093789,0.9997127610330623
878,PD,PDCD1,0.2072543,-0.6521151,0.8358112545666043,0.9997127610330623
879,PD,SH2D2A,0.20667759,-0.5905586,0.8362616646718912,0.9997127610330623
880,PD,HLA-DRB5,0.2063731,-1.9175518,0.8364994814170533,0.9997127610330623
881,PD,LINC01426,0.19988756,-0.5541272,0.841568523150746,0.9997127610330623
882,PD,GRAP2,0.19887586,-1.2681184,0.8423598589377312,0.9997127610330623
883,PD,EOMES,0.19781607,-0.6548916,0.8431889699685033,0.9997127610330623
884,PD,OSM,0.19625397,-0.62781686,0.8444113858763465,0.9997127610330623
885,PD,AP001267.2,0.1921816,-0.6139259,0.8475999618463789,0.9997127610330623
886,PD,CASP10,0.18992506,-3.3336952,0.8493678570593421,0.9997127610330623
887,PD,CLDN5,0.18961924,-0.21246871,0.8496075111028039,0.9997127610330623
888,PD,LINC01141,0.18839024,,0.8505707523115085,0.9997127610330623
889,PD,LCP1,0.1883788,,0.8505797248728681,0.9997127610330623
890,PD,AC079015.1,0.18679589,-4.340861,0.8518206663911495,0.9997127610330623
891,PD,MSR1,0.1856804,,0.8526953940551176,0.9997127610330623
892,PD,P2RY12,0.18488753,,0.8533172535878248,0.9997127610330623
893,PD,GZMH,0.18457636,-0.6007489,0.8535613239700608,0.9997127610330623
894,PD,ANO9,0.18445522,-0.57187134,0.8536563520990191,0.9997127610330623
895,PD,FOXC1,0.18432817,-0.48022565,0.8537560216779896,0.9997127610330623
896,PD,AC004704.1,0.18394412,-0.46354485,0.8540572894095425,0.9997127610330623
897,PD,IGHGP,0.18385789,-0.9101775,0.8541249391401287,0.9997127610330623
898,PD,VNN2,0.18331341,-0.5189698,0.8545521150621264,0.9997127610330623
899,PD,CD3G,0.1818093,-0.62887114,0.8557323835644413,0.9997127610330623
900,PD,LAMA4,0.18179251,,0.8557455593670579,0.9997127610330623
901,PD,GRIN3A,0.17335491,,0.8623724609385364,0.9997127610330623
902,PD,LINC01907,0.17041177,-0.4979556,0.8646863227596394,0.9997127610330623
903,PD,GZMK,0.16749054,-0.6408715,0.8669840838867366,0.9997127610330623
904,PD,AC087672.2,0.16649202,-3.2495716,0.8677697712699921,0.9997127610330623
905,PD,NUGGC,0.1639741,-0.5014751,0.8697515306929084,0.9997127610330623
906,PD,XIRP1,0.16332106,-0.61916316,0.8702656489639586,0.9997127610330623
907,PD,CXCL2,0.1623893,-0.53353417,0.8709992973515224,0.9997127610330623
908,PD,LCK,0.16208996,-0.5162183,0.8712350077397478,0.9997127610330623
909,PD,ITGA5,0.16177155,,0.8714857536500626,0.9997127610330623
910,PD,IL6,0.15986834,-0.52546656,0.8729847885732772,0.9997127610330623
911,PD,SLC6A20,0.1591262,-0.7947707,0.8735694399351377,0.9997127610330623
912,PD,UBASH3A,0.1584974,-0.5212648,0.8740648695343463,0.9997127610330623
913,PD,AC147651.3,0.1581601,-0.53593045,0.8743306421792465,0.9997127610330623
914,PD,TENT5C,0.15631717,-0.6776733,0.8757830205939227,0.9997127610330623
915,PD,NPY,0.15319546,-0.4033858,0.8782441454821839,0.9997127610330623
916,PD,LINC02172,0.1511873,-0.47911558,0.8798279630230532,0.9997127610330623
917,PD,ICOS,0.15044841,-0.53028584,0.8804108437768154,0.9997127610330623
918,PD,EGR3,0.14865395,,0.8818267019883604,0.9997127610330623
919,PD,TDRD10,0.14698692,-1.6234763,0.8831423466205521,0.9997127610330623
920,PD,PMAIP1,0.14664122,-0.47787738,0.8834152124695863,0.9997127610330623
921,PD,AL021807.1,0.14628829,-0.52044463,0.8836938149414734,0.9997127610330623
922,PD,PARVB,0.14089324,,0.8879542876644491,0.9997127610330623
923,PD,HOXB3,0.14036383,-0.4614988,0.888372541623828,0.9997127610330623
924,PD,GFI1,0.13897933,-0.4772321,0.8894664788804696,0.9997127610330623
925,PD,GADL1,0.13864814,-0.49997813,0.8897281988848401,0.9997127610330623
926,PD,HTR2C,0.1365385,,0.8913955879812476,0.9997127610330623
927,PD,ZBP1,0.1355951,-0.39135244,0.8921413795057276,0.9997127610330623
928,PD,SLFN13,0.13381094,-0.37009755,0.8935520831603111,0.9997127610330623
929,PD,MMP19,0.13340095,-0.37305477,0.8938762970979659,0.9997127610330623
930,PD,DACH1,0.1332796,,0.893972252136271,0.9997127610330623
931,PD,TES,0.13255294,-0.37195975,0.8945469586848548,0.9997127610330623
932,PD,TM4SF18,0.13209735,-0.350638,0.8949072912789564,0.9997127610330623
933,PD,TIGIT,0.12999058,-0.42532694,0.8965738840479779,0.9997127610330623
934,PD,CD3D,0.12919502,-0.5104679,0.8972033332314506,0.9997127610330623
935,PD,LAG3,0.12648635,-0.41398647,0.8993469621987277,0.9997127610330623
936,PD,Z98257.1,0.12646134,-0.38760716,0.8993667441602785,0.9997127610330623
937,PD,IGHG2,0.123995714,-0.5429314,0.9013186684264252,0.9997127610330623
938,PD,DOK2,0.123995714,-0.44358718,0.9013186684264252,0.9997127610330623
939,PD,LINC00944,0.12288328,-0.2565856,0.9021995261059893,0.9997127610330623
940,PD,CXCR6,0.122245885,-0.44582438,0.902704287267632,0.9997127610330623
941,PD,RAB42,0.12206293,-0.34868956,0.9028491810888716,0.9997127610330623
942,PD,IL2RB,0.12198776,-0.36763936,0.9029087108753053,0.9997127610330623
943,PD,TNFSF15,0.12165638,-0.3930371,0.9031711621478444,0.9997127610330623
944,PD,LINC02196,0.12037129,,0.9041890350076948,0.9997127610330623
945,PD,C2CD4B,0.11740238,-0.39922315,0.9065411987042179,0.9997127610330623
946,PD,AC003991.1,0.116606444,,0.9071719279964836,0.9997127610330623
947,PD,FOXD1,0.115758434,-0.34312186,0.907843994246224,0.9997127610330623
948,PD,MS4A14,0.11527443,-1.0171566,0.9082276081201857,0.9997127610330623
949,PD,ADGRD1,0.11398533,-1.7322304,0.9092494225652673,0.9997127610330623
950,PD,LINC01871,0.113553405,-0.43840176,0.9095918253167401,0.9997127610330623
951,PD,GATA3,0.112524725,-0.40036905,0.9104073679317394,0.9997127610330623
952,PD,TRGC1,0.11251709,-0.37907898,0.9104134183049615,0.9997127610330623
953,PD,TBX3,0.11051658,-0.28775772,0.9119997017911222,0.9997127610330623
954,PD,COL6A2,0.110185005,-0.75488394,0.9122626540881412,0.9997127610330623
955,PD,PKP2,0.1088299,,0.9133374085160596,0.9997127610330623
956,PD,SKAP1,0.1073525,-2.090807,0.9145093331565024,0.9997127610330623
957,PD,ADCY4,0.10538194,-0.3097628,0.9160727431092395,0.9997127610330623
958,PD,TGM2,0.105343595,-0.34270495,0.91610316995291,0.9997127610330623
959,PD,CXCL11,0.10515778,-0.519859,0.9162506132140538,0.9997127610330623
960,PD,CTLA4,0.10448795,-0.39384696,0.9167821291733046,0.9997127610330623
961,PD,LIPG,0.101886675,-0.36185297,0.9188466267850045,0.9997127610330623
962,PD,IL32,0.101488136,-0.2882605,0.9191629743738292,0.9997127610330623
963,PD,IRF4,0.101134434,-0.3063835,0.9194437454707758,0.9997127610330623
964,PD,MLPH,0.10067656,-0.35716528,0.9198072181126306,0.9997127610330623
965,PD,FCRL6,0.10032896,-0.38289326,0.9200831656189867,0.9997127610330623
966,PD,MZB1,0.09965265,-0.3755812,0.9206200943251586,0.9997127610330623
967,PD,ACAN,0.09891853,,0.9212029566205352,0.9997127610330623
968,PD,LPL,0.098137096,,0.9218234303459119,0.9997127610330623
969,PD,SERPINB9,0.0976094,,0.9222424588293658,0.9997127610330623
970,PD,FCRL5,0.09681748,-0.48993126,0.9228713450045466,0.9997127610330623
971,PD,TBX21,0.09661296,-0.32213303,0.9230337633532711,0.9997127610330623
972,PD,IFNG,0.09645881,-0.4329482,0.9231561852748429,0.9997127610330623
973,PD,SLAMF1,0.09583229,-0.28599432,0.9236537703034622,0.9997127610330623
974,PD,FFAR3,0.09475916,-0.31581602,0.9245061282169762,0.9997127610330623
975,PD,GPR34,0.092291236,,0.9264666514092437,0.9997127610330623
976,PD,LILRA4,0.0919795,-0.3019082,0.9267143252670628,0.9997127610330623
977,PD,OSR1,0.0895877,-0.31525043,0.9286148579142333,0.9997127610330623
978,PD,FENDRR,0.08894134,-0.24714461,0.9291285283807279,0.9997127610330623
979,PD,INSRR,0.087478064,-0.30285984,0.9302915215894132,0.9997127610330623
980,PD,SLC12A7,0.086174466,,0.9313277269288515,0.9997127610330623
981,PD,LINC02100,0.08596728,-0.66669255,0.9314924265577434,0.9997127610330623
982,PD,PLD4,0.08596118,-0.67654717,0.93149727963001,0.9997127610330623
983,PD,JCHAIN,0.082952015,-0.3168421,0.9338896957104597,0.9997127610330623
984,PD,MKI67,0.07941878,-0.30717686,0.9366995318298306,0.9997127610330623
985,PD,ANGPTL5,0.078067295,0.27418682,0.937774519717399,0.9997127610330623
986,PD,FER1L6,0.07689019,-0.12949136,0.9387109017657956,0.9997127610330623
987,PD,AC068992.1,0.07679175,-0.025288453,0.9387892156948656,0.9997127610330623
988,PD,LINC00243,0.07612974,-0.22749598,0.9393158770304201,0.9997127610330623
989,PD,MARCO,0.07596529,-0.2682738,0.9394467117233136,0.9997127610330623
990,PD,TNIP3,0.0754271,-0.22296374,0.9398748956013148,0.9997127610330623
991,PD,IL10,0.075283825,-0.2284758,0.9399888886432407,0.9997127610330623
992,PD,AC009154.1,0.07453139,-0.34393436,0.9405875619790633,0.9997127610330623
993,PD,SIT1,0.071031734,-0.41946176,0.9433724967255585,0.9997127610330623
994,PD,MSN,0.069469064,,0.9446162570529394,0.9997127610330623
995,PD,AC069277.1,0.069445595,-0.5244874,0.9446349349934919,0.9997127610330623
996,PD,GABRE,0.069315866,-0.22748312,0.9447381957016471,0.9997127610330623
997,PD,HMGA1P4,0.067942254,-0.24448691,0.9458316010037673,0.9997127610330623
998,PD,MAT1A,0.06722225,-0.3275422,0.9464047685104433,0.9997127610330623
999,PD,AC093010.2,0.06588909,-0.24837135,0.9474661278398361,0.9997127610330623
1000,PD,TRAT1,0.06421443,-0.20479956,0.9487994898665592,0.9997127610330623
1001,PD,LINC02084,0.063722596,-0.36418685,0.9491911107239099,0.9997127610330623
1002,PD,LRRC32,0.0632033,-0.14846747,0.9496046197662917,0.9997127610330623
1003,PD,TRDC,0.061302945,-0.2910957,0.951117946822897,0.9997127610330623
1004,PD,EDN1,0.060699128,0.5305259,0.9515988272944174,0.9997127610330623
1005,PD,ZNF683,0.059913117,-0.27217245,0.9522248339390856,0.9997127610330623
1006,PD,C7orf71,0.05816329,-0.3087547,0.9536185637437623,0.9997127610330623
1007,PD,NLRP6,0.05785346,-0.19719927,0.9538653533097502,0.9997127610330623
1008,PD,OASL,0.057239916,-0.18505214,0.9543540826241633,0.9997127610330623
1009,PD,IGHA1,0.05641346,-0.38821974,0.9550124354035444,0.9997127610330623
1010,PD,IL1RN,0.054774474,-0.17878942,0.9563181371989656,0.9997127610330623
1011,PD,HIST1H2AI,0.0536338,-0.267256,0.9572269239719358,0.9997127610330623
1012,PD,FCRL1,0.052603975,-0.2621398,0.9580474485985473,0.9997127610330623
1013,PD,GJA4,0.051984515,-0.15297556,0.9585410312845625,0.9997127610330623
1014,PD,PDLIM1,0.051788393,-0.20957203,0.9586973028542753,0.9997127610330623
1015,PD,DSC3,0.050904322,-0.18546298,0.9594017606558786,0.9997127610330623
1016,PD,AC084211.1,0.050494146,-0.2987075,0.9597286131205973,0.9997127610330623
1017,PD,AC106739.2,0.050494146,-0.28358704,0.9597286131205973,0.9997127610330623
1018,PD,TRGV2,0.050494146,-0.29931036,0.9597286131205973,0.9997127610330623
1019,PD,CPAMD8,0.04994394,-0.29635358,0.9601670621175925,0.9997127610330623
1020,PD,MMRN1,0.049754877,-0.19802026,0.9603177247378388,0.9997127610330623
1021,PD,GATA2,0.04924206,-0.16009437,0.9607263909127066,0.9997127610330623
1022,PD,FASLG,0.049104318,-0.2603818,0.9608361608964604,0.9997127610330623
1023,PD,LAX1,0.047764666,-0.17084868,0.961903796018382,0.9997127610330623
1024,PD,PEAR1,0.046147622,-0.100447476,0.9631925902471938,0.9997127610330623
1025,PD,FGFBP2,0.045654837,-0.18865722,0.9635853602887086,0.9997127610330623
1026,PD,CLEC4E,0.045652166,-0.17520952,0.9635874891477851,0.9997127610330623
1027,PD,SMAD6,0.045417316,,0.9637746776983129,0.9997127610330623
1028,PD,PAX5,0.044531338,-0.0663484,0.9644808723767962,0.9997127610330623
1029,PD,HOXC4,0.043590605,-0.13660121,0.9652307404943139,0.9997127610330623
1030,PD,KIR2DL4,0.043185007,-0.23194216,0.9655540555602491,0.9997127610330623
1031,PD,AC113137.1,0.042333752,0.07122421,0.9662326401515816,0.9997127610330623
1032,PD,ADORA2A,0.04143518,-0.33959565,0.9669489673059838,0.9997127610330623
1033,PD,GCSAM,0.04143518,-0.31926844,0.9669489673059838,0.9997127610330623
1034,PD,ADH1B,0.040092092,-0.14089617,0.9680197054245149,0.9997127610330623
1035,PD,AL158850.1,0.039129037,-0.08674705,0.9687875089314886,0.9997127610330623
1036,PD,CXCL10,0.03869845,-0.13564277,0.9691308092445236,0.9997127610330623
1037,PD,AL445070.1,0.038655523,-0.24322903,0.9691650331171444,0.9997127610330623
1038,PD,LINC00676,0.037625697,-0.1686633,0.9699861187271529,0.9997127610330623
1039,PD,FCRL2,0.03623587,-0.17018932,0.9710942847318471,0.9997127610330623
1040,PD,MS4A1,0.034844324,-0.15543258,0.9722038756947189,0.9997127610330623
1041,PD,TDRD15,0.034542512,-0.12817483,0.9724445427129074,0.9997127610330623
1042,PD,CD40LG,0.03448604,-0.17255297,0.9724895729779177,0.9997127610330623
1043,PD,TRGV10,0.03412604,-0.24017328,0.9727766429728191,0.9997127610330623
1044,PD,TRGV7,0.03412604,-0.23945324,0.9727766429728191,0.9997127610330623
1045,PD,FOXF1,0.033142,-0.10805151,0.9735613492710667,0.9997127610330623
1046,PD,P2RY10,0.033096213,-0.16512813,0.973597862019384,0.9997127610330623
1047,PD,CD8B,0.03292661,-0.10637606,0.9737331118060774,0.9997127610330623
1048,PD,ACY3,0.03254257,-0.07950331,0.9740393663581667,0.9997127610330623
1049,PD,CXCL3,0.032510903,-0.12875488,0.9740646215001261,0.9997127610330623
1050,PD,AC020659.1,0.032066386,-0.14751396,0.9744191090563405,0.9997127610330623
1051,PD,AL355310.2,0.031706385,-0.17205289,0.974706202041132,0.9997127610330623
1052,PD,AURKB,0.031402282,-0.12015454,0.9749487198146203,0.9997127610330623
1053,PD,CCR2,0.031346384,-0.18496041,0.9749932983029134,0.9997127610330623
1054,PD,LINC01482,0.030415,-2.5738742,0.9757360816344581,0.9997127610330623
1055,PD,LINC02147,0.029655127,-0.105321646,0.9763421001198671,0.9997127610330623
1056,PD,IL24,0.029596558,-0.25864238,0.9763888111293109,0.9997127610330623
1057,PD,AL353633.1,0.029596558,-0.28626925,0.9763888111293109,0.9997127610330623
1058,PD,MAGEA12,0.029596558,-0.24715438,0.9763888111293109,0.9997127610330623
1059,PD,KIR2DL3,0.029596558,-0.26764324,0.9763888111293109,0.9997127610330623
1060,PD,HIST1H3F,0.029596558,-0.2650983,0.9763888111293109,0.9997127610330623
1061,PD,TRGV9,0.029596558,-0.2588272,0.9763888111293109,0.9997127610330623
1062,PD,CD58,0.029300658,,0.9766248018611148,0.9997127610330623
1063,PD,FOXC2,0.028256904,-0.10328986,0.9774572521629146,0.9997127610330623
1064,PD,PRAME,0.02820673,-0.22274658,0.9774972700486388,0.9997127610330623
1065,PD,KRT72,0.02820673,-0.22730912,0.9774972700486388,0.9997127610330623
1066,PD,HIST1H2BB,0.02820673,-0.21962531,0.9774972700486388,0.9997127610330623
1067,PD,LINC00102,0.02820673,-0.21976656,0.9774972700486388,0.9997127610330623
1068,PD,AREG,0.027362721,-0.12273934,0.9781704310302204,0.9997127610330623
1069,PD,AL663074.1,0.027176902,-0.15842499,0.9783186381070839,0.9997127610330623
1070,PD,OR52K2,0.027176902,-0.1367523,0.9783186381070839,0.9997127610330623
1071,PD,AC096558.1,0.0268169,-0.20150247,0.9786057724231655,0.9997127610330623
1072,PD,PCK1,0.026147075,-0.12619741,0.979140029153894,0.9997127610330623
1073,PD,XCL1,0.026147075,-0.12051852,0.979140029153894,0.9997127610330623
1074,PD,TINAGL1,0.02482383,-0.11606892,0.9801954835647417,0.9997127610330623
1075,PD,IGHM,0.024036484,-0.14678957,0.9808235076830122,0.9997127610330623
1076,PD,HIST2H3D,0.023677245,-0.21651042,0.9811100562188166,0.9997127610330623
1077,PD,LINC00668,0.023677245,-0.2420252,0.9811100562188166,0.9997127610330623
1078,PD,AL139390.1,0.023677245,-0.25688118,0.9811100562188166,0.9997127610330623
1079,PD,AC108477.1,0.023677245,-0.2488328,0.9811100562188166,0.9997127610330623
1080,PD,AC105219.2,0.023677245,-0.26930472,0.9811100562188166,0.9997127610330623
1081,PD,TBX18,0.022537148,-0.095676064,0.9820194795388328,0.9997127610330623
1082,PD,S1PR4,0.022334158,-0.079385206,0.9821814007671247,0.9997127610330623
1083,PD,PGM5-AS1,0.022287417,-0.177615,0.9822186853647012,0.9997127610330623
1084,PD,XCL2,0.022287417,-0.17762025,0.9822186853647012,0.9997127610330623
1085,PD,LINC00557,0.022287417,-0.18395257,0.9822186853647012,0.9997127610330623
1086,PD,TRERNA1,0.022287417,-0.18287016,0.9822186853647012,0.9997127610330623
1087,PD,KIR3DL1,0.022287417,-0.17397071,0.9822186853647012,0.9997127610330623
1088,PD,COL3A1,0.022032347,-0.06798092,0.9824221534222423,0.9997127610330623
1089,PD,HIST1H3J,0.021684365,-0.08119752,0.9826997362188115,0.9997127610330623
1090,PD,AL606469.1,0.021667767,-0.07656917,0.9827129762403288,0.9997127610330623
1091,PD,C19orf33,0.02125759,-0.115921944,0.983040173678052,0.9997127610330623
1092,PD,AC091814.1,0.02089759,-0.15225479,0.9833273488516435,0.9997127610330623
1093,PD,CXCL9,0.02089759,-0.16261062,0.9833273488516435,0.9997127610330623
1094,PD,SLC7A5,0.020887287,,0.9833355669331012,0.9997127610330623
1095,PD,PCAT19,0.020842645,-0.078486025,0.9833711786398408,0.9997127610330623
1096,PD,LINC02446,0.020227764,-0.10748567,0.9838616799753257,0.9997127610330623
1097,PD,HIGD1B,0.018728048,0.08299581,0.9850580536212078,0.9997127610330623
1098,PD,CSAG1,0.018117934,-0.11115547,0.9855447702864433,0.9997127610330623
1099,PD,AC092958.2,0.018117934,-0.120240055,0.9855447702864433,0.9997127610330623
1100,PD,TRBV14,0.017757934,-0.1843741,0.985831963049382,0.9997127610330623
1101,PD,AC126696.2,0.017757934,-0.19246769,0.985831963049382,0.9997127610330623
1102,PD,PRR33,0.017757934,-0.18451324,0.985831963049382,0.9997127610330623
1103,PD,KIR2DL1,0.017757934,-0.19219242,0.985831963049382,0.9997127610330623
1104,PD,IGLL5,0.017757934,-0.18473625,0.985831963049382,0.9997127610330623
1105,PD,LGALS9B,0.016368106,-0.15614188,0.9869407235982639,0.9997127610330623
1106,PD,AC007952.3,0.016368106,-0.15367079,0.9869407235982639,0.9997127610330623
1107,PD,HIST1H2BI,0.016368106,-0.14775206,0.9869407235982639,0.9997127610330623
1108,PD,LINC00163,0.016368106,-0.13991906,0.9869407235982639,0.9997127610330623
1109,PD,KRT78,0.016368106,-0.16167359,0.9869407235982639,0.9997127610330623
1110,PD,AL356276.1,0.016368106,-0.15116079,0.9869407235982639,0.9997127610330623
1111,PD,HIST2H2AA3,0.016368106,-0.13814202,0.9869407235982639,0.9997127610330623
1112,PD,CLIC3,0.013638626,-0.051986873,0.9891182880975167,0.9997127610330623
1113,PD,LINC02032,0.012198623,-0.07468627,0.9902671480197166,0.9997127610330623
1114,PD,OR4K13,0.011838622,-0.17763479,0.9905543662466095,0.9997127610330623
1115,PD,TRAV38-2DV8,0.011838622,-0.14727847,0.9905543662466095,0.9997127610330623
1116,PD,TRAV12-2,0.011838622,-0.14803168,0.9905543662466095,0.9997127610330623
1117,PD,AC027449.1,0.011838622,-0.18320018,0.9905543662466095,0.9997127610330623
1118,PD,KRT73-AS1,0.011838622,-0.18125117,0.9905543662466095,0.9997127610330623
1119,PD,KIR3DL3,0.011838622,-0.15473528,0.9905543662466095,0.9997127610330623
1120,PD,KRTAP8-1,0.011838622,-0.1660373,0.9905543662466095,0.9997127610330623
1121,PD,IGLV1-40,0.011838622,-0.16881791,0.9905543662466095,0.9997127610330623
1122,PD,TRDV2,0.011838622,-0.14727974,0.9905543662466095,0.9997127610330623
1123,PD,TRIM10,0.010448795,-0.11708062,0.9916632193611189,0.9997127610330623
1124,PD,PGLYRP4,0.010448795,-0.105046414,0.9916632193611189,0.9997127610330623
1125,PD,AC004906.1,0.010448795,-0.09787695,0.9916632193611189,0.9997127610330623
1126,PD,B3GNT8,0.01013897,-0.04443276,0.9919104113994509,0.9997127610330623
1127,PD,IGHD,0.009058967,-0.07337826,0.9927720885785349,0.9997127610330623
1128,PD,Z83851.1,0.009058967,-0.07170844,0.9927720885785349,0.9997127610330623
1129,PD,AC008080.4,0.008769364,-0.0063572573,0.9930031492230046,0.9997127610330623
1130,PD,BX664718.1,0.0076691397,-0.057107233,0.993880971757148,0.9997127610330623
1131,PD,AL157931.2,0.0076691397,-0.056554906,0.993880971757148,0.9997127610330623
1132,PD,AL109924.3,0.0076691397,-0.061861463,0.993880971757148,0.9997127610330623
1133,PD,CYTL1,0.0062980084,-0.04310014,0.994974949498804,0.9997127610330623
1134,PD,HIST1H2AH,0.006279312,-0.04163889,0.994989866755167,0.9997127610330623
1135,PD,TACR1,0.006214638,,0.9950414682983049,0.9997127610330623
1136,PD,CD28,0.0060461797,-0.025223006,0.9951758759543946,0.9997127610330623
1137,PD,AC107464.2,0.005919311,-0.102582686,0.9952771003839325,0.9997127610330623
1138,PD,AC095057.2,0.005919311,-0.10258268,0.9952771003839325,0.9997127610330623
1139,PD,AL451065.1,0.005919311,-0.102582686,0.9952771003839325,0.9997127610330623
1140,PD,KRT2,0.005919311,-0.102582686,0.9952771003839325,0.9997127610330623
1141,PD,TRAV22,0.005919311,-0.102582686,0.9952771003839325,0.9997127610330623
1142,PD,TRAV16,0.005919311,-0.102582686,0.9952771003839325,0.9997127610330623
1143,PD,NPS,0.005919311,-0.102582686,0.9952771003839325,0.9997127610330623
1144,PD,IGKV2D-28,0.005919311,-0.102582686,0.9952771003839325,0.9997127610330623
1145,PD,AC117522.2,0.005919311,-0.102582686,0.9952771003839325,0.9997127610330623
1146,PD,OR4P4,0.005919311,-0.102582686,0.9952771003839325,0.9997127610330623
1147,PD,IGKV2D-29,0.005919311,-0.102582686,0.9952771003839325,0.9997127610330623
1148,PD,FOXCUT,0.005919311,-0.102582686,0.9952771003839325,0.9997127610330623
1149,PD,LINC02247,0.005919311,-0.102582686,0.9952771003839325,0.9997127610330623
1150,PD,TRAV20,0.005919311,-0.102582686,0.9952771003839325,0.9997127610330623
1151,PD,DDI1,0.005919311,-0.102582686,0.9952771003839325,0.9997127610330623
1152,PD,LGALS9C,0.005919311,-0.102582686,0.9952771003839325,0.9997127610330623
1153,PD,LINC01644,0.0049396595,-0.01937106,0.9960587380774588,0.9997127610330623
1154,PD,LINC00210,0.0045796586,-0.01987911,0.9963459737954615,0.9997127610330623
1155,PD,AC003092.2,0.0045294836,-0.049968053,0.9963860072169703,0.9997127610330623
1156,PD,AC103702.2,0.0045294836,-0.048284817,0.9963860072169703,0.9997127610330623
1157,PD,TMEM251,0.0034996567,-0.022480316,0.99720768364193,0.9997127610330623
1158,PD,CU634019.2,0.003139656,-0.027347248,0.9974949210308216,0.9997127610330623
1159,PD,LINC01564,0.003139656,-0.029532684,0.9974949210308216,0.9997127610330623
1160,PD,H2AFB1,0.003139656,-0.029722515,0.9974949210308216,0.9997127610330623
1161,PD,LINC02111,0.003139656,-0.033454817,0.9974949210308216,0.9997127610330623
1162,PD,AP005137.2,0.003139656,-0.034245573,0.9974949210308216,0.9997127610330623
1163,PD,AL353572.3,0.003139656,-0.030671267,0.9974949210308216,0.9997127610330623
1164,PD,TCTEX1D4,0.003139656,-0.026722692,0.9974949210308216,0.9997127610330623
1165,PD,CLDND2,0.003139656,-0.028064126,0.9974949210308216,0.9997127610330623
1166,PD,AC244102.1,0.0017498283,-0.0132516045,0.9986038396835176,0.9997127610330623
1167,PD,SORCS3-AS1,0.0017498283,-0.0139647,0.9986038396835176,0.9997127610330623
1168,PD,AL596442.2,0.0011301769,-0.0037433836,0.9990982494357973,0.9997127610330623
1169,PD,TRG-AS1,0.000850876,-0.182213,0.999321099276295,0.9997127610330623
1170,PD,TGIF2,0.00036000067,-0.0025034794,0.9997127610330623,0.9997127610330623
1171,PD,LINC02195,0.00036000067,-0.0027687894,0.9997127610330623,0.9997127610330623
1172,PD,AC147067.2,0.00036000067,-0.0023535385,0.9997127610330623,0.9997127610330623
1173,PD,AC021422.1,0.00036000067,-0.002777927,0.9997127610330623,0.9997127610330623
1174,PD,HOXA-AS2,0.00036000067,-0.0025001708,0.9997127610330623,0.9997127610330623
1175,PD,HOGA1,0.00036000067,-0.0026926438,0.9997127610330623,0.9997127610330623
1176,PD,AC090707.1,-0.001029827,0.007560655,0.9991783170625564,0.9997127610330623
1177,PD,KRT36,-0.0013898277,0.017661365,0.9988910783011787,0.9997127610330623
1178,PD,AC113208.3,-0.0013898277,0.019316744,0.9988910783011787,0.9997127610330623
1179,PD,GUCA2A,-0.0013898277,0.02164816,0.9988910783011787,0.9997127610330623
1180,PD,IL12B,-0.0013898277,0.019854335,0.9988910783011787,0.9997127610330623
1181,PD,AL391869.1,-0.0013898277,0.01925495,0.9988910783011787,0.9997127610330623
1182,PD,AL035541.1,-0.0013898277,0.019774582,0.9988910783011787,0.9997127610330623
1183,PD,LINP1,-0.0013898277,0.020429444,0.9988910783011787,0.9997127610330623
1184,PD,LIF-AS1,-0.0013898277,0.02054718,0.9988910783011787,0.9997127610330623
1185,PD,PCP2,-0.0016996533,0.00731852,0.9986438734607128,0.9997127610330623
1186,PD,CCL22,-0.002059654,0.010165964,0.9983566349965431,0.9997127610330623
1187,PD,CAVIN2,-0.0026447743,0.032139525,0.9978897778259439,0.9997127610330623
1188,PD,AC103724.3,-0.0027796554,0.030452384,0.9977821587443715,0.9997127610330623
1189,PD,PRR31,-0.0027796554,0.030645581,0.9977821587443715,0.9997127610330623
1190,PD,AC239799.1,-0.0027796554,0.028476167,0.9977821587443715,0.9997127610330623
1191,PD,AC019155.3,-0.0027796554,0.029528502,0.9977821587443715,0.9997127610330623
1192,PD,RHOXF2B,-0.004169483,0.04020496,0.9966732434715799,0.9997127610330623
1193,PD,OR5B3,-0.004169483,0.03685141,0.9966732434715799,0.9997127610330623
1194,PD,SULT1B1,-0.004441725,0.022855088,0.9964560276718405,0.9997127610330623
1195,PD,MPZL2,-0.005509136,0.019856809,0.9956043678484549,0.9997127610330623
1196,PD,AC022098.4,-0.005559311,0.0438413,0.9955643346247809,0.9997127610330623
1197,PD,LINC00602,-0.006229137,0.033160903,0.9950298998089464,0.9997127610330623
1198,PD,ADGRL4,-0.0064508226,-0.058650527,0.9948530238268898,0.9997127610330623
1199,PD,LHB,-0.006589138,0.032762174,0.9947426667367586,0.9997127610330623
1200,PD,AC138207.5,-0.006589138,0.032933615,0.9947426667367586,0.9997127610330623
1201,PD,HMHB1,-0.0069491384,0.047510333,0.9944554343459138,0.9997127610330623
1202,PD,C1orf137,-0.0069491384,0.051984485,0.9944554343459138,0.9997127610330623
1203,PD,AL132708.1,-0.0069491384,0.055393055,0.9944554343459138,0.9997127610330623
1204,PD,AC113192.2,-0.0069491384,0.04429167,0.9944554343459138,0.9997127610330623
1205,PD,AL590764.2,-0.0069491384,0.04763226,0.9944554343459138,0.9997127610330623
1206,PD,AL807752.3,-0.0073091392,0.1277682,0.9941682026736357,0.9997127610330623
1207,PD,FAM236D,-0.0073091392,0.1277682,0.9941682026736357,0.9997127610330623
1208,PD,AC017053.1,-0.0073091392,0.1277682,0.9941682026736357,0.9997127610330623
1209,PD,IGKV1OR2-108,-0.0073091392,0.1277682,0.9941682026736357,0.9997127610330623
1210,PD,AC108206.1,-0.0073091392,0.1277682,0.9941682026736357,0.9997127610330623
1211,PD,AC015911.2,-0.0073091392,0.1277682,0.9941682026736357,0.9997127610330623
1212,PD,FGF3,-0.0073091392,0.1277682,0.9941682026736357,0.9997127610330623
1213,PD,AC020897.1,-0.0073091392,0.1277682,0.9941682026736357,0.9997127610330623
1214,PD,AC087477.3,-0.0073091392,0.1277682,0.9941682026736357,0.9997127610330623
1215,PD,RBAKDN,-0.0073091392,0.1277682,0.9941682026736357,0.9997127610330623
1216,PD,KRT7-AS,-0.0073091392,0.1277682,0.9941682026736357,0.9997127610330623
1217,PD,LINC02305,-0.0073091392,0.1277682,0.9941682026736357,0.9997127610330623
1218,PD,AC008514.1,-0.0079789655,0.041217078,0.993633774188053,0.9997127610330623
1219,PD,SAGE1,-0.008338966,0.054493587,0.9933465447768686,0.9997127610330623
1220,PD,AL008638.6,-0.008338966,0.05742661,0.9933465447768686,0.9997127610330623
1221,PD,KLHDC7B,-0.008338966,0.05053356,0.9933465447768686,0.9997127610330623
1222,PD,LINC02544,-0.008698966,0.11462843,0.9930593162279552,0.9997127610330623
1223,PD,OR8J1,-0.008698966,0.09951017,0.9930593162279552,0.9997127610330623
1224,PD,AL109914.1,-0.008698966,0.09725417,0.9930593162279552,0.9997127610330623
1225,PD,AC025437.2,-0.008698966,0.1140689,0.9930593162279552,0.9997127610330623
1226,PD,LINC02093,-0.008698966,0.10893872,0.9930593162279552,0.9997127610330623
1227,PD,LINC01682,-0.008698966,0.10354035,0.9930593162279552,0.9997127610330623
1228,PD,LINC01825,-0.008698966,0.100203015,0.9930593162279552,0.9997127610330623
1229,PD,AC079360.1,-0.008698966,0.09802206,0.9930593162279552,0.9997127610330623
1230,PD,OR10K2,-0.008698966,0.10342802,0.9930593162279552,0.9997127610330623
1231,PD,TCL1A,-0.008698966,0.11802301,0.9930593162279552,0.9997127610330623
1232,PD,AC091588.3,-0.008698966,0.099396124,0.9930593162279552,0.9997127610330623
1233,PD,LINC02186,-0.008698966,0.120400704,0.9930593162279552,0.9997127610330623
1234,PD,P2RY13,-0.008720906,-0.1386739,0.9930418116021137,0.9997127610330623
1235,PD,AC013264.1,-0.009008792,0.039593183,0.9928121207817079,0.9997127610330623
1236,PD,BX255923.1,-0.009368793,0.0478432,0.992524893936216,0.9997127610330623
1237,PD,MFSD6L,-0.009728794,0.054012835,0.9922376680594732,0.9997127610330623
1238,PD,AL357033.4,-0.009728794,0.058629386,0.9922376680594732,0.9997127610330623
1239,PD,AL035412.1,-0.009728794,0.063315265,0.9922376680594732,0.9997127610330623
1240,PD,SPTA1,-0.009728794,0.07197417,0.9922376680594732,0.9997127610330623
1241,PD,AC108693.2,-0.009728794,0.06204805,0.9922376680594732,0.9997127610330623
1242,PD,AP004609.1,-0.010088795,0.102226615,0.9919504431887005,0.9997127610330623
1243,PD,AC136424.2,-0.010088795,0.0866791,0.9919504431887005,0.9997127610330623
1244,PD,AC004264.1,-0.010088795,0.09353425,0.9919504431887005,0.9997127610330623
1245,PD,MOS,-0.010088795,0.09237571,0.9919504431887005,0.9997127610330623
1246,PD,AC097381.1,-0.010088795,0.09480372,0.9919504431887005,0.9997127610330623
1247,PD,IL18R1,-0.01048676,-0.25622952,0.9916329292582722,0.9997127610330623
1248,PD,LINC01391,-0.011478622,0.09752039,0.9908415856976039,0.9997127610330623
1249,PD,RAB41,-0.011478622,0.097567916,0.9908415856976039,0.9997127610330623
1250,PD,LINC01566,-0.011478622,0.09442412,0.9908415856976039,0.9997127610330623
1251,PD,AC108941.2,-0.011478622,0.089975804,0.9908415856976039,0.9997127610330623
1252,PD,LINC01814,-0.011478622,0.10356601,0.9908415856976039,0.9997127610330623
1253,PD,GRHL3,-0.012061834,0.037820667,0.9903762816668389,0.9997127610330623
1254,PD,ZNF366,-0.012491088,0.014911945,0.9900338126764054,0.9997127610330623
1255,PD,AC099687.1,-0.013898277,0.07380632,0.9889111364342726,0.9997127610330623
1256,PD,CD1A,-0.0146182785,0.19481279,0.9883367168926721,0.9997127610330623
1257,PD,TRIM75P,-0.0146182785,0.2001127,0.9883367168926721,0.9997127610330623
1258,PD,AC026415.1,-0.0146182785,0.22159353,0.9883367168926721,0.9997127610330623
1259,PD,LINC02154,-0.014928104,0.07589695,0.9880895387317021,0.9997127610330623
1260,PD,GATA5,-0.016008105,0.17274556,0.9872279249361475,0.9997127610330623
1261,PD,CD19,-0.016317932,0.06667727,0.9869807520889566,0.9997127610330623
1262,PD,AC073072.1,-0.016677933,0.07655968,0.9866935522053096,0.9997127610330623
1263,PD,AP000763.4,-0.017037934,0.10157039,0.9864063540460247,0.9997127610330623
1264,PD,LINC02053,-0.017397933,0.15977792,0.9861191576483123,0.9997127610330623
1265,PD,LINC01706,-0.017397933,0.16061768,0.9861191576483123,0.9997127610330623
1266,PD,AC092723.3,-0.017397933,0.15080267,0.9861191576483123,0.9997127610330623
1267,PD,AC005674.1,-0.018787762,0.13608266,0.9850104171702856,0.9997127610330623
1268,PD,AC002347.2,-0.018787762,0.1501104,0.9850104171702856,0.9997127610330623
1269,PD,CLEC10A,-0.020083725,0.079356275,0.9839765826662533,0.9997127610330623
1270,PD,IL26,-0.021465732,0.06937361,0.982874139641518,0.9997127610330623
1271,PD,LINC01961,-0.021567417,0.15345332,0.9827930252073459,0.9997127610330623
1272,PD,MAGEB16,-0.021927418,0.2666144,0.9825058541525805,0.9997127610330623
1273,PD,AC131254.3,-0.021927418,0.26880977,0.9825058541525805,0.9997127610330623
1274,PD,AP005482.1,-0.02213384,0.07837657,0.9823411921726293,0.9997127610330623
1275,PD,DPEP2,-0.022746814,0.09078635,0.9818522327321306,0.9997127610330623
1276,PD,KLF4,-0.02322777,-0.02421476,0.9814685877141441,0.9997127610330623
1277,PD,OR10H3,-0.023317246,0.21747462,0.9813972159060845,0.9997127610330623
1278,PD,AC104051.1,-0.023619821,0.068633564,0.9811558616020014,0.9997127610330623
1279,PD,PAX3,-0.024252255,0.09760242,0.9806513971366355,0.9997127610330623
1280,PD,TREM1,-0.024920365,0.07073065,0.9801184841099461,0.9997127610330623
1281,PD,AC114689.3,-0.025258234,,0.9798489874815942,0.9997127610330623
1282,PD,AC138230.1,-0.0253769,0.1203323,0.9797543370359942,0.9997127610330623
1283,PD,AC002546.1,-0.025377853,0.09443696,0.9797535761814752,0.9997127610330623
1284,PD,AC108879.1,-0.02810638,0.0984186,0.9775773059898957,0.9997127610330623
1285,PD,SOX17,-0.028156554,0.115479484,0.9775372879909995,0.9997127610330623
1286,PD,AL138902.1,-0.028385298,0.07966127,0.9773548492386455,0.9997127610330623
1287,PD,CASC20,-0.02878422,0.10052755,0.9770366874153792,0.9997127610330623
1288,PD,CCR4,-0.028876556,0.18899319,0.9769630435906143,0.9997127610330623
1289,PD,PFN3,-0.028876556,0.18567802,0.9769630435906143,0.9997127610330623
1290,PD,HOXA3,-0.030626385,0.25842863,0.9755675005087613,0.9997127610330623
1291,PD,LINC01838,-0.030626385,0.28112653,0.9755675005087613,0.9997127610330623
1292,PD,AC005392.2,-0.030626385,0.27822497,0.9755675005087613,0.9997127610330623
1293,PD,SRMS,-0.030626385,0.26652268,0.9755675005087613,0.9997127610330623
1294,PD,TBX15,-0.030741423,0.14008896,0.9754757551015404,0.9997127610330623
1295,PD,NOS3,-0.03204578,0.060357496,0.9744355403622772,0.9997127610330623
1296,PD,MYCT1,-0.03254925,0.08523587,0.9740340414821596,0.9997127610330623
1297,PD,APOBEC3A,-0.033355866,0.13440214,0.9733908050441727,0.9997127610330623
1298,PD,ZMYND10-AS1,-0.033406038,0.23720503,0.9733507935058315,0.9997127610330623
1299,PD,TNF,-0.033698887,-0.0047243475,0.9731172674274641,0.9997127610330623
1300,PD,AL390719.2,-0.034795865,0.21392068,0.972242516120572,0.9997127610330623
1301,PD,AL355838.1,-0.034999046,0.573229,0.9720805005989508,0.9997127610330623
1302,PD,SLC35F6,-0.036545694,0.34641692,0.970847243227786,0.9997127610330623
1303,PD,SRARP,-0.03660522,0.06475538,0.9707997823717149,0.9997127610330623
1304,PD,SMPDL3B,-0.03773425,0.12509319,0.9698995670615049,0.9997127610330623
1305,PD,MYCNUT,-0.03824535,0.17037787,0.9694920640881711,0.9997127610330623
1306,PD,KIR3DX1,-0.03923225,0.12572338,0.9687052211445433,0.9997127610330623
1307,PD,HIST1H1C,-0.039633077,,0.9683856556608489,0.9997127610330623
1308,PD,CCDC42,-0.040305004,0.1516036,0.9678499652025231,0.9997127610330623
1309,PD,AC003958.2,-0.04071518,0.31826502,0.9675229608231624,0.9997127610330623
1310,PD,LINC02490,-0.04071518,0.28344598,0.9675229608231624,0.9997127610330623
1311,PD,SELPLG,-0.040998295,-0.6374935,0.9672972549361417,0.9997127610330623
1312,PD,WDR87,-0.0412734,0.1466679,0.9670779394610712,0.9997127610330623
1313,PD,CSTA,-0.041328344,0.14611474,0.967034137500338,0.9997127610330623
1314,PD,TREML2,-0.041745007,0.2027946,0.9667019758779343,0.9997127610330623
1315,PD,MAP1LC3C,-0.042414833,0.17406826,0.9661680047442776,0.9997127610330623
1316,PD,F2RL3,-0.043134835,0.21850894,0.9655940521272576,0.9997127610330623
1317,PD,NAT2,-0.043494835,0.24773309,0.9653070824845794,0.9997127610330623
1318,PD,HSH2D,-0.04356695,0.16536967,0.9652495978487514,0.9997127610330623
1319,PD,ABCG2,-0.044263866,0.15252943,0.9646940744622758,0.9997127610330623
1320,PD,CRYBG1,-0.047144063,-2.4488258,0.9623984101542414,0.9997127610330623
1321,PD,ANGPT2,-0.047418974,4.8504357,0.9621793063072006,0.9997127610330623
1322,PD,AC107892.1,-0.04802432,0.2849362,0.9616968621963955,0.9997127610330623
1323,PD,GNLY,-0.048049692,-1.4692693,0.9616766402931863,0.9997127610330623
1324,PD,AC064834.1,-0.04897707,0.2685554,0.960937569560666,0.9997127610330623
1325,PD,HMCN1,-0.049317993,-0.78719795,0.9606658809074539,0.9997127610330623
1326,PD,PKHD1L1,-0.04949637,0.16041943,0.960523728897722,0.9997127610330623
1327,PD,CDH5,-0.049528804,0.1486555,0.9604978832124806,0.9997127610330623
1328,PD,GHR,-0.050540697,,0.9596915188248939,0.9997127610330623
1329,PD,AC093817.1,-0.0507538,0.20876771,0.9595217071194294,0.9997127610330623
1330,PD,PEAK3,-0.05131011,0.1681106,0.959078411467613,0.9997127610330623
1331,PD,AC002074.1,-0.051341016,0.15450558,0.9590537843011497,0.9997127610330623
1332,PD,LINC01854,-0.052503627,0.19654712,0.9581274057787769,0.9997127610330623
1333,PD,AC012507.1,-0.052553803,0.40293026,0.9580874271359526,0.9997127610330623
1334,PD,COL6A3,-0.05261275,0.0117492955,0.9580404561655816,0.9997127610330623
1335,PD,MEPE,-0.05588729,-0.12325649,0.9554315966144762,0.9997127610330623
1336,PD,LINC01035,-0.056153998,0.1706073,0.9552191268387211,0.9997127610330623
1337,PD,AC093772.1,-0.05682974,0.46791127,0.9546808235598597,0.9997127610330623
1338,PD,LINC01693,-0.05769092,0.18379505,0.9539948284241331,0.9997127610330623
1339,PD,COX4I2,-0.057753112,0.26077798,0.9539452873330215,0.9997127610330623
1340,PD,CHRNA1,-0.058049772,0.2559306,0.9537089818197956,0.9997127610330623
1341,PD,SLC1A7,-0.058372572,0.19701514,0.953451861730708,0.9997127610330623
1342,PD,AL513324.1,-0.058473114,0.5076359,0.953371778625001,0.9997127610330623
1343,PD,ALAS2,-0.05878294,0.2482831,0.953124997977075,0.9997127610330623
1344,PD,AP003481.1,-0.0601266,,0.9520548063865293,0.9997127610330623
1345,PD,ANXA3,-0.060192227,0.04353319,0.9520025374073516,0.9997127610330623
1346,PD,AC007950.1,-0.06089277,0.31468362,0.9514446093540307,0.9997127610330623
1347,PD,PGR,-0.06158358,0.15039982,0.9508944536062333,0.9997127610330623
1348,PD,AC010976.2,-0.061922595,0.2633368,0.9506244740915841,0.9997127610330623
1349,PD,TOP2A,-0.062221546,0.2258056,0.9503864045671114,0.9997127610330623
1350,PD,CARMN,-0.06259815,0.27266446,0.9500865070811865,0.9997127610330623
1351,PD,ACVRL1,-0.062723294,0.14818415,0.9499868466630643,0.9997127610330623
1352,PD,ATP10A,-0.06469958,-0.26224178,0.9484131979338444,0.9997127610330623
1353,PD,IL2RA,-0.06611783,0.20839845,0.9472840132857013,0.9997127610330623
1354,PD,SLC4A1,-0.067390524,0.2663464,0.9462708143087896,0.9997127610330623
1355,PD,AL355493.2,-0.07098156,0.34880993,0.9434124297652179,0.9997127610330623
1356,PD,AL158013.1,-0.07134156,0.42030126,0.9431259171581355,0.9997127610330623
1357,PD,PAPSS2,-0.07137075,,0.9431026867282156,0.9997127610330623
1358,PD,LINC02476,-0.07433489,0.28714994,0.9407439147671727,0.9997127610330623
1359,PD,AL359220.1,-0.07728682,0.1653539,0.9383953754950648,0.9997127610330623
1360,PD,AC007384.1,-0.078930385,0.25016674,0.9370879953255693,0.9997127610330623
1361,PD,BLK,-0.07894393,0.29995406,0.9370772213309742,0.9997127610330623
1362,PD,LINC02542,-0.07902196,0.23897007,0.9370151572766487,0.9997127610330623
1363,PD,LPAR5,-0.07942984,,0.9366907308779595,0.9997127610330623
1364,PD,IGFBP3,-0.080019355,,0.9362218637905257,0.9997127610330623
1365,PD,LINC01775,-0.080350354,0.35297,0.9359586099169406,0.9997127610330623
1366,PD,IGHG3,-0.08242451,0.2969792,0.9343091473387033,0.9997127610330623
1367,PD,ACSL5,-0.08316187,-0.70781,0.9337228303584022,0.9997127610330623
1368,PD,SEMA3G,-0.08385001,0.33471203,0.9331756841691381,0.9997127610330623
1369,PD,DLL4,-0.0859524,0.24797997,0.9315042559258551,0.9997127610330623
1370,PD,FHL5,-0.08726916,0.3180479,0.9304575673720595,0.9997127610330623
1371,PD,LINC01468,-0.088722706,0.22236699,0.9293022854750035,0.9997127610330623
1372,PD,SELE,-0.09315814,0.38217267,0.9257779312878848,0.9997127610330623
1373,PD,AC073941.1,-0.093374096,0.76134235,0.9256063661588988,0.9997127610330623
1374,PD,NOTCH3,-0.09389664,0.27396953,0.9251912595610623,0.9997127610330623
1375,PD,MYH11,-0.09429423,,0.9248754345165271,0.9997127610330623
1376,PD,CSF3,-0.09485703,0.30988944,0.9244283895684676,0.9997127610330623
1377,PD,SOX18,-0.09559019,0.27711615,0.9238460546267884,0.9997127610330623
1378,PD,IGHG1,-0.09629531,0.35141733,0.9232860332872806,0.9997127610330623
1379,PD,HES1,-0.09652005,,0.923107549615132,0.9997127610330623
1380,PD,LINC02384,-0.096652456,0.2629901,0.9230024006047388,0.9997127610330623
1381,PD,LIF,-0.09738829,0.3470741,0.9224180451560491,0.9997127610330623
1382,PD,CCL20,-0.098398656,0.31917953,0.9216157420513389,0.9997127610330623
1383,PD,AL121936.1,-0.09846829,0.41657087,0.921560450298525,0.9997127610330623
1384,PD,TEX41,-0.10342664,-0.41386473,0.917624365111496,0.9997127610330623
1385,PD,LATS2-AS1,-0.104932465,0.3122736,0.9164293958168404,0.9997127610330623
1386,PD,EPO,-0.10644726,0.40038258,0.91522750140293,0.9997127610330623
1387,PD,AL161757.4,-0.10680802,0.36793464,0.9149412852457455,0.9997127610330623
1388,PD,MATN3,-0.10709934,0.33329397,0.9147101710967661,0.9997127610330623
1389,PD,SUCNR1,-0.10712528,0.33405164,0.9146895876058035,0.9997127610330623
1390,PD,WNK4,-0.10768465,0.31120405,0.9142458456914335,0.9997127610330623
1391,PD,HCG22,-0.10869845,0.29316688,0.9134416695222731,0.9997127610330623
1392,PD,RHOD,-0.11032809,0.39706326,0.9121491809732646,0.9997127610330623
1393,PD,LMLN2,-0.111279316,0.35313085,0.9113948573537323,0.9997127610330623
1394,PD,HBA2,-0.11416314,0.44162995,0.9091084736768742,0.9997127610330623
1395,PD,LINC01934,-0.11609783,0.65456444,0.907575008604948,0.9997127610330623
1396,PD,NCR3,-0.11900588,0.5331597,0.9052706974181234,0.9997127610330623
1397,PD,PTCRA,-0.119375035,0.40848187,0.9049782366884673,0.9997127610330623
1398,PD,AC092100.1,-0.12078051,0.8432563,0.9038648881966189,0.9997127610330623
1399,PD,MT1A,-0.121858604,0.38010573,0.9030110006408046,0.9997127610330623
1400,PD,AC010737.1,-0.12208105,0.40295124,0.9028348275418752,0.9997127610330623
1401,PD,CHST9,-0.12351419,,0.9016999406254569,0.9997127610330623
1402,PD,CCL1,-0.123535365,0.56745684,0.9016831726306374,0.9997127610330623
1403,PD,CYSLTR2,-0.123624265,0.48271167,0.9016127777437284,0.9997127610330623
1404,PD,GNG11,-0.12752724,0.38049942,0.898523121836198,0.9997127610330623
1405,PD,PAQR5,-0.12811197,0.48763672,0.8980603635340533,0.9997127610330623
1406,PD,ID1,-0.12829721,-2.6903982,0.8979137677192003,0.9997127610330623
1407,PD,MIR3681HG,-0.12866561,,0.8976222471627273,0.9997127610330623
1408,PD,KREMEN2,-0.1290445,0.46373042,0.89732243774186,0.9997127610330623
1409,PD,GAD2,-0.12935604,,0.897075928689355,0.9997127610330623
1410,PD,HEMGN,-0.1300274,0.43983203,0.8965447528410152,0.9997127610330623
1411,PD,AC008392.1,-0.13182415,0.45890597,0.8951233805269017,0.9997127610330623
1412,PD,COL25A1,-0.1323778,,0.8946854759306092,0.9997127610330623
1413,PD,PTPN22,-0.13258117,-1.0107087,0.8945246272293489,0.9997127610330623
1414,PD,LINC01687,-0.13323669,0.43848994,0.8940061988658243,0.9997127610330623
1415,PD,GRAPL,-0.1349022,0.3267576,0.892689208730705,0.9997127610330623
1416,PD,OLFML3,-0.13613787,0.28947124,0.8917122926038854,0.9997127610330623
1417,PD,CP,-0.13627122,0.04680439,0.8916068732876298,0.9997127610330623
1418,PD,HAS1,-0.1431721,0.68230385,0.8861542692177998,0.9997127610330623
1419,PD,AC108718.1,-0.14503829,0.44879198,0.8846806349372764,0.9997127610330623
1420,PD,TPO,-0.14595537,0.5479733,0.8839566180246902,0.9997127610330623
1421,PD,UST,-0.14624345,,0.8837292060156037,0.9997127610330623
1422,PD,LILRB5,-0.15066896,0.52549696,0.8802368606937294,0.9997127610330623
1423,PD,CD34,-0.15339501,0.34544936,0.8780867833202891,0.9997127610330623
1424,PD,AC003006.1,-0.15474896,,0.8770192251256911,0.9997127610330623
1425,PD,CALCR,-0.15768601,0.5334506,0.8747042210190727,0.9997127610330623
1426,PD,C2orf83,-0.15850846,0.36919227,0.874056150989019,0.9997127610330623
1427,PD,RASSF10,-0.16353054,0.5770406,0.8701007286178153,0.9997127610330623
1428,PD,IGFN1,-0.16744973,0.7233467,0.8670162053317129,0.9997127610330623
1429,PD,HBM,-0.17984848,0.64045614,0.8572715284194594,0.9997127610330623
1430,PD,HBA1,-0.18129057,0.65725553,0.8561395044781871,0.9997127610330623
1431,PD,LIPH,-0.18275367,0.69157535,0.8549913095289208,0.9997127610330623
1432,PD,PTGER1,-0.18506934,0.59622806,0.8531746487583496,0.9997127610330623
1433,PD,NOTCH4,-0.18636665,0.6365466,0.8521572512122974,0.9997127610330623
1434,PD,MPEG1,-0.1867543,0.5256293,0.8518532765407341,0.9997127610330623
1435,PD,UPK1B,-0.1911346,0.67598325,0.8484201417372462,0.9997127610330623
1436,PD,ADGRE2,-0.19590999,,0.8446806126715241,0.9997127610330623
1437,PD,TBX2,-0.19631732,0.73022467,0.8443618130947372,0.9997127610330623
1438,PD,LEF1,-0.20239134,0.3547378,0.8396107947766965,0.9997127610330623
1439,PD,CENPF,-0.2069483,0.59339815,0.8360502349073734,0.9997127610330623
1440,PD,AC090796.1,-0.20835625,0.6760241,0.8349508126638308,0.9997127610330623
1441,PD,MRC2,-0.209433,,0.8341102254041316,0.9997127610330623
1442,PD,DDX60L,-0.21965459,,0.8261401747754343,0.9997127610330623
1443,PD,PLA1A,-0.22388741,0.5530639,0.8228449129802908,0.9997127610330623
1444,PD,CCDC155,-0.23106548,0.9094287,0.8172639301046324,0.9997127610330623
1445,PD,FMO2,-0.23487802,0.74694747,0.8143034115353538,0.9997127610330623
1446,PD,AC100803.3,-0.23897749,0.9095205,0.8111230414084812,0.9997127610330623
1447,PD,LINC02015,-0.23958531,1.0663692,0.8106517556266154,0.9997127610330623
1448,PD,ARMC7,-0.24015193,1.865272,0.8102124832248373,0.9997127610330623
1449,PD,MYBPH,-0.24281979,0.55611765,0.8081450107920417,0.9997127610330623
1450,PD,CD248,-0.24665292,0.8113929,0.8051768449733385,0.9997127610330623
1451,PD,BTBD11,-0.24738552,,0.8046098846295895,0.9997127610330623
1452,PD,EBF1,-0.250173,0.78365564,0.802453571689768,0.9997127610330623
1453,PD,GPR84,-0.25123256,0.46008682,0.8016342976229275,0.9997127610330623
1454,PD,KCNK2,-0.2544188,,0.7991720397289404,0.9997127610330623
1455,PD,EREG,-0.25700843,0.8551097,0.7971722696844088,0.9997127610330623
1456,PD,CDH6,-0.25870523,,0.7958626946371702,0.9997127610330623
1457,PD,TRABD2B,-0.260357,0.8485446,0.7945884208597377,0.9997127610330623
1458,PD,G0S2,-0.26223978,0.34029153,0.793136581968791,0.9997127610330623
1459,PD,ADAMTS20,-0.2629966,1.5737718,0.7925531941236379,0.9997127610330623
1460,PD,AC124254.1,-0.26407623,,0.7917211814335291,0.9997127610330623
1461,PD,ERG,-0.26451558,0.7305896,0.7913826514347065,0.9997127610330623
1462,PD,AC022568.1,-0.2674681,0.8127918,0.7891087768273628,0.9997127610330623
1463,PD,AC005515.2,-0.27075827,1.0948805,0.7865769532009215,0.9997127610330623
1464,PD,AC068305.2,-0.27674416,1.1148863,0.7819765543537789,0.9997127610330623
1465,PD,NXPH2,-0.2826814,,0.7774210655387939,0.9997127610330623
1466,PD,WNT5A,-0.28961778,,0.7721086713831598,0.9997127610330623
1467,PD,TMPRSS13,-0.29328418,1.0206482,0.7693049545514069,0.9997127610330623
1468,PD,AQP1,-0.29561415,,0.7675247619166593,0.9997127610330623
1469,PD,CEBPA,-0.29690784,0.7424715,0.7665368777071645,0.9997127610330623
1470,PD,SST,-0.29853937,,0.7652915279951346,0.9997127610330623
1471,PD,NDUFA4L2,-0.3006183,1.1413898,0.7637055764022723,0.9997127610330623
1472,PD,THSD7B,-0.30064785,,0.7636830248032325,0.9997127610330623
1473,PD,CNBD1,-0.30424368,5.376017,0.7609422502123412,0.9997127610330623
1474,PD,ITK,-0.30611733,-0.4263095,0.7595153188594668,0.9997127610330623
1475,PD,TLL1,-0.30984554,,0.7566784237743217,0.9997127610330623
1476,PD,BRDT,-0.31346253,1.2865624,0.7539292920435798,0.9997127610330623
1477,PD,AL138720.1,-0.3169889,1.8635823,0.751252036048317,0.9997127610330623
1478,PD,PLAU,-0.318439,0.9675674,0.7501519596314757,0.9997127610330623
1479,PD,AC022400.2,-0.32116315,1.0738568,0.7480867654220524,0.9997127610330623
1480,PD,TAC1,-0.33190975,,0.7399574158734707,0.9997127610330623
1481,PD,SMIM35,-0.34718487,2.216453,0.7284524359356619,0.9997127610330623
1482,PD,SAMD9L,-0.34869203,,0.7273205297778356,0.9997127610330623
1483,PD,NOSTRIN,-0.35067746,0.88558316,0.7258303306054291,0.9997127610330623
1484,PD,LMNTD1,-0.36139622,,0.7178032756556644,0.9997127610330623
1485,PD,AC008403.1,-0.36245027,1.3279622,0.7170155772745417,0.9997127610330623
1486,PD,CHI3L2,-0.36423042,1.4835653,0.7156859416314214,0.9997127610330623
1487,PD,GPER1,-0.3660562,2.103861,0.714323144573433,0.9997127610330623
1488,PD,AL731571.1,-0.3669895,1.3367767,0.7136268603442715,0.9997127610330623
1489,PD,LINC00996,-0.3706803,1.2832178,0.710875661988815,0.9997127610330623
1490,PD,SIGLEC1,-0.3785078,1.0180289,0.7050534074072659,0.9997127610330623
1491,PD,AL356108.1,-0.38104993,,0.7031662027215466,0.9997127610330623
1492,PD,LINC00351,-0.38171726,1.946071,0.702671087306086,0.9997127610330623
1493,PD,LINC02548,-0.38346997,1.4295563,0.7013713380354802,0.9997127610330623
1494,PD,C15orf53,-0.38426855,2.2930286,0.7007794046774364,0.9997127610330623
1495,PD,AC025171.3,-0.38513985,1.2702708,0.7001338021027965,0.9997127610330623
1496,PD,HPSE,-0.40112165,0.033561826,0.6883305749642777,0.9997127610330623
1497,PD,MCTP2,-0.40488553,1.9162449,0.6855616637424478,0.9997127610330623
1498,PD,BCAN,-0.40954322,,0.6821410663949166,0.9997127610330623
1499,PD,MED7,-0.4095678,1.4452235,0.6821230097179941,0.9997127610330623
1500,PD,AC007319.1,-0.411571,,0.6806538913345666,0.9997127610330623
1501,PD,STEAP4,-0.41416177,1.7121964,0.6787556277898905,0.9997127610330623
1502,PD,CYSLTR1,-0.42765465,1.136375,0.6689025685076604,0.9997127610330623
1503,PD,ISM1,-0.43161124,2.6087382,0.6660239968907317,0.9997127610330623
1504,PD,AC068633.1,-0.43392557,5.003549,0.6643424893824037,0.9997127610330623
1505,PD,MYO5B,-0.44581857,,0.6557283088521897,0.9997127610330623
1506,PD,AC025810.1,-0.44767618,2.2024865,0.654386910896419,0.9997127610330623
1507,PD,CD226,-0.45285317,,0.6506544707625423,0.9997127610330623
1508,PD,SLC35F4,-0.45596784,,0.6484131055793809,0.9997127610330623
1509,PD,SULF2,-0.4566991,,0.6478873408058798,0.9997127610330623
1510,PD,COL20A1,-0.46075773,,0.6449724270558499,0.9997127610330623
1511,PD,IGF2BP2,-0.46815768,1.0190187,0.6396718291255793,0.9997127610330623
1512,PD,PGGHG,-0.48007795,,0.6311719575652767,0.9997127610330623
1513,PD,SMOC2,-0.483144,,0.628993509940613,0.9997127610330623
1514,PD,RAB7B,-0.48964384,5.2309055,0.6243859549032947,0.995037378331944
1515,PD,CYP4F12,-0.49032453,1.7068543,0.6239042704622435,0.995037378331944
1516,PD,IL1R2,-0.49067345,2.2604332,0.6236574154934525,0.995037378331944
1517,PD,LINC01606,-0.49296835,2.7741203,0.6220349493312504,0.995037378331944
1518,PD,AL136962.1,-0.49577987,2.176645,0.6200497304175203,0.9928738677622422
1519,PD,TGFB1,-0.4962076,,0.6197479530082936,0.9928738677622422
1520,PD,POSTN,-0.4968364,2.3996933,0.6193044215134094,0.9928738677622422
1521,PD,HEYL,-0.49894908,1.547149,0.6178152465263509,0.9921580446418233
1522,PD,DUSP27,-0.49984348,1.6085331,0.6171853006114856,0.9921580446418233
1523,PD,TNFRSF13C,-0.5035314,1.7110159,0.614590692633475,0.9908558429662742
1524,PD,MT1M,-0.51182747,,0.6087717667056245,0.9850675836660591
1525,PD,AC022784.6,-0.51364255,2.9944148,0.6075019320641163,0.9846060487262825
1526,PD,TM4SF1,-0.52364147,1.8673409,0.6005279270711976,0.9764681740995084
1527,PD,GPRC5A,-0.52668345,1.8680234,0.5984134274548747,0.9738216882910897
1528,PD,AC100849.1,-0.53654695,6.3745036,0.5915806049442269,0.9650580831064061
1529,PD,SLC19A1,-0.5551813,,0.5787706494083003,0.9503623142993436
1530,PD,FBLN1,-0.55646414,1.2109303,0.5778936204725555,0.9497019235374783
1531,PD,GTSE1,-0.55685693,2.2098777,0.5776251848232503,0.9497019235374783
1532,PD,BMP6,-0.5585967,,0.5764370300883068,0.9496491434733226
1533,PD,AC008537.4,-0.56155866,4.3863244,0.5744167356256571,0.947100965582287
1534,PD,CYP19A1,-0.56272185,2.0876446,0.5736242913211714,0.9465747381537483
1535,PD,PPP1R3C,-0.5632967,,0.5732328745943518,0.9465747381537483
1536,PD,AC105094.2,-0.5671134,2.655229,0.5706371273692072,0.9447634559092836
1537,PD,AC093895.1,-0.5791604,2.8530264,0.5624809673054406,0.9328042575546279
1538,PD,SPTLC3,-0.58321005,,0.5597519096636836,0.9290488127198068
1539,PD,IL13RA1,-0.5910543,,0.5544840251357515,0.9233705664209017
1540,PD,HS3ST3A1,-0.61955297,,0.5355521561214167,0.8993319162408341
1541,PD,PLEKHG4B,-0.62060565,,0.5348591127803035,0.8989228786223589
1542,PD,LINC01703,-0.6214298,,0.5343168503211783,0.8987667793459684
1543,PD,LINC00866,-0.6217122,,0.5341311390634724,0.8987667793459684
1544,PD,GGT5,-0.629669,3.4466722,0.5289111568516591,0.8922831652685578
1545,PD,NMRK2,-0.6371613,3.7129567,0.524019779183762,0.8866662930351302
1546,PD,SLC2A9,-0.6438249,,0.5196890193792516,0.8800830133433558
1547,PD,AF279873.3,-0.64403355,,0.5195536720132532,0.8800830133433558
1548,PD,RGS16,-0.6481901,,0.5168620236335607,0.8779086600059434
1549,PD,CALB2,-0.6600222,,0.5092395789787557,0.8667907727297969
1550,PD,LINC02588,-0.67117536,,0.5021088241771676,0.8575727142223187
1551,PD,TNFAIP2,-0.6746325,,0.49990929713268684,0.8552768128874026
1552,PD,AL358075.2,-0.6752607,2.8320057,0.49951014253424597,0.8552768128874026
1553,PD,SLC6A12,-0.6858608,,0.49280089692530604,0.8460101234769202
1554,PD,SUSD6,-0.6876049,,0.49170162387679917,0.845574589641959
1555,PD,AC024901.1,-0.7091166,,0.47825211895462616,0.8274258113401838
1556,PD,PCP4,-0.70964485,,0.4779243850596049,0.8274258113401838
1557,PD,ZNRF3,-0.7136587,,0.47543826227119346,0.823983123520266
1558,PD,AC091849.2,-0.71594936,4.9354067,0.47402261297532977,0.8222421734177446
1559,PD,PACRG-AS3,-0.7177963,,0.47288289278641216,0.8215390451871132
1560,PD,NEURL2,-0.7181689,,0.47265315389616447,0.8215390451871132
1561,PD,TAC3,-0.71963656,,0.4717487948319995,0.821146727296779
1562,PD,PTAFR,-0.722023,,0.47028032421830823,0.8200180021243386
1563,PD,COL4A4,-0.72360134,,0.46931051953947855,0.8190410463167166
1564,PD,TMEM132C,-0.7266082,,0.4674659962377694,0.8165344912450121
1565,PD,MYOCOS,-0.72766435,4.239088,0.4668190683274702,0.8165344912450121
1566,PD,ANXA8,-0.7312846,3.1069977,0.4646053375187196,0.8146541412057853
1567,PD,FBN2,-0.7385455,,0.46018304819746203,0.8087575539498455
1568,PD,CD83,-0.7503404,,0.4530497153124128,0.7997347137024056
1569,PD,COL5A3,-0.7513155,,0.4524628179064615,0.7994042719195433
1570,PD,AC104574.2,-0.75569713,,0.4498308201120278,0.796865934653725
1571,PD,THBS1,-0.7763993,3.548417,0.4375132357675777,0.7778013080312492
1572,PD,TWIST2,-0.78101027,3.7990906,0.43479644623725844,0.7739788428750571
1573,PD,NUPR1,-0.78488404,,0.4325215492626596,0.7723269089809629
1574,PD,COL9A1,-0.7861909,,0.43175565791028203,0.7716812473820948
1575,PD,LMCD1,-0.7875235,-1.1207947,0.43097548224662907,0.7709758179725027
1576,PD,HS3ST2,-0.78924567,,0.42996844167342096,0.769862921528059
1577,PD,GLYCTK,-0.78926456,,0.4299574049409379,0.769862921528059
1578,PD,EDNRA,-0.79646057,,0.4257643959252734,0.7643885025588391
1579,PD,AC004852.2,-0.7971975,,0.4253363193572566,0.7643060545503263
1580,PD,PTH1R,-0.80072904,,0.42328852195923594,0.762353745367001
1581,PD,AC092131.1,-0.80723864,,0.41952901289180045,0.7565897437183056
1582,PD,LINC00463,-0.8092775,,0.4183555508073735,0.7551544238400243
1583,PD,ACSL1,-0.8144787,,0.41537076482609714,0.7504440195593445
1584,PD,CRLF2,-0.83320886,,0.40472694984320656,0.7358671815331028
1585,PD,PDGFRB,-0.8342122,,0.40416143839615826,0.7355076221950105
1586,PD,GRIK3,-0.8342484,,0.4041410161466382,0.7355076221950105
1587,PD,AC073612.1,-0.84624785,6.088497,0.39741448740347074,0.7252089186194721
1588,PD,NLRC5,-0.8568386,,0.39153409208312295,0.7184111781341705
1589,PD,ICAM1,-0.8635538,,0.3878330315792098,0.7122918032949436
1590,PD,AC016766.1,-0.8706209,,0.3839611924450742,0.708415484216004
1591,PD,RASL12,-0.87285453,3.746651,0.3827423763278076,0.707472044968221
1592,PD,RN7SL832P,-0.8812738,,0.3781696389725683,0.7003141462454968
1593,PD,STK32B,-0.898542,,0.3688966581039589,0.6856815206393287
1594,PD,CXorf36,-0.92265636,,0.35618632887263635,0.6663916349347734
1595,PD,AL445426.1,-0.9270443,,0.35390355560740405,0.663586538795046
1596,PD,AL110292.1,-0.92870635,,0.3530413003477878,0.6629883574606344
1597,PD,AL121999.1,-0.9393024,,0.3475755041891172,0.6545678044992791
1598,PD,LINC00607,-0.94390684,,0.3452172436028166,0.651353289816635
1599,PD,AC034114.2,-0.9547929,,0.3396824252141257,0.6421217867941885
1600,PD,CR1L,-0.9564256,,0.33885724794864236,0.6411679242169203
1601,PD,AL139125.1,-0.9645284,,0.33478107817778224,0.6346560723749427
1602,PD,XAF1,-0.97103816,,0.3315292707746006,0.6308834838717423
1603,PD,ARC,-0.971208,,0.33144472843755257,0.6308834838717423
1604,PD,AL392023.2,-0.97160935,,0.3312449219852448,0.6308834838717423
1605,PD,CRH,-1.0113077,,0.3118691870181758,0.5968788268290446
1606,PD,AC005699.1,-1.0399797,,0.29834931831395606,0.5759639349690271
1607,PD,UBC,-1.0623585,,0.28807295218138385,0.557740468889417
1608,PD,AC069185.1,-1.0636337,,0.2874946696772638,0.5575476924440338
1609,PD,PWRN1,-1.0819845,,0.2792593812899232,0.5438352118596363
1610,PD,SFMBT2,-1.0826558,,0.2789612570089747,0.5438352118596363
1611,PD,AC046195.1,-1.0903428,,0.27556216327716054,0.5387334570423471
1612,PD,GBP2,-1.0991459,,0.27170441267646483,0.5327537503460095
1613,PD,ZBED9,-1.1110579,,0.26654345959907966,0.5257267447713603
1614,PD,MCUB,-1.1141231,,0.26522638930180353,0.5236453885524256
1615,PD,PTCHD1-AS,-1.1218573,,0.2619231297293969,0.5181466463489554
1616,PD,GPX7,-1.1270173,,0.2597351737327699,0.5147199386291024
1617,PD,LINC02057,-1.1366609,,0.2556800332969209,0.5073016533669066
1618,PD,CCL2,-1.1377561,,0.2552223562164736,0.5070938170934524
1619,PD,INHBA,-1.146407,,0.2516268069589467,0.5007498645949188
1620,PD,RIPOR3,-1.164991,,0.24402265116583666,0.4880453023316733
1621,PD,AC245140.2,-1.1658847,,0.2436610400085638,0.48780988990703467
1622,PD,LINC01841,-1.1786498,,0.2385376483150904,0.4780313593488785
1623,PD,USH1C,-1.1847725,,0.2361074109920781,0.47411126705236567
1624,PD,LTBP2,-1.1947275,,0.23219349429770586,0.46719012937164156
1625,PD,SAMMSON,-1.2135565,,0.22491711860148056,0.45391951281832604
1626,PD,C1QTNF1,-1.2173517,,0.2234704334512384,0.4519118977780352
1627,PD,VAV3,-1.220052,,0.22244516825022265,0.45029386285470174
1628,PD,TMEM217,-1.2201989,,0.22238948894944366,0.45029386285470174
1629,PD,PRRX1,-1.222027,,0.2216974416542521,0.44969055102282374
1630,PD,CNTN6,-1.2244481,,0.22078322787061444,0.448746398111005
1631,PD,WIF1,-1.2397299,,0.21507530509656048,0.4375896339706215
1632,PD,AHNAK,-1.242675,,0.2139876254779769,0.43626427212635455
1633,PD,ALPL,-1.2705371,,0.20389335238410988,0.41824277412125105
1634,PD,PDE3A,-1.2714583,,0.20356567124473657,0.41799932493785746
1635,PD,BIRC3,-1.2720752,,0.20334639096837448,0.41799932493785746
1636,PD,ITGB5,-1.2784209,,0.2011010468250658,0.4146413336599295
1637,PD,MAPK4,-1.278481,,0.2010798696243299,0.4146413336599295
1638,PD,RBM20,-1.2841103,,0.19910334506809346,0.4117959567075356
1639,PD,FGL1,-1.2889884,,0.1974021216227042,0.4091235681299569
1640,PD,TRIB1,-1.2984047,1.5452683,0.1941483081005173,0.40321559314749184
1641,PD,PARP14,-1.3091679,,0.1904774863511588,0.3964151641023076
1642,PD,PHLDB2,-1.3110087,,0.18985481742293386,0.3955308696311122
1643,PD,PCAT1,-1.3147192,,0.1886042952886331,0.39333533949662797
1644,PD,KIAA0040,-1.3239173,,0.1855305339089529,0.3885456207517339
1645,PD,IFNG-AS1,-1.324034,,0.1854917561230387,0.3885456207517339
1646,PD,BCO1,-1.3247737,,0.18524623936570195,0.3885456207517339
1647,PD,VIP,-1.331171,,0.1831327357765199,0.3847326381859662
1648,PD,AC096637.1,-1.3469996,,0.17798035197158224,0.37588247512477774
1649,PD,MRC1,-1.3538536,,0.1757830991506456,0.37242182023441867
1650,PD,TERB1,-1.35858,,0.1742797362394506,0.37080794944563955
1651,PD,VEGFC,-1.3612995,,0.173419061873048,0.3693696738510075
1652,PD,GADD45B,-1.3624171,,0.1730662956591288,0.3692958193809778
1653,PD,PLOD2,-1.388026,,0.16512913740830015,0.35359558331541785
1654,PD,CLEC5A,-1.3884417,,0.1650025926899823,0.35359558331541785
1655,PD,AC008050.1,-1.4000669,,0.1614933103098518,0.3469244045324421
1656,PD,EMP2,-1.4113922,,0.158128988422219,0.34153129248859393
1657,PD,SNTB1,-1.4369912,,0.15072049090060974,0.3269424965306068
1658,PD,LINC02511,-1.4480522,,0.14760244755163518,0.3212240425498045
1659,PD,ANXA2,-1.4778955,,0.13943576384809317,0.30411289825102106
1660,PD,SLC4A4,-1.4906403,,0.1360559638440299,0.29706542324023993
1661,PD,ADAMTS6,-1.4926656,,0.13552474475616028,0.2964619675419583
1662,PD,HILPDA,-1.5013236,,0.13327189934263037,0.29258375267317316
1663,PD,MIR4300HG,-1.5115987,,0.13063597605206606,0.28711203527926604
1664,PD,ROR2,-1.5233123,,0.1276805692854699,0.2815448054806392
1665,PD,STX4,-1.528157,,0.12647355231894655,0.2791910647217363
1666,PD,AC136489.1,-1.533776,,0.12508475347558817,0.27643039442118933
1667,PD,ZFHX3,-1.5387262,,0.12387114930610493,0.27435470499691017
1668,PD,ADAMTS9-AS2,-1.542105,,0.12304809983772862,0.2728339242521699
1669,PD,TNC,-1.5651019,,0.11755903095537774,0.2627017451516821
1670,PD,ERBB4,-1.5702817,,0.1163495905875356,0.2605813898936968
1671,PD,SLC13A4,-1.5768294,,0.1148347768696515,0.25747707818307514
1672,PD,FTL,-1.5806801,,0.11395119489836861,0.2560701008952104
1673,PD,LINC02008,-1.592448,,0.11128408522869697,0.2509224018685388
1674,PD,LINC01524,-1.5963734,,0.11040544119486591,0.24989366212805766
1675,PD,SREK1IP1,-1.6217659,,0.10485350434698897,0.23884625135988374
1676,PD,HSPB1,-1.6531408,,0.09830221143442572,0.22443427268133725
1677,PD,CA8,-1.6582645,,0.09726407865098188,0.2228272134043113
1678,PD,C1QL1,-1.6651528,,0.09588226673925555,0.22016593969978313
1679,PD,APOD,-1.6868981,,0.09162295436432336,0.21111279807447778
1680,PD,COL4A3,-1.6950814,,0.09005998878556486,0.2077508391823872
1681,PD,LINC02076,-1.6992695,,0.08926841017210713,0.20640094837481418
1682,PD,GBP1,-1.7207072,,0.08530396545633682,0.19884374232246346
1683,PD,THEMIS,-1.7526735,,0.07965807583714016,0.18611699961948636
1684,PD,SV2C,-1.7580601,,0.07873728319905947,0.18418077941300462
1685,PD,CHODL,-1.7584882,,0.07866447545980815,0.18418077941300462
1686,PD,FERMT1,-1.7659125,,0.07741051592234562,0.1815017958319944
1687,PD,SEMA3E,-1.7755855,,0.07580126532683519,0.1783559184160828
1688,PD,DLX6-AS1,-1.81468,,0.06957310250765408,0.1650607414179219
1689,PD,GBE1,-1.8182882,,0.06902009598339325,0.1640182749223135
1690,PD,ETS1,-1.8198364,,0.06878392716104237,0.16377125514533897
1691,PD,PLA2G5,-1.8290818,,0.06738736556263776,0.16102118414011413
1692,PD,CXorf38,-1.8291906,,0.0673710504704557,0.16102118414011413
1693,PD,GCC2-AS1,-1.8991929,,0.057539110541812044,0.13999783586815584
1694,PD,RORB,-1.906424,,0.0565952087554636,0.138037094525521
1695,PD,SOCS3,-1.9209791,,0.05473433022169506,0.1344823838370886
1696,PD,NOX4,-1.9390185,,0.0524990817974396,0.12914903271202854
1697,PD,GEM,-1.9438031,,0.051919201451535044,0.1278798065308745
1698,PD,RGR,-1.9508324,,0.05107699196093194,0.1259605227149986
1699,PD,LIMS2,-1.9519045,,0.05094954010894353,0.1258013336023297
1700,PD,PLSCR1,-1.9610606,,0.04987195340688718,0.123292839077595
1701,PD,LINC01876,-1.9611052,,0.04986674658860809,0.123292839077595
1702,PD,AXL,-1.9768939,,0.0480536178913388,0.11923974662863225
1703,PD,LUZP2,-1.984076,,0.04724736388659941,0.11753075593681445
1704,PD,AC109492.1,-2.0054467,,0.044915306859706496,0.11228826714926624
1705,PD,IFITM3,-2.024032,,0.04296684842087236,0.1079569055800813
1706,PD,PAWR,-2.0343125,,0.04192010341448938,0.10559220003649718
1707,PD,SERPINE1,-2.0896983,,0.03664490405793902,0.09312555033783741
1708,PD,RBMS3,-2.1146677,,0.03445827415146565,0.08779178127761948
1709,PD,SDS,-2.1157882,,0.034362824651440485,0.08766026696796042
1710,PD,GLIS3,-2.1419435,,0.03219803008896153,0.08245334209721261
1711,PD,CMTM8,-2.1587684,,0.030868130836466934,0.07935252143050625
1712,PD,LINC00982,-2.1799057,,0.02926445107610992,0.07542384297966474
1713,PD,PCED1B,-2.1973896,,0.027992626825621737,0.0723323690584541
1714,PD,COTL1,-2.2424662,,0.024931252418938166,0.06492513650765147
1715,PD,KCNMB2-AS1,-2.2741463,,0.022957189507662266,0.06033426940252895
1716,PD,ADAMTS1,-2.303772,,0.02123545174789797,0.05588276775762624
1717,PD,SLC6A13,-2.325333,,0.020054150148798442,0.053123576553108454
1718,PD,USP53,-2.329527,,0.019831168808155664,0.05262659222396201
1719,PD,MAOB,-2.3324127,,0.019678993551700694,0.052337748807714614
1720,PD,AL391117.1,-2.3455646,,0.01899828642152243,0.0507297367730906
1721,PD,RERG,-2.3533752,,0.01860385667102833,0.04987629134323949
1722,PD,RDH10,-2.3591304,,0.018317820660281554,0.04924145338785364
1723,PD,NID1,-2.359367,,0.01830614611777788,0.04924145338785364
1724,PD,ZFP36L2,-2.3934176,,0.01669223069886958,0.04511413702397184
1725,PD,SLC25A18,-2.40072,,0.016362857768466826,0.044283782864592225
1726,PD,C11orf96,-2.402987,,0.01626177028974113,0.0440698381835803
1727,PD,CRISPLD2,-2.4042342,,0.01620638655018653,0.04397933934921718
1728,PD,AC009226.1,-2.4068568,,0.01609048384545395,0.04372414088438573
1729,PD,AC051619.4,-2.409175,,0.015988628770751787,0.043506472845583094
1730,PD,RNF152,-2.4486265,,0.014340207715220247,0.03939617504181386
1731,PD,EMP1,-2.4651055,,0.013697294626618818,0.03768169085727323
1732,PD,HIF3A,-2.4683757,,0.013572775970027186,0.03739056741054321
1733,PD,AC006369.1,-2.4821973,,0.013057493939023515,0.036070425245921314
1734,PD,PAPPA,-2.5081794,,0.012135503935989861,0.033709733155527395
1735,PD,AL365273.2,-2.5172577,,0.011827231187652365,0.03294493367034085
1736,PD,RAB31,-2.5319366,,0.011343450764235053,0.031685616659874453
1737,PD,ADGRG1,-2.5334828,,0.011293526920264902,0.03159028509165008
1738,PD,BEST3,-2.5348995,,0.011247956832162837,0.03150688188280907
1739,PD,KLHL1,-2.5678575,,0.010232922173672205,0.02882513288358368
1740,PD,GPC5,-2.584387,,0.009755221866941142,0.02763518942476244
1741,PD,VCAN,-2.5982492,,0.009370046745427603,0.026695289873013117
1742,PD,MBNL3,-2.6242216,,0.00868472815151309,0.02495611537791118
1743,PD,SPART-AS1,-2.7210386,,0.00650771601870575,0.019056269454482428
1744,PD,FREM1,-2.748332,,0.005989930832047648,0.017643389785118254
1745,PD,AL035078.4,-2.7822607,,0.005398166455453144,0.016018298087398054
1746,PD,VIM,-2.793368,,0.00521623085598473,0.015547632953754782
1747,PD,IL33,-2.8181586,,0.004829993595410423,0.014439442736652982
1748,PD,LCNL1,-2.8318102,,0.0046285305037156435,0.013857875759627674
1749,PD,FGD4,-2.844213,,0.004452127190163757,0.013389856211018819
1750,PD,ANGPT1,-2.8476028,,0.0044049866737566265,0.013268032149869356
1751,PD,MT3,-2.8640406,,0.0041827423960743345,0.012655801500981344
1752,PD,LINC00598,-2.8977597,,0.003758385087687939,0.011441050495244867
1753,PD,AL022068.1,-2.9007394,,0.0037228332015015377,0.011350101224090053
1754,PD,EDA,-2.9119515,,0.0035917837439197347,0.010967278607388503
1755,PD,ADAMTS9,-2.9144273,,0.003563418332078434,0.010913991828724146
1756,PD,PLIN2,-2.9298046,,0.0033917535845922457,0.010468375261087178
1757,PD,USP6NL,-2.9381022,,0.0033022812045917123,0.010239631642144843
1758,PD,HES4,-2.940272,,0.0032792408516214375,0.010183977800066576
1759,PD,C8orf34,-2.9545584,,0.0031311700854770932,0.009769641452346624
1760,PD,AP003354.2,-2.9591806,,0.003084583907860173,0.009654409727261887
1761,PD,SLFN5,-2.9758875,,0.002921419123841133,0.009172430530113447
1762,PD,HSPB8,-2.9839904,,0.0028451571335828723,0.008947035011266894
1763,PD,BMP2K,-3.0050333,,0.0026555173270163576,0.008363834100838921
1764,PD,EMX2,-3.0357335,,0.00239951297372761,0.0076054293937483685
1765,PD,CABLES1,-3.0519056,,0.0022739349588008244,0.007241831078983517
1766,PD,YBX3,-3.0704963,,0.0021370324379018477,0.006838503801285913
1767,PD,PDE7B,-3.0720568,,0.002125892607858927,0.006813758358522202
1768,PD,IL7,-3.0841737,,0.002041184580100864,0.0065527594866801415
1769,PD,ITGA1,-3.107785,,0.0018849513124323777,0.006080488104620573
1770,PD,HAP1,-3.1730604,,0.0015084115687262047,0.004913392732007181
1771,PD,ALDH1A2,-3.185515,,0.001444966042893828,0.00472211125128702
1772,PD,EYA2,-3.201439,,0.0013674312012743205,0.004476043212027236
1773,PD,AC023389.1,-3.233094,,0.0012245723766748859,0.004048173146032681
1774,PD,CSF1,-3.2436495,,0.0011800886454295246,0.003907578296124254
1775,PD,SERPINH1,-3.2624474,,0.00110454680704469,0.0036756965292668556
1776,PD,GLDC,-3.3271706,,0.0008773264289834488,0.0029440484194075463
1777,PD,LINC01344,-3.3353937,,0.0008517869153284111,0.00286314929522155
1778,PD,PLAT,-3.3381445,,0.0008433984136701545,0.002839725298552709
1779,PD,MYO1E,-3.3420544,,0.000831607461770572,0.0028047469199682026
1780,PD,LIMK2,-3.381022,,0.0007221678760162548,0.002448026698360186
1781,PD,TIMP1,-3.4039733,,0.0006641321608138776,0.002269303138595385
1782,PD,AC073529.1,-3.40862,,0.0006529230596179379,0.002236037875403897
1783,PD,CC2D2B,-3.4212048,,0.000623443651012693,0.002142418044717158
1784,PD,LINC00299,-3.4294546,,0.0006047954409927046,0.0020819120171865907
1785,PD,SCG2,-3.4712653,,0.0005180119242382653,0.0017986525147161991
1786,PD,PID1,-3.4878528,,0.00048691604809951504,0.0016965715961655577
1787,PD,TIMP3,-3.491042,,0.00048114083036333914,0.0016793746260500494
1788,PD,FN1,-3.4970186,,0.00047048900226023875,0.0016450664414693664
1789,PD,STAG3,-3.5869613,,0.0003345538816051029,0.001194835291446796
1790,PD,AC002429.2,-3.5946712,,0.00032480159441100045,0.0011641634208279586
1791,PD,TCF7L1,-3.5950005,,0.00032439081969457397,0.0011641634208279586
1792,PD,TMC1,-3.5980158,,0.00032065405058804707,0.0011534318366476512
1793,PD,F11-AS1,-3.6460936,,0.00026625701530849264,0.0009612166617635113
1794,PD,FAM107A,-3.6676788,,0.0002447624140090124,0.0008900451418509541
1795,PD,FGFR3,-3.6868114,,0.0002270814691346472,0.0008287644858928729
1796,PD,SLC39A12,-3.7054253,,0.00021103637821402217,0.0007730270264249896
1797,PD,PAPLN,-3.7329707,,0.00018923460006446975,0.000694438899319155
1798,PD,EZR,-3.739865,,0.00018411903703725461,0.0006769082244016713
1799,PD,WDR49,-3.7665813,,0.00016549822411356135,0.000609569886237795
1800,PD,CACHD1,-3.7850213,,0.0001536954478758039,0.0005690983845193063
1801,PD,SLC14A1,-3.792821,,0.0001489455978766948,0.0005526738325665855
1802,PD,AP003181.1,-3.8016384,,0.00014374245546918096,0.0005353536516543052
1803,PD,MDFIC,-3.8272245,,0.000129596305287603,0.0004835683033119515
1804,PD,LINC01266,-3.8320072,,0.00012710204397447448,0.0004760376178819269
1805,PD,SULF1,-3.88473,,0.00010244359866573924,0.00038585159572783137
1806,PD,PLCE1,-3.8848712,,0.0001023841694421803,0.00038585159572783137
1807,PD,HPSE2,-3.9280248,,8.564635237331671e-05,0.000326271818565016
1808,PD,NPL,-3.9717183,,7.135606517950093e-05,0.00027339488574521425
1809,PD,HSPA6,-4.0175853,,5.8797601907065605e-05,0.0002274568739151474
1810,PD,RHOJ,-4.1074467,,4.000572660970627e-05,0.00015862268954592936
1811,PD,STK17B,-4.1230226,,3.739330432215358e-05,0.00014957321728861433
1812,PD,ENTPD1,-4.183274,,2.8734104715161543e-05,0.00011586332546436107
1813,PD,VRK2,-4.193973,,2.7411058092480088e-05,0.00011075174986860642
1814,PD,PLPP4,-4.2277446,,2.360455001626762e-05,9.644908933136847e-05
1815,PD,BICC1,-4.2673926,,1.9777079164445284e-05,8.12200376363256e-05
1816,PD,TENT5A,-4.2810173,,1.860407618338986e-05,7.655998429378544e-05
1817,PD,BACE2,-4.2953134,,1.7444678237771383e-05,7.193681747534592e-05
1818,PD,AEBP1,-4.3231654,,1.53806342910957e-05,6.368792667120372e-05
1819,PD,OSMR-AS1,-4.33025,,1.4894029484020922e-05,6.180095221585445e-05
1820,PD,SOCS6,-4.3362374,,1.4494239990440854e-05,6.0392666626836896e-05
1821,PD,EPAS1,-4.3499928,,1.3614213098181445e-05,5.696323472042446e-05
1822,PD,MT1E,-4.3646884,,1.273040233453444e-05,5.3376948991758655e-05
1823,PD,CRISPLD1,-4.383341,,1.1687315266128948e-05,4.9417823535428956e-05
1824,PD,GFRA1,-4.386217,,1.1533894928109818e-05,4.887243613605855e-05
1825,PD,AC008014.1,-4.4630857,,8.078774190693508e-06,3.46728506038348e-05
1826,PD,LGALS3,-4.4673805,,7.918322732221575e-06,3.405730207407129e-05
1827,PD,ATP1A2,-4.56146,,5.079913652713122e-06,2.2038670944525475e-05
1828,PD,EYA1,-4.5679393,,4.925421109163973e-06,2.146152988742472e-05
1829,PD,LINC00877,-4.5856204,,4.5263998461622585e-06,1.9809189698740738e-05
1830,PD,AL138828.1,-4.6040406,,4.143714411815527e-06,1.8294544864527714e-05
1831,PD,RASSF8,-4.6113243,,4.001114551707746e-06,1.7704046688972325e-05
1832,PD,ODC1,-4.63819,,3.514742440278531e-06,1.5621077512349026e-05
1833,PD,CNTNAP3B,-4.650031,,3.318846523354587e-06,1.4816279122118692e-05
1834,PD,RANBP3L,-4.6606817,,3.151634229355863e-06,1.413288892087831e-05
1835,PD,MGST1,-4.760061,,1.935348098756834e-06,8.737463199805119e-06
1836,PD,SLC30A10,-4.765131,,1.8873101377930201e-06,8.539864876891493e-06
1837,PD,IL1R1,-4.808269,,1.5224277611267693e-06,7.048276671883192e-06
1838,PD,CD38,-4.8475585,,1.2499003820193492e-06,5.840655990744623e-06
1839,PD,GRIN2C,-4.9111075,,9.056340654984746e-07,4.271858799521107e-06
1840,PD,LHFPL3,-4.955404,,7.218014887401467e-07,3.4371499463816512e-06
1841,PD,ETNPPL,-4.992268,,5.967439476393268e-07,2.848419797801083e-06
1842,PD,MARCH3,-5.0276275,,4.965851782290314e-07,2.3817034927051867e-06
1843,PD,RNF219-AS1,-5.0522346,,4.366703241727884e-07,2.1146262671805736e-06
1844,PD,ITPKB,-5.0623393,,4.141435649998493e-07,2.0152971532839383e-06
1845,PD,ALK,-5.1026325,,3.3496080627093724e-07,1.6459990480144338e-06
1846,PD,ITGA6,-5.1029763,,3.3435299014978874e-07,1.6459990480144338e-06
1847,PD,CDC14A,-5.1215053,,3.031065141258222e-07,1.5042506904507306e-06
1848,PD,IFI16,-5.1423697,,2.7129458992536413e-07,1.353090224066654e-06
1849,PD,HGF,-5.205604,,1.9336631497915043e-07,9.765975503997497e-07
1850,PD,RAP2C-AS1,-5.213803,,1.8500829417061035e-07,9.391283968051287e-07
1851,PD,EPS8,-5.314466,,1.0697041321137212e-07,5.513938825328459e-07
1852,PD,LHFPL6,-5.320701,,1.0336800827748498e-07,5.342015931652971e-07
1853,PD,ABCC9,-5.335973,,9.503355157673045e-08,4.924018216410904e-07
1854,PD,EMX2OS,-5.3501153,,8.789832032153711e-08,4.578037516746725e-07
1855,PD,C8orf37-AS1,-5.415404,,6.115048335640695e-08,3.2076543368119304e-07
1856,PD,GFAP,-5.421864,,5.8980764187264646e-08,3.1042507466981394e-07
1857,PD,PDK4,-5.482357,,4.196965758216695e-08,2.2206168032892565e-07
1858,PD,PRDM16,-5.605504,,2.0764962631464245e-08,1.107464673678093e-07
1859,PD,SLC7A11,-5.63515,,1.749060846774843e-08,9.378342341956263e-08
1860,PD,ARHGAP29,-5.6373086,,1.727284013008228e-08,9.28647318821628e-08
1861,PD,AL132780.1,-5.6574144,,1.5367018220217817e-08,8.306496335252874e-08
1862,PD,ACSBG1,-5.6670485,,1.4527811516882773e-08,7.8741525836763e-08
1863,PD,PARD3,-5.6738873,,1.3959297493258016e-08,7.628031417080883e-08
1864,PD,ATP2C2,-5.693407,,1.2452885006792847e-08,6.823498633859094e-08
1865,PD,HSPA5,-5.7478404,,9.039046738019334e-09,4.9801910402310384e-08
1866,PD,GLI3,-5.749463,,8.952722264755485e-09,4.946255394892534e-08
1867,PD,BAG3,-5.7877383,,7.134042495538545e-09,3.9633569419658584e-08
1868,PD,GJA1,-5.906661,,3.4911062403333854e-09,1.9668204170892312e-08
1869,PD,TGFB2,-5.9069233,,3.485558084886648e-09,1.9668204170892312e-08
1870,PD,AC027117.2,-5.9473224,,2.7256453185498567e-09,1.553074255583964e-08
1871,PD,AC078881.1,-5.957011,,2.5689273066440037e-09,1.4679584609394308e-08
1872,PD,AC066613.2,-5.9695663,,2.378853077423783e-09,1.3632395859162083e-08
1873,PD,PCBP3,-6.0074353,,1.8848123100498513e-09,1.0832254655458916e-08
1874,PD,BAALC-AS1,-6.0614347,,1.3491257369529252e-09,7.843754284610032e-09
1875,PD,SDC2,-6.073404,,1.2522693770385925e-09,7.301862256784795e-09
1876,PD,SHROOM3,-6.077094,,1.223799051698131e-09,7.156719600573865e-09
1877,PD,TPD52L1,-6.1729846,,6.701272275113811e-10,3.9419248677140065e-09
1878,PD,ANGPTL4,-6.235012,,4.5174297761412136e-10,2.688946295322151e-09
1879,PD,AC090502.1,-6.2660217,,3.703884379212648e-10,2.224555182710299e-09
1880,PD,PADI2,-6.304039,,2.89987466125505e-10,1.7521901276465556e-09
1881,PD,ARHGAP42,-6.3254385,,2.525147181340434e-10,1.531379600350747e-09
1882,PD,RGS20,-6.338939,,2.3135217804635524e-10,1.4106840124777757e-09
1883,PD,BBOX1,-6.369588,,1.8953649363141605e-10,1.159244609366459e-09
1884,PD,CRYAB,-6.427575,,1.2965568143253874e-10,8.003437125465354e-10
1885,PD,AQP4,-6.51846,,7.103308190592747e-11,4.4674894280457527e-10
1886,PD,SRGAP1,-6.5535445,,5.618712315434883e-11,3.556147035085369e-10
1887,PD,SPON1,-6.569898,,5.034971828207953e-11,3.1968075099733033e-10
1888,PD,IFNGR1,-6.5706987,,5.007974718487501e-11,3.1897928143232487e-10
1889,PD,EFEMP1,-6.5976195,,4.178114923159567e-11,2.686890625826088e-10
1890,PD,EGFR,-6.6203294,,3.583996746773236e-11,2.3268303412841888e-10
1891,PD,CNDP1,-6.6270204,,3.4253061472521736e-11,2.2314698027701458e-10
1892,PD,CD44,-6.6397114,,3.142977475137622e-11,2.0609688361558177e-10
1893,PD,CGNL1,-6.693679,,2.1762858796903252e-11,1.4364923298285976e-10
1894,PD,AC099792.1,-6.7939267,,1.0912173680110582e-11,7.323606496718512e-11
1895,PD,SLC24A3,-6.8671207,,6.551056144365042e-12,4.44139399617969e-11
1896,PD,PITPNC1,-6.8941817,,5.4175711786366925e-12,3.71066519084705e-11
1897,PD,MT1X,-6.9724064,,3.1156521288466794e-12,2.163647311699083e-11
1898,PD,GNA14-AS1,-7.008359,,2.411293929075502e-12,1.6862195308220296e-11
1899,PD,SDC4,-7.025682,,2.130231440877299e-12,1.5001629865333094e-11
1900,PD,NHSL1,-7.070283,,1.546180836558342e-12,1.1004845811803145e-11
1901,PD,LINC01182,-7.0731564,,1.5144853578442833e-12,1.089557811398765e-11
1902,PD,SELENOP,-7.0990834,,1.2558701007827514e-12,9.067654157276183e-12
1903,PD,RBPMS,-7.199988,,6.021788425222701e-13,4.411566611884763e-12
1904,PD,NRP1,-7.223662,,5.060603945283283e-13,3.721032312708296e-12
1905,PD,GLI2,-7.2506843,,4.146717372163267e-13,3.0603080237367284e-12
1906,PD,EYA4,-7.254274,,4.0382185561576896e-13,2.9912730045612514e-12
1907,PD,AC006059.1,-7.3175364,,2.5256488939185706e-13,1.884812607401918e-12
1908,PD,TMEM164,-7.3417263,,2.10856210945796e-13,1.5913676297795923e-12
1909,PD,LINC00609,-7.405565,,1.3059351945674078e-13,9.968970950896241e-13
1910,PD,LRRC3B,-7.5379767,,4.773185043002456e-14,3.743674543531338e-13
1911,PD,YAP1,-7.5781345,,3.5055915944893277e-14,2.7712186517702197e-13
1912,PD,SOX9,-7.646239,,2.069428627021673e-14,1.6555429016173384e-13
1913,PD,AL354809.1,-7.693479,,1.4318718352418485e-14,1.1556314505948175e-13
1914,PD,FAM189A2,-7.7759275,,7.489666214813407e-15,6.215490634699923e-14
1915,PD,MTRNR2L12,-7.805564,,5.923603054171577e-15,4.9569900034908593e-14
1916,PD,WWTR1,-7.825454,,5.058262235972762e-15,4.250640534430892e-14
1917,PD,AP000282.1,-7.8988385,,2.8151473703456856e-15,2.406108863543321e-14
1918,PD,CXCL14,-7.9941473,,1.304736831304109e-15,1.1395081496105755e-14
1919,PD,AL034405.1,-7.996504,,1.2800160393617044e-15,1.1228210871593898e-14
1920,PD,PDE10A,-8.013448,,1.1153705511548292e-15,9.914404899154038e-15
1921,PD,OSMR,-8.118661,,4.713536542999522e-16,4.285033220908656e-15
1922,PD,KCNIP1,-8.2278385,,1.9062216346272527e-16,1.773229427560235e-15
1923,PD,ITGA2,-8.268375,,1.3579706582192147e-16,1.287175979354706e-15
1924,PD,IGFBP7,-8.363163,,6.105853127925352e-17,5.956929880902783e-16
1925,PD,LINC00511,-8.36887,,5.817364721601036e-17,5.703298746667683e-16
1926,PD,WARS,-8.380918,,5.251675730918105e-17,5.199678941503074e-16
1927,PD,SOX6,-8.395104,,4.654793362877822e-17,4.654793362877821e-16
1928,PD,RFX4,-8.548538,,1.246569713980142e-17,1.2720099122246345e-16
1929,PD,CST3,-8.564325,,1.0871077815787028e-17,1.1149823400807208e-16
1930,PD,ACSS3,-8.607444,,7.470798174944627e-18,7.701853788602708e-17
1931,PD,MEGF11,-8.621895,,6.585497278536757e-18,6.824349511437053e-17
1932,PD,C4orf19,-8.652846,,5.023049694201347e-18,5.259737899687274e-17
1933,PD,COLEC12,-8.682116,,3.884747896591815e-18,4.08920831220191e-17
1934,PD,SLCO1C1,-8.713907,,2.9357743684613613e-18,3.123164221767406e-17
1935,PD,AL137145.2,-8.725239,,2.6561852676213327e-18,2.8408398584185377e-17
1936,PD,SCARA3,-8.739052,,2.3507578627367017e-18,2.527696626598604e-17
1937,PD,SLC7A2,-8.7401085,,2.328869127925976e-18,2.5176963545145686e-17
1938,PD,SLC1A2,-8.749259,,2.1475877104967015e-18,2.3343344679311974e-17
1939,PD,PAMR1,-8.749512,,2.142775521937921e-18,2.3343344679311974e-17
1940,PD,NKAIN3,-8.768519,,1.8103124750707246e-18,1.9893543682095874e-17
1941,PD,BMPR1B,-8.821547,,1.1288957064455114e-18,1.2684221420736084e-17
1942,PD,FGF2,-8.829955,,1.0471787948844185e-18,1.1832528755756143e-17
1943,PD,RYR3,-8.831857,,1.0295250835338066e-18,1.169914867652053e-17
1944,PD,AC113414.1,-8.882727,,6.524114884500877e-19,7.498982625863078e-18
1945,PD,MRVI1,-8.894277,,5.88010661111521e-19,6.7978111111158496e-18
1946,PD,DEPP1,-9.03882,,1.5837206207212084e-19,1.885381691334772e-18
1947,PD,DDR2,-9.12421,,7.226108802186682e-20,8.706155183357447e-19
1948,PD,AC012593.1,-9.125096,,7.167233811349106e-20,8.687556134968613e-19
1949,PD,PLEKHG1,-9.169085,,4.7705122694185883e-20,5.889521320269862e-19
1950,PD,STON2,-9.297107,,1.4431992561325915e-20,1.8039990701657394e-19
1951,PD,FLT3,-9.536898,,1.4716871606849929e-21,1.9492545174635667e-20
1952,PD,LINC01608,-9.606646,,7.49510879159773e-22,1.0060548713554e-20
1953,PD,SEMA5A,-9.776192,,1.424707820978124e-22,2.006630733772006e-21
1954,PD,PLSCR4,-9.801831,,1.105631830977301e-22,1.568272100677023e-21
1955,PD,ALDH1L1,-9.822151,,9.039387400576112e-23,1.2913410572251588e-21
1956,PD,GLDN,-9.823291,,8.937687407624167e-23,1.285998188147362e-21
1957,PD,ZNF98,-9.895398,,4.358722819652514e-23,6.409886499488991e-22
1958,PD,AL078590.3,-9.967641,,2.1118506781458816e-23,3.1757153054825284e-22
1959,PD,AC098829.1,-10.056934,,8.562297453861708e-24,1.2973177960396527e-22
1960,PD,ATP13A4,-10.059897,,8.308478459711764e-24,1.2684699938491242e-22
1961,PD,ARHGEF26,-10.093132,,5.924830234249828e-24,9.115123437307428e-23
1962,PD,LINC02328,-10.106792,,5.154444963332559e-24,8.053820255207123e-23
1963,PD,LRIG1,-10.164769,,2.8479647316188293e-24,4.5205789390775065e-23
1964,PD,ALDH1A1,-10.170447,,2.6867147975089143e-24,4.298743676014263e-23
1965,PD,ABTB2,-10.291196,,7.721118530965496e-25,1.2657571362238517e-23
1966,PD,STK33,-10.431875,,1.7735293493589998e-25,3.0059819480661014e-24
1967,PD,CHRM5,-10.628207,,2.2030776976645714e-26,3.9695093651613897e-25
1968,PD,GNA14,-10.826456,,2.579473003926283e-27,4.821444867151931e-26
1969,PD,HDAC2-AS2,-10.921426,,9.10545938853691e-28,1.7510498824109444e-26
1970,PD,PARD3B,-11.042654,,2.3789933768531774e-28,4.619404615248889e-27
1971,PD,SMOC1,-11.085031,,1.4830031528175991e-28,2.9078493192501947e-27
1972,PD,PTPRZ1,-11.154582,,6.80117725184991e-29,1.3602354503699818e-27
1973,PD,TRPM3,-11.243687,,2.4877196247459476e-29,5.076978826012138e-28
1974,PD,PCSK5,-11.327494,,9.590960224540422e-30,1.9981167134459211e-28
1975,PD,TUBB2B,-11.367961,,6.038164477308353e-30,1.2711925215386007e-28
1976,PD,ADAMTS18,-11.419721,,3.333045433089775e-30,7.091586027850584e-29
1977,PD,HAPLN2,-12.057988,,1.7603113624287544e-33,4.000707641883533e-32
1978,PD,MTRNR2L8,-12.1252575,,7.761613094261732e-34,1.7842788722440765e-32
1979,PD,ELOVL7,-12.330957,,6.170925368655718e-35,1.469267944918028e-33
1980,PD,OPALIN,-12.619107,,1.6568872349321217e-36,4.142218087330304e-35
1981,PD,F3,-12.731623,,3.9455376356273855e-37,1.0116763168275347e-35
1982,PD,GALNT15,-13.0582485,,5.702460001839908e-39,1.6063267610816642e-37
1983,PD,CHI3L1,-13.214061,,7.278935178301206e-40,2.0796957652289156e-38
1984,PD,AC108866.1,-13.442536,,3.4056071053606455e-41,1.0016491486354839e-39
1985,PD,MT2A,-14.723034,,4.586137644559401e-49,1.6676864162034185e-47
1986,PD,AHCYL1,-15.107139,,1.4531392346102292e-51,5.8125569384409165e-50
1987,PD,LINC01170,-15.545953,,1.6948207650146406e-54,7.532536733398402e-53
1988,PD,ATP1B2,-15.90747,,5.624054085935241e-57,2.6781209933024956e-55
1989,PD,SAMD4A,-16.419754,,1.3812385861201246e-60,6.906192930600623e-59
1990,PD,SLC1A3,-16.970093,,1.3671506377764237e-64,7.390003447440129e-63
1991,PD,MAG,-17.048586,,3.5809358231670335e-65,2.046249041809733e-63
1992,PD,SLC5A11,-17.790464,,8.378401043801443e-71,5.405420028258996e-69
1993,PD,LINC01630,-18.035229,,1.0306823063498586e-72,6.8712153756657244e-71
1994,PD,SVEP1,-18.430683,,7.4534796889475e-76,5.323914063533929e-74
1995,PD,TXNIP,-20.010597,,4.452758465511466e-89,4.947509406123852e-87
1996,PD,PLCG2,-23.229362,,2.300041049119313e-119,3.833401748532188e-117
1997,PD,AL359091.1,-24.55696,,3.644609532881818e-133,7.289219065763635e-131
1998,PD,CARNS1,-25.740726,,4.094159076925848e-146,1.950890499329442e-143
1999,PD,LURAP1L-AS1,-27.93255,,1.0741191765523885e-171,7.160794510349257e-169
2000,control,LURAP1L-AS1,27.93255,,1.0741191765523885e-171,7.160794510349257e-169
2001,control,CARNS1,25.740726,,4.094159076925848e-146,1.950890499329442e-143
2002,control,AL359091.1,24.55696,,3.644609532881818e-133,7.289219065763635e-131
2003,control,PLCG2,23.229362,,2.300041049119313e-119,3.833401748532188e-117
2004,control,TXNIP,20.010597,,4.452758465511466e-89,4.947509406123852e-87
2005,control,SVEP1,18.430683,,7.4534796889475e-76,5.323914063533929e-74
2006,control,LINC01630,18.035229,,1.0306823063498586e-72,6.8712153756657244e-71
2007,control,SLC5A11,17.790464,,8.378401043801443e-71,5.405420028258996e-69
2008,control,MAG,17.048586,,3.5809358231670335e-65,2.046249041809733e-63
2009,control,SLC1A3,16.970093,,1.3671506377764237e-64,7.390003447440129e-63
2010,control,SAMD4A,16.419754,,1.3812385861201246e-60,6.906192930600623e-59
2011,control,ATP1B2,15.90747,,5.624054085935241e-57,2.6781209933024956e-55
2012,control,LINC01170,15.545953,,1.6948207650146406e-54,7.532536733398402e-53
2013,control,AHCYL1,15.107139,,1.4531392346102292e-51,5.8125569384409165e-50
2014,control,MT2A,14.723034,,4.586137644559401e-49,1.6676864162034185e-47
2015,control,AC108866.1,13.442536,,3.4056071053606455e-41,1.0016491486354839e-39
2016,control,CHI3L1,13.214061,,7.278935178301206e-40,2.0796957652289156e-38
2017,control,GALNT15,13.0582485,,5.702460001839908e-39,1.6063267610816642e-37
2018,control,F3,12.731623,,3.9455376356273855e-37,1.0116763168275347e-35
2019,control,OPALIN,12.619107,,1.6568872349321217e-36,4.142218087330304e-35
2020,control,ELOVL7,12.330957,,6.170925368655718e-35,1.469267944918028e-33
2021,control,MTRNR2L8,12.1252575,,7.761613094261732e-34,1.7842788722440765e-32
2022,control,HAPLN2,12.057988,,1.7603113624287544e-33,4.000707641883533e-32
2023,control,ADAMTS18,11.419721,,3.333045433089775e-30,7.091586027850584e-29
2024,control,TUBB2B,11.367961,,6.038164477308353e-30,1.2711925215386007e-28
2025,control,PCSK5,11.327494,,9.590960224540422e-30,1.9981167134459211e-28
2026,control,TRPM3,11.243687,,2.4877196247459476e-29,5.076978826012138e-28
2027,control,PTPRZ1,11.154582,,6.80117725184991e-29,1.3602354503699818e-27
2028,control,SMOC1,11.085031,,1.4830031528175991e-28,2.9078493192501947e-27
2029,control,PARD3B,11.042654,,2.3789933768531774e-28,4.619404615248889e-27
2030,control,HDAC2-AS2,10.921426,,9.10545938853691e-28,1.7510498824109444e-26
2031,control,GNA14,10.826456,,2.579473003926283e-27,4.821444867151931e-26
2032,control,CHRM5,10.628207,,2.2030776976645714e-26,3.9695093651613897e-25
2033,control,STK33,10.431875,,1.7735293493589998e-25,3.0059819480661014e-24
2034,control,ABTB2,10.291196,,7.721118530965496e-25,1.2657571362238517e-23
2035,control,ALDH1A1,10.170447,,2.6867147975089143e-24,4.298743676014263e-23
2036,control,LRIG1,10.164769,,2.8479647316188293e-24,4.5205789390775065e-23
2037,control,LINC02328,10.106792,,5.154444963332559e-24,8.053820255207123e-23
2038,control,ARHGEF26,10.093132,,5.924830234249828e-24,9.115123437307428e-23
2039,control,ATP13A4,10.059897,,8.308478459711764e-24,1.2684699938491242e-22
2040,control,AC098829.1,10.056934,,8.562297453861708e-24,1.2973177960396527e-22
2041,control,AL078590.3,9.967641,,2.1118506781458816e-23,3.1757153054825284e-22
2042,control,ZNF98,9.895398,,4.358722819652514e-23,6.409886499488991e-22
2043,control,GLDN,9.823291,,8.937687407624167e-23,1.285998188147362e-21
2044,control,ALDH1L1,9.822151,,9.039387400576112e-23,1.2913410572251588e-21
2045,control,PLSCR4,9.801831,,1.105631830977301e-22,1.568272100677023e-21
2046,control,SEMA5A,9.776192,,1.424707820978124e-22,2.006630733772006e-21
2047,control,LINC01608,9.606646,,7.49510879159773e-22,1.0060548713554e-20
2048,control,FLT3,9.536898,,1.4716871606849929e-21,1.9492545174635667e-20
2049,control,STON2,9.297107,,1.4431992561325915e-20,1.8039990701657394e-19
2050,control,PLEKHG1,9.169085,,4.7705122694185883e-20,5.889521320269862e-19
2051,control,AC012593.1,9.125096,,7.167233811349106e-20,8.687556134968613e-19
2052,control,DDR2,9.12421,,7.226108802186682e-20,8.706155183357447e-19
2053,control,DEPP1,9.03882,,1.5837206207212084e-19,1.885381691334772e-18
2054,control,MRVI1,8.894277,,5.88010661111521e-19,6.7978111111158496e-18
2055,control,AC113414.1,8.882727,,6.524114884500877e-19,7.498982625863078e-18
2056,control,RYR3,8.831857,,1.0295250835338066e-18,1.169914867652053e-17
2057,control,FGF2,8.829955,,1.0471787948844185e-18,1.1832528755756143e-17
2058,control,BMPR1B,8.821547,,1.1288957064455114e-18,1.2684221420736084e-17
2059,control,NKAIN3,8.768519,,1.8103124750707246e-18,1.9893543682095874e-17
2060,control,PAMR1,8.749512,,2.142775521937921e-18,2.3343344679311974e-17
2061,control,SLC1A2,8.749259,,2.1475877104967015e-18,2.3343344679311974e-17
2062,control,SLC7A2,8.7401085,,2.328869127925976e-18,2.5176963545145686e-17
2063,control,SCARA3,8.739052,,2.3507578627367017e-18,2.527696626598604e-17
2064,control,AL137145.2,8.725239,,2.6561852676213327e-18,2.8408398584185377e-17
2065,control,SLCO1C1,8.713907,,2.9357743684613613e-18,3.123164221767406e-17
2066,control,COLEC12,8.682116,,3.884747896591815e-18,4.08920831220191e-17
2067,control,C4orf19,8.652846,,5.023049694201347e-18,5.259737899687274e-17
2068,control,MEGF11,8.621895,,6.585497278536757e-18,6.824349511437053e-17
2069,control,ACSS3,8.607444,,7.470798174944627e-18,7.701853788602708e-17
2070,control,CST3,8.564325,,1.0871077815787028e-17,1.1149823400807208e-16
2071,control,RFX4,8.548538,,1.246569713980142e-17,1.2720099122246345e-16
2072,control,SOX6,8.395104,,4.654793362877822e-17,4.654793362877821e-16
2073,control,WARS,8.380918,,5.251675730918105e-17,5.199678941503074e-16
2074,control,LINC00511,8.36887,,5.817364721601036e-17,5.703298746667683e-16
2075,control,IGFBP7,8.363163,,6.105853127925352e-17,5.956929880902783e-16
2076,control,ITGA2,8.268375,,1.3579706582192147e-16,1.287175979354706e-15
2077,control,KCNIP1,8.2278385,,1.9062216346272527e-16,1.773229427560235e-15
2078,control,OSMR,8.118661,,4.713536542999522e-16,4.285033220908656e-15
2079,control,PDE10A,8.013448,,1.1153705511548292e-15,9.914404899154038e-15
2080,control,AL034405.1,7.996504,,1.2800160393617044e-15,1.1228210871593898e-14
2081,control,CXCL14,7.9941473,,1.304736831304109e-15,1.1395081496105755e-14
2082,control,AP000282.1,7.8988385,,2.8151473703456856e-15,2.406108863543321e-14
2083,control,WWTR1,7.825454,,5.058262235972762e-15,4.250640534430892e-14
2084,control,MTRNR2L12,7.805564,,5.923603054171577e-15,4.9569900034908593e-14
2085,control,FAM189A2,7.7759275,,7.489666214813407e-15,6.215490634699923e-14
2086,control,AL354809.1,7.693479,,1.4318718352418485e-14,1.1556314505948175e-13
2087,control,SOX9,7.646239,,2.069428627021673e-14,1.6555429016173384e-13
2088,control,YAP1,7.5781345,,3.5055915944893277e-14,2.7712186517702197e-13
2089,control,LRRC3B,7.5379767,,4.773185043002456e-14,3.743674543531338e-13
2090,control,LINC00609,7.405565,,1.3059351945674078e-13,9.968970950896241e-13
2091,control,TMEM164,7.3417263,,2.10856210945796e-13,1.5913676297795923e-12
2092,control,AC006059.1,7.3175364,,2.5256488939185706e-13,1.884812607401918e-12
2093,control,EYA4,7.254274,,4.0382185561576896e-13,2.9912730045612514e-12
2094,control,GLI2,7.2506843,,4.146717372163267e-13,3.0603080237367284e-12
2095,control,NRP1,7.223662,,5.060603945283283e-13,3.721032312708296e-12
2096,control,RBPMS,7.199988,,6.021788425222701e-13,4.411566611884763e-12
2097,control,SELENOP,7.0990834,,1.2558701007827514e-12,9.067654157276183e-12
2098,control,LINC01182,7.0731564,,1.5144853578442833e-12,1.089557811398765e-11
2099,control,NHSL1,7.070283,,1.546180836558342e-12,1.1004845811803145e-11
2100,control,SDC4,7.025682,,2.130231440877299e-12,1.5001629865333094e-11
2101,control,GNA14-AS1,7.008359,,2.411293929075502e-12,1.6862195308220296e-11
2102,control,MT1X,6.9724064,,3.1156521288466794e-12,2.163647311699083e-11
2103,control,PITPNC1,6.8941817,,5.4175711786366925e-12,3.71066519084705e-11
2104,control,SLC24A3,6.8671207,,6.551056144365042e-12,4.44139399617969e-11
2105,control,AC099792.1,6.7939267,,1.0912173680110582e-11,7.323606496718512e-11
2106,control,CGNL1,6.693679,,2.1762858796903252e-11,1.4364923298285976e-10
2107,control,CD44,6.6397114,,3.142977475137622e-11,2.0609688361558177e-10
2108,control,CNDP1,6.6270204,,3.4253061472521736e-11,2.2314698027701458e-10
2109,control,EGFR,6.6203294,,3.583996746773236e-11,2.3268303412841888e-10
2110,control,EFEMP1,6.5976195,,4.178114923159567e-11,2.686890625826088e-10
2111,control,IFNGR1,6.5706987,,5.007974718487501e-11,3.1897928143232487e-10
2112,control,SPON1,6.569898,,5.034971828207953e-11,3.1968075099733033e-10
2113,control,SRGAP1,6.5535445,,5.618712315434883e-11,3.556147035085369e-10
2114,control,AQP4,6.51846,,7.103308190592747e-11,4.4674894280457527e-10
2115,control,CRYAB,6.427575,,1.2965568143253874e-10,8.003437125465354e-10
2116,control,BBOX1,6.369588,,1.8953649363141605e-10,1.159244609366459e-09
2117,control,RGS20,6.338939,,2.3135217804635524e-10,1.4106840124777757e-09
2118,control,ARHGAP42,6.3254385,,2.525147181340434e-10,1.531379600350747e-09
2119,control,PADI2,6.304039,,2.89987466125505e-10,1.7521901276465556e-09
2120,control,AC090502.1,6.2660217,,3.703884379212648e-10,2.224555182710299e-09
2121,control,ANGPTL4,6.235012,,4.5174297761412136e-10,2.688946295322151e-09
2122,control,TPD52L1,6.1729846,,6.701272275113811e-10,3.9419248677140065e-09
2123,control,SHROOM3,6.077094,,1.223799051698131e-09,7.156719600573865e-09
2124,control,SDC2,6.073404,,1.2522693770385925e-09,7.301862256784795e-09
2125,control,BAALC-AS1,6.0614347,,1.3491257369529252e-09,7.843754284610032e-09
2126,control,PCBP3,6.0074353,,1.8848123100498513e-09,1.0832254655458916e-08
2127,control,AC066613.2,5.9695663,,2.378853077423783e-09,1.3632395859162083e-08
2128,control,AC078881.1,5.957011,,2.5689273066440037e-09,1.4679584609394308e-08
2129,control,AC027117.2,5.9473224,,2.7256453185498567e-09,1.553074255583964e-08
2130,control,TGFB2,5.9069233,,3.485558084886648e-09,1.9668204170892312e-08
2131,control,GJA1,5.906661,,3.4911062403333854e-09,1.9668204170892312e-08
2132,control,BAG3,5.7877383,,7.134042495538545e-09,3.9633569419658584e-08
2133,control,GLI3,5.749463,,8.952722264755485e-09,4.946255394892534e-08
2134,control,HSPA5,5.7478404,,9.039046738019334e-09,4.9801910402310384e-08
2135,control,ATP2C2,5.693407,,1.2452885006792847e-08,6.823498633859094e-08
2136,control,PARD3,5.6738873,,1.3959297493258016e-08,7.628031417080883e-08
2137,control,ACSBG1,5.6670485,,1.4527811516882773e-08,7.8741525836763e-08
2138,control,AL132780.1,5.6574144,,1.5367018220217817e-08,8.306496335252874e-08
2139,control,ARHGAP29,5.6373086,,1.727284013008228e-08,9.28647318821628e-08
2140,control,SLC7A11,5.63515,,1.749060846774843e-08,9.378342341956263e-08
2141,control,PRDM16,5.605504,,2.0764962631464245e-08,1.107464673678093e-07
2142,control,PDK4,5.482357,,4.196965758216695e-08,2.2206168032892565e-07
2143,control,GFAP,5.421864,,5.8980764187264646e-08,3.1042507466981394e-07
2144,control,C8orf37-AS1,5.415404,,6.115048335640695e-08,3.2076543368119304e-07
2145,control,EMX2OS,5.3501153,,8.789832032153711e-08,4.578037516746725e-07
2146,control,ABCC9,5.335973,,9.503355157673045e-08,4.924018216410904e-07
2147,control,LHFPL6,5.320701,,1.0336800827748498e-07,5.342015931652971e-07
2148,control,EPS8,5.314466,,1.0697041321137212e-07,5.513938825328459e-07
2149,control,RAP2C-AS1,5.213803,,1.8500829417061035e-07,9.391283968051287e-07
2150,control,HGF,5.205604,,1.9336631497915043e-07,9.765975503997497e-07
2151,control,IFI16,5.1423697,,2.7129458992536413e-07,1.353090224066654e-06
2152,control,CDC14A,5.1215053,,3.031065141258222e-07,1.5042506904507306e-06
2153,control,ITGA6,5.1029763,,3.3435299014978874e-07,1.6459990480144338e-06
2154,control,ALK,5.1026325,,3.3496080627093724e-07,1.6459990480144338e-06
2155,control,ITPKB,5.0623393,,4.141435649998493e-07,2.0152971532839383e-06
2156,control,RNF219-AS1,5.0522346,,4.366703241727884e-07,2.1146262671805736e-06
2157,control,MARCH3,5.0276275,,4.965851782290314e-07,2.3817034927051867e-06
2158,control,ETNPPL,4.992268,,5.967439476393268e-07,2.848419797801083e-06
2159,control,LHFPL3,4.955404,,7.218014887401467e-07,3.4371499463816512e-06
2160,control,GRIN2C,4.9111075,,9.056340654984746e-07,4.271858799521107e-06
2161,control,CD38,4.8475585,,1.2499003820193492e-06,5.840655990744623e-06
2162,control,IL1R1,4.808269,,1.5224277611267693e-06,7.048276671883192e-06
2163,control,SLC30A10,4.765131,,1.8873101377930201e-06,8.539864876891493e-06
2164,control,MGST1,4.760061,,1.935348098756834e-06,8.737463199805119e-06
2165,control,RANBP3L,4.6606817,,3.151634229355863e-06,1.413288892087831e-05
2166,control,CNTNAP3B,4.650031,,3.318846523354587e-06,1.4816279122118692e-05
2167,control,ODC1,4.63819,,3.514742440278531e-06,1.5621077512349026e-05
2168,control,RASSF8,4.6113243,,4.001114551707746e-06,1.7704046688972325e-05
2169,control,AL138828.1,4.6040406,,4.143714411815527e-06,1.8294544864527714e-05
2170,control,LINC00877,4.5856204,,4.5263998461622585e-06,1.9809189698740738e-05
2171,control,EYA1,4.5679393,,4.925421109163973e-06,2.146152988742472e-05
2172,control,ATP1A2,4.56146,,5.079913652713122e-06,2.2038670944525475e-05
2173,control,LGALS3,4.4673805,,7.918322732221575e-06,3.405730207407129e-05
2174,control,AC008014.1,4.4630857,,8.078774190693508e-06,3.46728506038348e-05
2175,control,GFRA1,4.386217,,1.1533894928109818e-05,4.887243613605855e-05
2176,control,CRISPLD1,4.383341,,1.1687315266128948e-05,4.9417823535428956e-05
2177,control,MT1E,4.3646884,,1.273040233453444e-05,5.3376948991758655e-05
2178,control,EPAS1,4.3499928,,1.3614213098181445e-05,5.696323472042446e-05
2179,control,SOCS6,4.3362374,,1.4494239990440854e-05,6.0392666626836896e-05
2180,control,OSMR-AS1,4.33025,,1.4894029484020922e-05,6.180095221585445e-05
2181,control,AEBP1,4.3231654,,1.53806342910957e-05,6.368792667120372e-05
2182,control,BACE2,4.2953134,,1.7444678237771383e-05,7.193681747534592e-05
2183,control,TENT5A,4.2810173,,1.860407618338986e-05,7.655998429378544e-05
2184,control,BICC1,4.2673926,,1.9777079164445284e-05,8.12200376363256e-05
2185,control,PLPP4,4.2277446,,2.360455001626762e-05,9.644908933136847e-05
2186,control,VRK2,4.193973,,2.7411058092480088e-05,0.00011075174986860642
2187,control,ENTPD1,4.183274,,2.8734104715161543e-05,0.00011586332546436107
2188,control,STK17B,4.1230226,,3.739330432215358e-05,0.00014957321728861433
2189,control,RHOJ,4.1074467,,4.000572660970627e-05,0.00015862268954592936
2190,control,HSPA6,4.0175853,,5.8797601907065605e-05,0.0002274568739151474
2191,control,NPL,3.9717183,,7.135606517950093e-05,0.00027339488574521425
2192,control,HPSE2,3.9280248,,8.564635237331671e-05,0.000326271818565016
2193,control,PLCE1,3.8848712,,0.0001023841694421803,0.00038585159572783137
2194,control,SULF1,3.88473,,0.00010244359866573924,0.00038585159572783137
2195,control,LINC01266,3.8320072,,0.00012710204397447448,0.0004760376178819269
2196,control,MDFIC,3.8272245,,0.000129596305287603,0.0004835683033119515
2197,control,AP003181.1,3.8016384,,0.00014374245546918096,0.0005353536516543052
2198,control,SLC14A1,3.792821,,0.0001489455978766948,0.0005526738325665855
2199,control,CACHD1,3.7850213,,0.0001536954478758039,0.0005690983845193063
2200,control,WDR49,3.7665813,,0.00016549822411356135,0.000609569886237795
2201,control,EZR,3.739865,,0.00018411903703725461,0.0006769082244016713
2202,control,PAPLN,3.7329707,,0.00018923460006446975,0.000694438899319155
2203,control,SLC39A12,3.7054253,,0.00021103637821402217,0.0007730270264249896
2204,control,FGFR3,3.6868114,,0.0002270814691346472,0.0008287644858928729
2205,control,FAM107A,3.6676788,,0.0002447624140090124,0.0008900451418509541
2206,control,F11-AS1,3.6460936,,0.00026625701530849264,0.0009612166617635113
2207,control,TMC1,3.5980158,,0.00032065405058804707,0.0011534318366476512
2208,control,TCF7L1,3.5950005,,0.00032439081969457397,0.0011641634208279586
2209,control,AC002429.2,3.5946712,,0.00032480159441100045,0.0011641634208279586
2210,control,STAG3,3.5869613,,0.0003345538816051029,0.001194835291446796
2211,control,FN1,3.4970186,,0.00047048900226023875,0.0016450664414693664
2212,control,TIMP3,3.491042,,0.00048114083036333914,0.0016793746260500494
2213,control,PID1,3.4878528,,0.00048691604809951504,0.0016965715961655577
2214,control,SCG2,3.4712653,,0.0005180119242382653,0.0017986525147161991
2215,control,LINC00299,3.4294546,,0.0006047954409927046,0.0020819120171865907
2216,control,CC2D2B,3.4212048,,0.000623443651012693,0.002142418044717158
2217,control,AC073529.1,3.40862,,0.0006529230596179379,0.002236037875403897
2218,control,TIMP1,3.4039733,,0.0006641321608138776,0.002269303138595385
2219,control,LIMK2,3.381022,,0.0007221678760162548,0.002448026698360186
2220,control,MYO1E,3.3420544,,0.000831607461770572,0.0028047469199682026
2221,control,PLAT,3.3381445,,0.0008433984136701545,0.002839725298552709
2222,control,LINC01344,3.3353937,,0.0008517869153284111,0.00286314929522155
2223,control,GLDC,3.3271706,,0.0008773264289834488,0.0029440484194075463
2224,control,SERPINH1,3.2624474,,0.00110454680704469,0.0036756965292668556
2225,control,CSF1,3.2436495,,0.0011800886454295246,0.003907578296124254
2226,control,AC023389.1,3.233094,,0.0012245723766748859,0.004048173146032681
2227,control,EYA2,3.201439,,0.0013674312012743205,0.004476043212027236
2228,control,ALDH1A2,3.185515,,0.001444966042893828,0.00472211125128702
2229,control,HAP1,3.1730604,,0.0015084115687262047,0.004913392732007181
2230,control,ITGA1,3.107785,,0.0018849513124323777,0.006080488104620573
2231,control,IL7,3.0841737,,0.002041184580100864,0.0065527594866801415
2232,control,PDE7B,3.0720568,,0.002125892607858927,0.006813758358522202
2233,control,YBX3,3.0704963,,0.0021370324379018477,0.006838503801285913
2234,control,CABLES1,3.0519056,,0.0022739349588008244,0.007241831078983517
2235,control,EMX2,3.0357335,,0.00239951297372761,0.0076054293937483685
2236,control,BMP2K,3.0050333,,0.0026555173270163576,0.008363834100838921
2237,control,HSPB8,2.9839904,,0.0028451571335828723,0.008947035011266894
2238,control,SLFN5,2.9758875,,0.002921419123841133,0.009172430530113447
2239,control,AP003354.2,2.9591806,,0.003084583907860173,0.009654409727261887
2240,control,C8orf34,2.9545584,,0.0031311700854770932,0.009769641452346624
2241,control,HES4,2.940272,,0.0032792408516214375,0.010183977800066576
2242,control,USP6NL,2.9381022,,0.0033022812045917123,0.010239631642144843
2243,control,PLIN2,2.9298046,,0.0033917535845922457,0.010468375261087178
2244,control,ADAMTS9,2.9144273,,0.003563418332078434,0.010913991828724146
2245,control,EDA,2.9119515,,0.0035917837439197347,0.010967278607388503
2246,control,AL022068.1,2.9007394,,0.0037228332015015377,0.011350101224090053
2247,control,LINC00598,2.8977597,,0.003758385087687939,0.011441050495244867
2248,control,MT3,2.8640406,,0.0041827423960743345,0.012655801500981344
2249,control,ANGPT1,2.8476028,,0.0044049866737566265,0.013268032149869356
2250,control,FGD4,2.844213,,0.004452127190163757,0.013389856211018819
2251,control,LCNL1,2.8318102,,0.0046285305037156435,0.013857875759627674
2252,control,IL33,2.8181586,,0.004829993595410423,0.014439442736652982
2253,control,VIM,2.793368,,0.00521623085598473,0.015547632953754782
2254,control,AL035078.4,2.7822607,,0.005398166455453144,0.016018298087398054
2255,control,FREM1,2.748332,,0.005989930832047648,0.017643389785118254
2256,control,SPART-AS1,2.7210386,,0.00650771601870575,0.019056269454482428
2257,control,MBNL3,2.6242216,,0.00868472815151309,0.02495611537791118
2258,control,VCAN,2.5982492,,0.009370046745427603,0.026695289873013117
2259,control,GPC5,2.584387,,0.009755221866941142,0.02763518942476244
2260,control,KLHL1,2.5678575,,0.010232922173672205,0.02882513288358368
2261,control,BEST3,2.5348995,,0.011247956832162837,0.03150688188280907
2262,control,ADGRG1,2.5334828,,0.011293526920264902,0.03159028509165008
2263,control,RAB31,2.5319366,,0.011343450764235053,0.031685616659874453
2264,control,AL365273.2,2.5172577,,0.011827231187652365,0.03294493367034085
2265,control,PAPPA,2.5081794,,0.012135503935989861,0.033709733155527395
2266,control,AC006369.1,2.4821973,,0.013057493939023515,0.036070425245921314
2267,control,HIF3A,2.4683757,,0.013572775970027186,0.03739056741054321
2268,control,EMP1,2.4651055,,0.013697294626618818,0.03768169085727323
2269,control,RNF152,2.4486265,,0.014340207715220247,0.03939617504181386
2270,control,AC051619.4,2.409175,,0.015988628770751787,0.043506472845583094
2271,control,AC009226.1,2.4068568,,0.01609048384545395,0.04372414088438573
2272,control,CRISPLD2,2.4042342,,0.01620638655018653,0.04397933934921718
2273,control,C11orf96,2.402987,,0.01626177028974113,0.0440698381835803
2274,control,SLC25A18,2.40072,,0.016362857768466826,0.044283782864592225
2275,control,ZFP36L2,2.3934176,,0.01669223069886958,0.04511413702397184
2276,control,NID1,2.359367,,0.01830614611777788,0.04924145338785364
2277,control,RDH10,2.3591304,,0.018317820660281554,0.04924145338785364
2278,control,RERG,2.3533752,,0.01860385667102833,0.04987629134323949
2279,control,AL391117.1,2.3455646,,0.01899828642152243,0.0507297367730906
2280,control,MAOB,2.3324127,,0.019678993551700694,0.052337748807714614
2281,control,USP53,2.329527,,0.019831168808155664,0.05262659222396201
2282,control,SLC6A13,2.325333,,0.020054150148798442,0.053123576553108454
2283,control,ADAMTS1,2.303772,,0.02123545174789797,0.05588276775762624
2284,control,KCNMB2-AS1,2.2741463,,0.022957189507662266,0.06033426940252895
2285,control,COTL1,2.2424662,,0.024931252418938166,0.06492513650765147
2286,control,PCED1B,2.1973896,,0.027992626825621737,0.0723323690584541
2287,control,LINC00982,2.1799057,,0.02926445107610992,0.07542384297966474
2288,control,CMTM8,2.1587684,,0.030868130836466934,0.07935252143050625
2289,control,GLIS3,2.1419435,,0.03219803008896153,0.08245334209721261
2290,control,SDS,2.1157882,,0.034362824651440485,0.08766026696796042
2291,control,RBMS3,2.1146677,,0.03445827415146565,0.08779178127761948
2292,control,SERPINE1,2.0896983,,0.03664490405793902,0.09312555033783741
2293,control,PAWR,2.0343125,,0.04192010341448938,0.10559220003649718
2294,control,IFITM3,2.024032,,0.04296684842087236,0.1079569055800813
2295,control,AC109492.1,2.0054467,,0.044915306859706496,0.11228826714926624
2296,control,LUZP2,1.984076,,0.04724736388659941,0.11753075593681445
2297,control,AXL,1.9768939,,0.0480536178913388,0.11923974662863225
2298,control,LINC01876,1.9611052,,0.04986674658860809,0.123292839077595
2299,control,PLSCR1,1.9610606,,0.04987195340688718,0.123292839077595
2300,control,LIMS2,1.9519045,,0.05094954010894353,0.1258013336023297
2301,control,RGR,1.9508324,,0.05107699196093194,0.1259605227149986
2302,control,GEM,1.9438031,,0.051919201451535044,0.1278798065308745
2303,control,NOX4,1.9390185,,0.0524990817974396,0.12914903271202854
2304,control,SOCS3,1.9209791,,0.05473433022169506,0.1344823838370886
2305,control,RORB,1.906424,,0.0565952087554636,0.138037094525521
2306,control,GCC2-AS1,1.8991929,,0.057539110541812044,0.13999783586815584
2307,control,CXorf38,1.8291906,,0.0673710504704557,0.16102118414011413
2308,control,PLA2G5,1.8290818,,0.06738736556263776,0.16102118414011413
2309,control,ETS1,1.8198364,,0.06878392716104237,0.16377125514533897
2310,control,GBE1,1.8182882,,0.06902009598339325,0.1640182749223135
2311,control,DLX6-AS1,1.81468,,0.06957310250765408,0.1650607414179219
2312,control,SEMA3E,1.7755855,,0.07580126532683519,0.1783559184160828
2313,control,FERMT1,1.7659125,,0.07741051592234562,0.1815017958319944
2314,control,CHODL,1.7584882,,0.07866447545980815,0.18418077941300462
2315,control,SV2C,1.7580601,,0.07873728319905947,0.18418077941300462
2316,control,THEMIS,1.7526735,,0.07965807583714016,0.18611699961948636
2317,control,GBP1,1.7207072,,0.08530396545633682,0.19884374232246346
2318,control,LINC02076,1.6992695,,0.08926841017210713,0.20640094837481418
2319,control,COL4A3,1.6950814,,0.09005998878556486,0.2077508391823872
2320,control,APOD,1.6868981,,0.09162295436432336,0.21111279807447778
2321,control,C1QL1,1.6651528,,0.09588226673925555,0.22016593969978313
2322,control,CA8,1.6582645,,0.09726407865098188,0.2228272134043113
2323,control,HSPB1,1.6531408,,0.09830221143442572,0.22443427268133725
2324,control,SREK1IP1,1.6217659,,0.10485350434698897,0.23884625135988374
2325,control,LINC01524,1.5963734,,0.11040544119486591,0.24989366212805766
2326,control,LINC02008,1.592448,,0.11128408522869697,0.2509224018685388
2327,control,FTL,1.5806801,,0.11395119489836861,0.2560701008952104
2328,control,SLC13A4,1.5768294,,0.1148347768696515,0.25747707818307514
2329,control,ERBB4,1.5702817,,0.1163495905875356,0.2605813898936968
2330,control,TNC,1.5651019,,0.11755903095537774,0.2627017451516821
2331,control,ADAMTS9-AS2,1.542105,,0.12304809983772862,0.2728339242521699
2332,control,ZFHX3,1.5387262,,0.12387114930610493,0.27435470499691017
2333,control,AC136489.1,1.533776,,0.12508475347558817,0.27643039442118933
2334,control,STX4,1.528157,,0.12647355231894655,0.2791910647217363
2335,control,ROR2,1.5233123,,0.1276805692854699,0.2815448054806392
2336,control,MIR4300HG,1.5115987,,0.13063597605206606,0.28711203527926604
2337,control,HILPDA,1.5013236,,0.13327189934263037,0.29258375267317316
2338,control,ADAMTS6,1.4926656,,0.13552474475616028,0.2964619675419583
2339,control,SLC4A4,1.4906403,,0.1360559638440299,0.29706542324023993
2340,control,ANXA2,1.4778955,,0.13943576384809317,0.30411289825102106
2341,control,LINC02511,1.4480522,,0.14760244755163518,0.3212240425498045
2342,control,SNTB1,1.4369912,,0.15072049090060974,0.3269424965306068
2343,control,EMP2,1.4113922,,0.158128988422219,0.34153129248859393
2344,control,AC008050.1,1.4000669,,0.1614933103098518,0.3469244045324421
2345,control,CLEC5A,1.3884417,,0.1650025926899823,0.35359558331541785
2346,control,PLOD2,1.388026,,0.16512913740830015,0.35359558331541785
2347,control,GADD45B,1.3624171,,0.1730662956591288,0.3692958193809778
2348,control,VEGFC,1.3612995,,0.173419061873048,0.3693696738510075
2349,control,TERB1,1.35858,,0.1742797362394506,0.37080794944563955
2350,control,MRC1,1.3538536,,0.1757830991506456,0.37242182023441867
2351,control,AC096637.1,1.3469996,,0.17798035197158224,0.37588247512477774
2352,control,VIP,1.331171,,0.1831327357765199,0.3847326381859662
2353,control,BCO1,1.3247737,,0.18524623936570195,0.3885456207517339
2354,control,IFNG-AS1,1.324034,,0.1854917561230387,0.3885456207517339
2355,control,KIAA0040,1.3239173,,0.1855305339089529,0.3885456207517339
2356,control,PCAT1,1.3147192,,0.1886042952886331,0.39333533949662797
2357,control,PHLDB2,1.3110087,,0.18985481742293386,0.3955308696311122
2358,control,PARP14,1.3091679,,0.1904774863511588,0.3964151641023076
2359,control,TRIB1,1.2984047,-1.5452683,0.1941483081005173,0.40321559314749184
2360,control,FGL1,1.2889884,,0.1974021216227042,0.4091235681299569
2361,control,RBM20,1.2841103,,0.19910334506809346,0.4117959567075356
2362,control,MAPK4,1.278481,,0.2010798696243299,0.4146413336599295
2363,control,ITGB5,1.2784209,,0.2011010468250658,0.4146413336599295
2364,control,BIRC3,1.2720752,,0.20334639096837448,0.41799932493785746
2365,control,PDE3A,1.2714583,,0.20356567124473657,0.41799932493785746
2366,control,ALPL,1.2705371,,0.20389335238410988,0.41824277412125105
2367,control,AHNAK,1.242675,,0.2139876254779769,0.43626427212635455
2368,control,WIF1,1.2397299,,0.21507530509656048,0.4375896339706215
2369,control,CNTN6,1.2244481,,0.22078322787061444,0.448746398111005
2370,control,PRRX1,1.222027,,0.2216974416542521,0.44969055102282374
2371,control,TMEM217,1.2201989,,0.22238948894944366,0.45029386285470174
2372,control,VAV3,1.220052,,0.22244516825022265,0.45029386285470174
2373,control,C1QTNF1,1.2173517,,0.2234704334512384,0.4519118977780352
2374,control,SAMMSON,1.2135565,,0.22491711860148056,0.45391951281832604
2375,control,LTBP2,1.1947275,,0.23219349429770586,0.46719012937164156
2376,control,USH1C,1.1847725,,0.2361074109920781,0.47411126705236567
2377,control,LINC01841,1.1786498,,0.2385376483150904,0.4780313593488785
2378,control,AC245140.2,1.1658847,,0.2436610400085638,0.48780988990703467
2379,control,RIPOR3,1.164991,,0.24402265116583666,0.4880453023316733
2380,control,INHBA,1.146407,,0.2516268069589467,0.5007498645949188
2381,control,CCL2,1.1377561,,0.2552223562164736,0.5070938170934524
2382,control,LINC02057,1.1366609,,0.2556800332969209,0.5073016533669066
2383,control,GPX7,1.1270173,,0.2597351737327699,0.5147199386291024
2384,control,PTCHD1-AS,1.1218573,,0.2619231297293969,0.5181466463489554
2385,control,MCUB,1.1141231,,0.26522638930180353,0.5236453885524256
2386,control,ZBED9,1.1110579,,0.26654345959907966,0.5257267447713603
2387,control,GBP2,1.0991459,,0.27170441267646483,0.5327537503460095
2388,control,AC046195.1,1.0903428,,0.27556216327716054,0.5387334570423471
2389,control,SFMBT2,1.0826558,,0.2789612570089747,0.5438352118596363
2390,control,PWRN1,1.0819845,,0.2792593812899232,0.5438352118596363
2391,control,AC069185.1,1.0636337,,0.2874946696772638,0.5575476924440338
2392,control,UBC,1.0623585,,0.28807295218138385,0.557740468889417
2393,control,AC005699.1,1.0399797,,0.29834931831395606,0.5759639349690271
2394,control,CRH,1.0113077,,0.3118691870181758,0.5968788268290446
2395,control,AL392023.2,0.97160935,,0.3312449219852448,0.6308834838717423
2396,control,ARC,0.971208,,0.33144472843755257,0.6308834838717423
2397,control,XAF1,0.97103816,,0.3315292707746006,0.6308834838717423
2398,control,AL139125.1,0.9645284,,0.33478107817778224,0.6346560723749427
2399,control,CR1L,0.9564256,,0.33885724794864236,0.6411679242169203
2400,control,AC034114.2,0.9547929,,0.3396824252141257,0.6421217867941885
2401,control,LINC00607,0.94390684,,0.3452172436028166,0.651353289816635
2402,control,AL121999.1,0.9393024,,0.3475755041891172,0.6545678044992791
2403,control,AL110292.1,0.92870635,,0.3530413003477878,0.6629883574606344
2404,control,AL445426.1,0.9270443,,0.35390355560740405,0.663586538795046
2405,control,CXorf36,0.92265636,,0.35618632887263635,0.6663916349347734
2406,control,STK32B,0.898542,,0.3688966581039589,0.6856815206393287
2407,control,RN7SL832P,0.8812738,,0.3781696389725683,0.7003141462454968
2408,control,RASL12,0.87285453,-3.746651,0.3827423763278076,0.707472044968221
2409,control,AC016766.1,0.8706209,,0.3839611924450742,0.708415484216004
2410,control,ICAM1,0.8635538,,0.3878330315792098,0.7122918032949436
2411,control,NLRC5,0.8568386,,0.39153409208312295,0.7184111781341705
2412,control,AC073612.1,0.84624785,-6.088497,0.39741448740347074,0.7252089186194721
2413,control,GRIK3,0.8342484,,0.4041410161466382,0.7355076221950105
2414,control,PDGFRB,0.8342122,,0.40416143839615826,0.7355076221950105
2415,control,CRLF2,0.83320886,,0.40472694984320656,0.7358671815331028
2416,control,ACSL1,0.8144787,,0.41537076482609714,0.7504440195593445
2417,control,LINC00463,0.8092775,,0.4183555508073735,0.7551544238400243
2418,control,AC092131.1,0.80723864,,0.41952901289180045,0.7565897437183056
2419,control,PTH1R,0.80072904,,0.42328852195923594,0.762353745367001
2420,control,AC004852.2,0.7971975,,0.4253363193572566,0.7643060545503263
2421,control,EDNRA,0.79646057,,0.4257643959252734,0.7643885025588391
2422,control,GLYCTK,0.78926456,,0.4299574049409379,0.769862921528059
2423,control,HS3ST2,0.78924567,,0.42996844167342096,0.769862921528059
2424,control,LMCD1,0.7875235,1.1207947,0.43097548224662907,0.7709758179725027
2425,control,COL9A1,0.7861909,,0.43175565791028203,0.7716812473820948
2426,control,NUPR1,0.78488404,,0.4325215492626596,0.7723269089809629
2427,control,TWIST2,0.78101027,-3.7990906,0.43479644623725844,0.7739788428750571
2428,control,THBS1,0.7763993,-3.548417,0.4375132357675777,0.7778013080312492
2429,control,AC104574.2,0.75569713,,0.4498308201120278,0.796865934653725
2430,control,COL5A3,0.7513155,,0.4524628179064615,0.7994042719195433
2431,control,CD83,0.7503404,,0.4530497153124128,0.7997347137024056
2432,control,FBN2,0.7385455,,0.46018304819746203,0.8087575539498455
2433,control,ANXA8,0.7312846,-3.1069977,0.4646053375187196,0.8146541412057853
2434,control,MYOCOS,0.72766435,-4.239088,0.4668190683274702,0.8165344912450121
2435,control,TMEM132C,0.7266082,,0.4674659962377694,0.8165344912450121
2436,control,COL4A4,0.72360134,,0.46931051953947855,0.8190410463167166
2437,control,PTAFR,0.722023,,0.47028032421830823,0.8200180021243386
2438,control,TAC3,0.71963656,,0.4717487948319995,0.821146727296779
2439,control,NEURL2,0.7181689,,0.47265315389616447,0.8215390451871132
2440,control,PACRG-AS3,0.7177963,,0.47288289278641216,0.8215390451871132
2441,control,AC091849.2,0.71594936,-4.9354067,0.47402261297532977,0.8222421734177446
2442,control,ZNRF3,0.7136587,,0.47543826227119346,0.823983123520266
2443,control,PCP4,0.70964485,,0.4779243850596049,0.8274258113401838
2444,control,AC024901.1,0.7091166,,0.47825211895462616,0.8274258113401838
2445,control,SUSD6,0.6876049,,0.49170162387679917,0.845574589641959
2446,control,SLC6A12,0.6858608,,0.49280089692530604,0.8460101234769202
2447,control,AL358075.2,0.6752607,-2.8320057,0.49951014253424597,0.8552768128874026
2448,control,TNFAIP2,0.6746325,,0.49990929713268684,0.8552768128874026
2449,control,LINC02588,0.67117536,,0.5021088241771676,0.8575727142223187
2450,control,CALB2,0.6600222,,0.5092395789787557,0.8667907727297969
2451,control,RGS16,0.6481901,,0.5168620236335607,0.8779086600059434
2452,control,AF279873.3,0.64403355,,0.5195536720132532,0.8800830133433558
2453,control,SLC2A9,0.6438249,,0.5196890193792516,0.8800830133433558
2454,control,NMRK2,0.6371613,-3.7129567,0.524019779183762,0.8866662930351302
2455,control,GGT5,0.629669,-3.4466722,0.5289111568516591,0.8922831652685578
2456,control,LINC00866,0.6217122,,0.5341311390634724,0.8987667793459684
2457,control,LINC01703,0.6214298,,0.5343168503211783,0.8987667793459684
2458,control,PLEKHG4B,0.62060565,,0.5348591127803035,0.8989228786223589
2459,control,HS3ST3A1,0.61955297,,0.5355521561214167,0.8993319162408341
2460,control,IL13RA1,0.5910543,,0.5544840251357515,0.9233705664209017
2461,control,SPTLC3,0.58321005,,0.5597519096636836,0.9290488127198068
2462,control,AC093895.1,0.5791604,-2.8530264,0.5624809673054406,0.9328042575546279
2463,control,AC105094.2,0.5671134,-2.655229,0.5706371273692072,0.9447634559092836
2464,control,PPP1R3C,0.5632967,,0.5732328745943518,0.9465747381537483
2465,control,CYP19A1,0.56272185,-2.0876446,0.5736242913211714,0.9465747381537483
2466,control,AC008537.4,0.56155866,-4.3863244,0.5744167356256571,0.947100965582287
2467,control,BMP6,0.5585967,,0.5764370300883068,0.9496491434733226
2468,control,GTSE1,0.55685693,-2.2098777,0.5776251848232503,0.9497019235374783
2469,control,FBLN1,0.55646414,-1.2109303,0.5778936204725555,0.9497019235374783
2470,control,SLC19A1,0.5551813,,0.5787706494083003,0.9503623142993436
2471,control,AC100849.1,0.53654695,-6.3745036,0.5915806049442269,0.9650580831064061
2472,control,GPRC5A,0.52668345,-1.8680234,0.5984134274548747,0.9738216882910897
2473,control,TM4SF1,0.52364147,-1.8673409,0.6005279270711976,0.9764681740995084
2474,control,AC022784.6,0.51364255,-2.9944148,0.6075019320641163,0.9846060487262825
2475,control,MT1M,0.51182747,,0.6087717667056245,0.9850675836660591
2476,control,TNFRSF13C,0.5035314,-1.7110159,0.614590692633475,0.9908558429662742
2477,control,DUSP27,0.49984348,-1.6085331,0.6171853006114856,0.9921580446418233
2478,control,HEYL,0.49894908,-1.547149,0.6178152465263509,0.9921580446418233
2479,control,POSTN,0.4968364,-2.3996933,0.6193044215134094,0.9928738677622422
2480,control,TGFB1,0.4962076,,0.6197479530082936,0.9928738677622422
2481,control,AL136962.1,0.49577987,-2.176645,0.6200497304175203,0.9928738677622422
2482,control,LINC01606,0.49296835,-2.7741203,0.6220349493312504,0.995037378331944
2483,control,IL1R2,0.49067345,-2.2604332,0.6236574154934525,0.995037378331944
2484,control,CYP4F12,0.49032453,-1.7068543,0.6239042704622435,0.995037378331944
2485,control,RAB7B,0.48964384,-5.2309055,0.6243859549032947,0.995037378331944
2486,control,SMOC2,0.483144,,0.628993509940613,0.9997127610330623
2487,control,PGGHG,0.48007795,,0.6311719575652767,0.9997127610330623
2488,control,IGF2BP2,0.46815768,-1.0190187,0.6396718291255793,0.9997127610330623
2489,control,COL20A1,0.46075773,,0.6449724270558499,0.9997127610330623
2490,control,SULF2,0.4566991,,0.6478873408058798,0.9997127610330623
2491,control,SLC35F4,0.45596784,,0.6484131055793809,0.9997127610330623
2492,control,CD226,0.45285317,,0.6506544707625423,0.9997127610330623
2493,control,AC025810.1,0.44767618,-2.2024865,0.654386910896419,0.9997127610330623
2494,control,MYO5B,0.44581857,,0.6557283088521897,0.9997127610330623
2495,control,AC068633.1,0.43392557,-5.003549,0.6643424893824037,0.9997127610330623
2496,control,ISM1,0.43161124,-2.6087382,0.6660239968907317,0.9997127610330623
2497,control,CYSLTR1,0.42765465,-1.136375,0.6689025685076604,0.9997127610330623
2498,control,STEAP4,0.41416177,-1.7121964,0.6787556277898905,0.9997127610330623
2499,control,AC007319.1,0.411571,,0.6806538913345666,0.9997127610330623
2500,control,MED7,0.4095678,-1.4452235,0.6821230097179941,0.9997127610330623
2501,control,BCAN,0.40954322,,0.6821410663949166,0.9997127610330623
2502,control,MCTP2,0.40488553,-1.9162449,0.6855616637424478,0.9997127610330623
2503,control,HPSE,0.40112165,-0.033561826,0.6883305749642777,0.9997127610330623
2504,control,AC025171.3,0.38513985,-1.2702708,0.7001338021027965,0.9997127610330623
2505,control,C15orf53,0.38426855,-2.2930286,0.7007794046774364,0.9997127610330623
2506,control,LINC02548,0.38346997,-1.4295563,0.7013713380354802,0.9997127610330623
2507,control,LINC00351,0.38171726,-1.946071,0.702671087306086,0.9997127610330623
2508,control,AL356108.1,0.38104993,,0.7031662027215466,0.9997127610330623
2509,control,SIGLEC1,0.3785078,-1.0180289,0.7050534074072659,0.9997127610330623
2510,control,LINC00996,0.3706803,-1.2832178,0.710875661988815,0.9997127610330623
2511,control,AL731571.1,0.3669895,-1.3367767,0.7136268603442715,0.9997127610330623
2512,control,GPER1,0.3660562,-2.103861,0.714323144573433,0.9997127610330623
2513,control,CHI3L2,0.36423042,-1.4835653,0.7156859416314214,0.9997127610330623
2514,control,AC008403.1,0.36245027,-1.3279622,0.7170155772745417,0.9997127610330623
2515,control,LMNTD1,0.36139622,,0.7178032756556644,0.9997127610330623
2516,control,NOSTRIN,0.35067746,-0.88558316,0.7258303306054291,0.9997127610330623
2517,control,SAMD9L,0.34869203,,0.7273205297778356,0.9997127610330623
2518,control,SMIM35,0.34718487,-2.216453,0.7284524359356619,0.9997127610330623
2519,control,TAC1,0.33190975,,0.7399574158734707,0.9997127610330623
2520,control,AC022400.2,0.32116315,-1.0738568,0.7480867654220524,0.9997127610330623
2521,control,PLAU,0.318439,-0.9675674,0.7501519596314757,0.9997127610330623
2522,control,AL138720.1,0.3169889,-1.8635823,0.751252036048317,0.9997127610330623
2523,control,BRDT,0.31346253,-1.2865624,0.7539292920435798,0.9997127610330623
2524,control,TLL1,0.30984554,,0.7566784237743217,0.9997127610330623
2525,control,ITK,0.30611733,0.4263095,0.7595153188594668,0.9997127610330623
2526,control,CNBD1,0.30424368,-5.376017,0.7609422502123412,0.9997127610330623
2527,control,THSD7B,0.30064785,,0.7636830248032325,0.9997127610330623
2528,control,NDUFA4L2,0.3006183,-1.1413898,0.7637055764022723,0.9997127610330623
2529,control,SST,0.29853937,,0.7652915279951346,0.9997127610330623
2530,control,CEBPA,0.29690784,-0.7424715,0.7665368777071645,0.9997127610330623
2531,control,AQP1,0.29561415,,0.7675247619166593,0.9997127610330623
2532,control,TMPRSS13,0.29328418,-1.0206482,0.7693049545514069,0.9997127610330623
2533,control,WNT5A,0.28961778,,0.7721086713831598,0.9997127610330623
2534,control,NXPH2,0.2826814,,0.7774210655387939,0.9997127610330623
2535,control,AC068305.2,0.27674416,-1.1148863,0.7819765543537789,0.9997127610330623
2536,control,AC005515.2,0.27075827,-1.0948805,0.7865769532009215,0.9997127610330623
2537,control,AC022568.1,0.2674681,-0.8127918,0.7891087768273628,0.9997127610330623
2538,control,ERG,0.26451558,-0.7305896,0.7913826514347065,0.9997127610330623
2539,control,AC124254.1,0.26407623,,0.7917211814335291,0.9997127610330623
2540,control,ADAMTS20,0.2629966,-1.5737718,0.7925531941236379,0.9997127610330623
2541,control,G0S2,0.26223978,-0.34029153,0.793136581968791,0.9997127610330623
2542,control,TRABD2B,0.260357,-0.8485446,0.7945884208597377,0.9997127610330623
2543,control,CDH6,0.25870523,,0.7958626946371702,0.9997127610330623
2544,control,EREG,0.25700843,-0.8551097,0.7971722696844088,0.9997127610330623
2545,control,KCNK2,0.2544188,,0.7991720397289404,0.9997127610330623
2546,control,GPR84,0.25123256,-0.46008682,0.8016342976229275,0.9997127610330623
2547,control,EBF1,0.250173,-0.78365564,0.802453571689768,0.9997127610330623
2548,control,BTBD11,0.24738552,,0.8046098846295895,0.9997127610330623
2549,control,CD248,0.24665292,-0.8113929,0.8051768449733385,0.9997127610330623
2550,control,MYBPH,0.24281979,-0.55611765,0.8081450107920417,0.9997127610330623
2551,control,ARMC7,0.24015193,-1.865272,0.8102124832248373,0.9997127610330623
2552,control,LINC02015,0.23958531,-1.0663692,0.8106517556266154,0.9997127610330623
2553,control,AC100803.3,0.23897749,-0.9095205,0.8111230414084812,0.9997127610330623
2554,control,FMO2,0.23487802,-0.74694747,0.8143034115353538,0.9997127610330623
2555,control,CCDC155,0.23106548,-0.9094287,0.8172639301046324,0.9997127610330623
2556,control,PLA1A,0.22388741,-0.5530639,0.8228449129802908,0.9997127610330623
2557,control,DDX60L,0.21965459,,0.8261401747754343,0.9997127610330623
2558,control,MRC2,0.209433,,0.8341102254041316,0.9997127610330623
2559,control,AC090796.1,0.20835625,-0.6760241,0.8349508126638308,0.9997127610330623
2560,control,CENPF,0.2069483,-0.59339815,0.8360502349073734,0.9997127610330623
2561,control,LEF1,0.20239134,-0.3547378,0.8396107947766965,0.9997127610330623
2562,control,TBX2,0.19631732,-0.73022467,0.8443618130947372,0.9997127610330623
2563,control,ADGRE2,0.19590999,,0.8446806126715241,0.9997127610330623
2564,control,UPK1B,0.1911346,-0.67598325,0.8484201417372462,0.9997127610330623
2565,control,MPEG1,0.1867543,-0.5256293,0.8518532765407341,0.9997127610330623
2566,control,NOTCH4,0.18636665,-0.6365466,0.8521572512122974,0.9997127610330623
2567,control,PTGER1,0.18506934,-0.59622806,0.8531746487583496,0.9997127610330623
2568,control,LIPH,0.18275367,-0.69157535,0.8549913095289208,0.9997127610330623
2569,control,HBA1,0.18129057,-0.65725553,0.8561395044781871,0.9997127610330623
2570,control,HBM,0.17984848,-0.64045614,0.8572715284194594,0.9997127610330623
2571,control,IGFN1,0.16744973,-0.7233467,0.8670162053317129,0.9997127610330623
2572,control,RASSF10,0.16353054,-0.5770406,0.8701007286178153,0.9997127610330623
2573,control,C2orf83,0.15850846,-0.36919227,0.874056150989019,0.9997127610330623
2574,control,CALCR,0.15768601,-0.5334506,0.8747042210190727,0.9997127610330623
2575,control,AC003006.1,0.15474896,,0.8770192251256911,0.9997127610330623
2576,control,CD34,0.15339501,-0.34544936,0.8780867833202891,0.9997127610330623
2577,control,LILRB5,0.15066896,-0.52549696,0.8802368606937294,0.9997127610330623
2578,control,UST,0.14624345,,0.8837292060156037,0.9997127610330623
2579,control,TPO,0.14595537,-0.5479733,0.8839566180246902,0.9997127610330623
2580,control,AC108718.1,0.14503829,-0.44879198,0.8846806349372764,0.9997127610330623
2581,control,HAS1,0.1431721,-0.68230385,0.8861542692177998,0.9997127610330623
2582,control,CP,0.13627122,-0.04680439,0.8916068732876298,0.9997127610330623
2583,control,OLFML3,0.13613787,-0.28947124,0.8917122926038854,0.9997127610330623
2584,control,GRAPL,0.1349022,-0.3267576,0.892689208730705,0.9997127610330623
2585,control,LINC01687,0.13323669,-0.43848994,0.8940061988658243,0.9997127610330623
2586,control,PTPN22,0.13258117,1.0107087,0.8945246272293489,0.9997127610330623
2587,control,COL25A1,0.1323778,,0.8946854759306092,0.9997127610330623
2588,control,AC008392.1,0.13182415,-0.45890597,0.8951233805269017,0.9997127610330623
2589,control,HEMGN,0.1300274,-0.43983203,0.8965447528410152,0.9997127610330623
2590,control,GAD2,0.12935604,,0.897075928689355,0.9997127610330623
2591,control,KREMEN2,0.1290445,-0.46373042,0.89732243774186,0.9997127610330623
2592,control,MIR3681HG,0.12866561,,0.8976222471627273,0.9997127610330623
2593,control,ID1,0.12829721,2.6903982,0.8979137677192003,0.9997127610330623
2594,control,PAQR5,0.12811197,-0.48763672,0.8980603635340533,0.9997127610330623
2595,control,GNG11,0.12752724,-0.38049942,0.898523121836198,0.9997127610330623
2596,control,CYSLTR2,0.123624265,-0.48271167,0.9016127777437284,0.9997127610330623
2597,control,CCL1,0.123535365,-0.56745684,0.9016831726306374,0.9997127610330623
2598,control,CHST9,0.12351419,,0.9016999406254569,0.9997127610330623
2599,control,AC010737.1,0.12208105,-0.40295124,0.9028348275418752,0.9997127610330623
2600,control,MT1A,0.121858604,-0.38010573,0.9030110006408046,0.9997127610330623
2601,control,AC092100.1,0.12078051,-0.8432563,0.9038648881966189,0.9997127610330623
2602,control,PTCRA,0.119375035,-0.40848187,0.9049782366884673,0.9997127610330623
2603,control,NCR3,0.11900588,-0.5331597,0.9052706974181234,0.9997127610330623
2604,control,LINC01934,0.11609783,-0.65456444,0.907575008604948,0.9997127610330623
2605,control,HBA2,0.11416314,-0.44162995,0.9091084736768742,0.9997127610330623
2606,control,LMLN2,0.111279316,-0.35313085,0.9113948573537323,0.9997127610330623
2607,control,RHOD,0.11032809,-0.39706326,0.9121491809732646,0.9997127610330623
2608,control,HCG22,0.10869845,-0.29316688,0.9134416695222731,0.9997127610330623
2609,control,WNK4,0.10768465,-0.31120405,0.9142458456914335,0.9997127610330623
2610,control,SUCNR1,0.10712528,-0.33405164,0.9146895876058035,0.9997127610330623
2611,control,MATN3,0.10709934,-0.33329397,0.9147101710967661,0.9997127610330623
2612,control,AL161757.4,0.10680802,-0.36793464,0.9149412852457455,0.9997127610330623
2613,control,EPO,0.10644726,-0.40038258,0.91522750140293,0.9997127610330623
2614,control,LATS2-AS1,0.104932465,-0.3122736,0.9164293958168404,0.9997127610330623
2615,control,TEX41,0.10342664,0.41386473,0.917624365111496,0.9997127610330623
2616,control,AL121936.1,0.09846829,-0.41657087,0.921560450298525,0.9997127610330623
2617,control,CCL20,0.098398656,-0.31917953,0.9216157420513389,0.9997127610330623
2618,control,LIF,0.09738829,-0.3470741,0.9224180451560491,0.9997127610330623
2619,control,LINC02384,0.096652456,-0.2629901,0.9230024006047388,0.9997127610330623
2620,control,HES1,0.09652005,,0.923107549615132,0.9997127610330623
2621,control,IGHG1,0.09629531,-0.35141733,0.9232860332872806,0.9997127610330623
2622,control,SOX18,0.09559019,-0.27711615,0.9238460546267884,0.9997127610330623
2623,control,CSF3,0.09485703,-0.30988944,0.9244283895684676,0.9997127610330623
2624,control,MYH11,0.09429423,,0.9248754345165271,0.9997127610330623
2625,control,NOTCH3,0.09389664,-0.27396953,0.9251912595610623,0.9997127610330623
2626,control,AC073941.1,0.093374096,-0.76134235,0.9256063661588988,0.9997127610330623
2627,control,SELE,0.09315814,-0.38217267,0.9257779312878848,0.9997127610330623
2628,control,LINC01468,0.088722706,-0.22236699,0.9293022854750035,0.9997127610330623
2629,control,FHL5,0.08726916,-0.3180479,0.9304575673720595,0.9997127610330623
2630,control,DLL4,0.0859524,-0.24797997,0.9315042559258551,0.9997127610330623
2631,control,SEMA3G,0.08385001,-0.33471203,0.9331756841691381,0.9997127610330623
2632,control,ACSL5,0.08316187,0.70781,0.9337228303584022,0.9997127610330623
2633,control,IGHG3,0.08242451,-0.2969792,0.9343091473387033,0.9997127610330623
2634,control,LINC01775,0.080350354,-0.35297,0.9359586099169406,0.9997127610330623
2635,control,IGFBP3,0.080019355,,0.9362218637905257,0.9997127610330623
2636,control,LPAR5,0.07942984,,0.9366907308779595,0.9997127610330623
2637,control,LINC02542,0.07902196,-0.23897007,0.9370151572766487,0.9997127610330623
2638,control,BLK,0.07894393,-0.29995406,0.9370772213309742,0.9997127610330623
2639,control,AC007384.1,0.078930385,-0.25016674,0.9370879953255693,0.9997127610330623
2640,control,AL359220.1,0.07728682,-0.1653539,0.9383953754950648,0.9997127610330623
2641,control,LINC02476,0.07433489,-0.28714994,0.9407439147671727,0.9997127610330623
2642,control,PAPSS2,0.07137075,,0.9431026867282156,0.9997127610330623
2643,control,AL158013.1,0.07134156,-0.42030126,0.9431259171581355,0.9997127610330623
2644,control,AL355493.2,0.07098156,-0.34880993,0.9434124297652179,0.9997127610330623
2645,control,SLC4A1,0.067390524,-0.2663464,0.9462708143087896,0.9997127610330623
2646,control,IL2RA,0.06611783,-0.20839845,0.9472840132857013,0.9997127610330623
2647,control,ATP10A,0.06469958,0.26224178,0.9484131979338444,0.9997127610330623
2648,control,ACVRL1,0.062723294,-0.14818415,0.9499868466630643,0.9997127610330623
2649,control,CARMN,0.06259815,-0.27266446,0.9500865070811865,0.9997127610330623
2650,control,TOP2A,0.062221546,-0.2258056,0.9503864045671114,0.9997127610330623
2651,control,AC010976.2,0.061922595,-0.2633368,0.9506244740915841,0.9997127610330623
2652,control,PGR,0.06158358,-0.15039982,0.9508944536062333,0.9997127610330623
2653,control,AC007950.1,0.06089277,-0.31468362,0.9514446093540307,0.9997127610330623
2654,control,ANXA3,0.060192227,-0.04353319,0.9520025374073516,0.9997127610330623
2655,control,AP003481.1,0.0601266,,0.9520548063865293,0.9997127610330623
2656,control,ALAS2,0.05878294,-0.2482831,0.953124997977075,0.9997127610330623
2657,control,AL513324.1,0.058473114,-0.5076359,0.953371778625001,0.9997127610330623
2658,control,SLC1A7,0.058372572,-0.19701514,0.953451861730708,0.9997127610330623
2659,control,CHRNA1,0.058049772,-0.2559306,0.9537089818197956,0.9997127610330623
2660,control,COX4I2,0.057753112,-0.26077798,0.9539452873330215,0.9997127610330623
2661,control,LINC01693,0.05769092,-0.18379505,0.9539948284241331,0.9997127610330623
2662,control,AC093772.1,0.05682974,-0.46791127,0.9546808235598597,0.9997127610330623
2663,control,LINC01035,0.056153998,-0.1706073,0.9552191268387211,0.9997127610330623
2664,control,MEPE,0.05588729,0.12325649,0.9554315966144762,0.9997127610330623
2665,control,COL6A3,0.05261275,-0.0117492955,0.9580404561655816,0.9997127610330623
2666,control,AC012507.1,0.052553803,-0.40293026,0.9580874271359526,0.9997127610330623
2667,control,LINC01854,0.052503627,-0.19654712,0.9581274057787769,0.9997127610330623
2668,control,AC002074.1,0.051341016,-0.15450558,0.9590537843011497,0.9997127610330623
2669,control,PEAK3,0.05131011,-0.1681106,0.959078411467613,0.9997127610330623
2670,control,AC093817.1,0.0507538,-0.20876771,0.9595217071194294,0.9997127610330623
2671,control,GHR,0.050540697,,0.9596915188248939,0.9997127610330623
2672,control,CDH5,0.049528804,-0.1486555,0.9604978832124806,0.9997127610330623
2673,control,PKHD1L1,0.04949637,-0.16041943,0.960523728897722,0.9997127610330623
2674,control,HMCN1,0.049317993,0.78719795,0.9606658809074539,0.9997127610330623
2675,control,AC064834.1,0.04897707,-0.2685554,0.960937569560666,0.9997127610330623
2676,control,GNLY,0.048049692,1.4692693,0.9616766402931863,0.9997127610330623
2677,control,AC107892.1,0.04802432,-0.2849362,0.9616968621963955,0.9997127610330623
2678,control,ANGPT2,0.047418974,-4.8504357,0.9621793063072006,0.9997127610330623
2679,control,CRYBG1,0.047144063,2.4488258,0.9623984101542414,0.9997127610330623
2680,control,ABCG2,0.044263866,-0.15252943,0.9646940744622758,0.9997127610330623
2681,control,HSH2D,0.04356695,-0.16536967,0.9652495978487514,0.9997127610330623
2682,control,NAT2,0.043494835,-0.24773309,0.9653070824845794,0.9997127610330623
2683,control,F2RL3,0.043134835,-0.21850894,0.9655940521272576,0.9997127610330623
2684,control,MAP1LC3C,0.042414833,-0.17406826,0.9661680047442776,0.9997127610330623
2685,control,TREML2,0.041745007,-0.2027946,0.9667019758779343,0.9997127610330623
2686,control,CSTA,0.041328344,-0.14611474,0.967034137500338,0.9997127610330623
2687,control,WDR87,0.0412734,-0.1466679,0.9670779394610712,0.9997127610330623
2688,control,SELPLG,0.040998295,0.6374935,0.9672972549361417,0.9997127610330623
2689,control,AC003958.2,0.04071518,-0.31826502,0.9675229608231624,0.9997127610330623
2690,control,LINC02490,0.04071518,-0.28344598,0.9675229608231624,0.9997127610330623
2691,control,CCDC42,0.040305004,-0.1516036,0.9678499652025231,0.9997127610330623
2692,control,HIST1H1C,0.039633077,,0.9683856556608489,0.9997127610330623
2693,control,KIR3DX1,0.03923225,-0.12572338,0.9687052211445433,0.9997127610330623
2694,control,MYCNUT,0.03824535,-0.17037787,0.9694920640881711,0.9997127610330623
2695,control,SMPDL3B,0.03773425,-0.12509319,0.9698995670615049,0.9997127610330623
2696,control,SRARP,0.03660522,-0.06475538,0.9707997823717149,0.9997127610330623
2697,control,SLC35F6,0.036545694,-0.34641692,0.970847243227786,0.9997127610330623
2698,control,AL355838.1,0.034999046,-0.573229,0.9720805005989508,0.9997127610330623
2699,control,AL390719.2,0.034795865,-0.21392068,0.972242516120572,0.9997127610330623
2700,control,TNF,0.033698887,0.0047243475,0.9731172674274641,0.9997127610330623
2701,control,ZMYND10-AS1,0.033406038,-0.23720503,0.9733507935058315,0.9997127610330623
2702,control,APOBEC3A,0.033355866,-0.13440214,0.9733908050441727,0.9997127610330623
2703,control,MYCT1,0.03254925,-0.08523587,0.9740340414821596,0.9997127610330623
2704,control,NOS3,0.03204578,-0.060357496,0.9744355403622772,0.9997127610330623
2705,control,TBX15,0.030741423,-0.14008896,0.9754757551015404,0.9997127610330623
2706,control,LINC01838,0.030626385,-0.28112653,0.9755675005087613,0.9997127610330623
2707,control,SRMS,0.030626385,-0.26652268,0.9755675005087613,0.9997127610330623
2708,control,AC005392.2,0.030626385,-0.27822497,0.9755675005087613,0.9997127610330623
2709,control,HOXA3,0.030626385,-0.25842863,0.9755675005087613,0.9997127610330623
2710,control,CCR4,0.028876556,-0.18899319,0.9769630435906143,0.9997127610330623
2711,control,PFN3,0.028876556,-0.18567802,0.9769630435906143,0.9997127610330623
2712,control,CASC20,0.02878422,-0.10052755,0.9770366874153792,0.9997127610330623
2713,control,AL138902.1,0.028385298,-0.07966127,0.9773548492386455,0.9997127610330623
2714,control,SOX17,0.028156554,-0.115479484,0.9775372879909995,0.9997127610330623
2715,control,AC108879.1,0.02810638,-0.0984186,0.9775773059898957,0.9997127610330623
2716,control,AC002546.1,0.025377853,-0.09443696,0.9797535761814752,0.9997127610330623
2717,control,AC138230.1,0.0253769,-0.1203323,0.9797543370359942,0.9997127610330623
2718,control,AC114689.3,0.025258234,,0.9798489874815942,0.9997127610330623
2719,control,TREM1,0.024920365,-0.07073065,0.9801184841099461,0.9997127610330623
2720,control,PAX3,0.024252255,-0.09760242,0.9806513971366355,0.9997127610330623
2721,control,AC104051.1,0.023619821,-0.068633564,0.9811558616020014,0.9997127610330623
2722,control,OR10H3,0.023317246,-0.21747462,0.9813972159060845,0.9997127610330623
2723,control,KLF4,0.02322777,0.02421476,0.9814685877141441,0.9997127610330623
2724,control,DPEP2,0.022746814,-0.09078635,0.9818522327321306,0.9997127610330623
2725,control,AP005482.1,0.02213384,-0.07837657,0.9823411921726293,0.9997127610330623
2726,control,MAGEB16,0.021927418,-0.2666144,0.9825058541525805,0.9997127610330623
2727,control,AC131254.3,0.021927418,-0.26880977,0.9825058541525805,0.9997127610330623
2728,control,LINC01961,0.021567417,-0.15345332,0.9827930252073459,0.9997127610330623
2729,control,IL26,0.021465732,-0.06937361,0.982874139641518,0.9997127610330623
2730,control,CLEC10A,0.020083725,-0.079356275,0.9839765826662533,0.9997127610330623
2731,control,AC005674.1,0.018787762,-0.13608266,0.9850104171702856,0.9997127610330623
2732,control,AC002347.2,0.018787762,-0.1501104,0.9850104171702856,0.9997127610330623
2733,control,LINC01706,0.017397933,-0.16061768,0.9861191576483123,0.9997127610330623
2734,control,LINC02053,0.017397933,-0.15977792,0.9861191576483123,0.9997127610330623
2735,control,AC092723.3,0.017397933,-0.15080267,0.9861191576483123,0.9997127610330623
2736,control,AP000763.4,0.017037934,-0.10157039,0.9864063540460247,0.9997127610330623
2737,control,AC073072.1,0.016677933,-0.07655968,0.9866935522053096,0.9997127610330623
2738,control,CD19,0.016317932,-0.06667727,0.9869807520889566,0.9997127610330623
2739,control,GATA5,0.016008105,-0.17274556,0.9872279249361475,0.9997127610330623
2740,control,LINC02154,0.014928104,-0.07589695,0.9880895387317021,0.9997127610330623
2741,control,TRIM75P,0.0146182785,-0.2001127,0.9883367168926721,0.9997127610330623
2742,control,CD1A,0.0146182785,-0.19481279,0.9883367168926721,0.9997127610330623
2743,control,AC026415.1,0.0146182785,-0.22159353,0.9883367168926721,0.9997127610330623
2744,control,AC099687.1,0.013898277,-0.07380632,0.9889111364342726,0.9997127610330623
2745,control,ZNF366,0.012491088,-0.014911945,0.9900338126764054,0.9997127610330623
2746,control,GRHL3,0.012061834,-0.037820667,0.9903762816668389,0.9997127610330623
2747,control,RAB41,0.011478622,-0.097567916,0.9908415856976039,0.9997127610330623
2748,control,AC108941.2,0.011478622,-0.089975804,0.9908415856976039,0.9997127610330623
2749,control,LINC01814,0.011478622,-0.10356601,0.9908415856976039,0.9997127610330623
2750,control,LINC01566,0.011478622,-0.09442412,0.9908415856976039,0.9997127610330623
2751,control,LINC01391,0.011478622,-0.09752039,0.9908415856976039,0.9997127610330623
2752,control,IL18R1,0.01048676,0.25622952,0.9916329292582722,0.9997127610330623
2753,control,AC097381.1,0.010088795,-0.09480372,0.9919504431887005,0.9997127610330623
2754,control,AC136424.2,0.010088795,-0.0866791,0.9919504431887005,0.9997127610330623
2755,control,AP004609.1,0.010088795,-0.102226615,0.9919504431887005,0.9997127610330623
2756,control,AC004264.1,0.010088795,-0.09353425,0.9919504431887005,0.9997127610330623
2757,control,MOS,0.010088795,-0.09237571,0.9919504431887005,0.9997127610330623
2758,control,MFSD6L,0.009728794,-0.054012835,0.9922376680594732,0.9997127610330623
2759,control,AL035412.1,0.009728794,-0.063315265,0.9922376680594732,0.9997127610330623
2760,control,AL357033.4,0.009728794,-0.058629386,0.9922376680594732,0.9997127610330623
2761,control,SPTA1,0.009728794,-0.07197417,0.9922376680594732,0.9997127610330623
2762,control,AC108693.2,0.009728794,-0.06204805,0.9922376680594732,0.9997127610330623
2763,control,BX255923.1,0.009368793,-0.0478432,0.992524893936216,0.9997127610330623
2764,control,AC013264.1,0.009008792,-0.039593183,0.9928121207817079,0.9997127610330623
2765,control,P2RY13,0.008720906,0.1386739,0.9930418116021137,0.9997127610330623
2766,control,OR8J1,0.008698966,-0.09951017,0.9930593162279552,0.9997127610330623
2767,control,LINC02093,0.008698966,-0.10893872,0.9930593162279552,0.9997127610330623
2768,control,AL109914.1,0.008698966,-0.09725417,0.9930593162279552,0.9997127610330623
2769,control,AC079360.1,0.008698966,-0.09802206,0.9930593162279552,0.9997127610330623
2770,control,LINC01825,0.008698966,-0.100203015,0.9930593162279552,0.9997127610330623
2771,control,AC091588.3,0.008698966,-0.099396124,0.9930593162279552,0.9997127610330623
2772,control,AC025437.2,0.008698966,-0.1140689,0.9930593162279552,0.9997127610330623
2773,control,TCL1A,0.008698966,-0.11802301,0.9930593162279552,0.9997127610330623
2774,control,LINC02544,0.008698966,-0.11462843,0.9930593162279552,0.9997127610330623
2775,control,LINC01682,0.008698966,-0.10354035,0.9930593162279552,0.9997127610330623
2776,control,LINC02186,0.008698966,-0.120400704,0.9930593162279552,0.9997127610330623
2777,control,OR10K2,0.008698966,-0.10342802,0.9930593162279552,0.9997127610330623
2778,control,AL008638.6,0.008338966,-0.05742661,0.9933465447768686,0.9997127610330623
2779,control,KLHDC7B,0.008338966,-0.05053356,0.9933465447768686,0.9997127610330623
2780,control,SAGE1,0.008338966,-0.054493587,0.9933465447768686,0.9997127610330623
2781,control,AC008514.1,0.0079789655,-0.041217078,0.993633774188053,0.9997127610330623
2782,control,AC020897.1,0.0073091392,-0.1277682,0.9941682026736357,0.9997127610330623
2783,control,RBAKDN,0.0073091392,-0.1277682,0.9941682026736357,0.9997127610330623
2784,control,AC087477.3,0.0073091392,-0.1277682,0.9941682026736357,0.9997127610330623
2785,control,AC108206.1,0.0073091392,-0.1277682,0.9941682026736357,0.9997127610330623
2786,control,AC015911.2,0.0073091392,-0.1277682,0.9941682026736357,0.9997127610330623
2787,control,IGKV1OR2-108,0.0073091392,-0.1277682,0.9941682026736357,0.9997127610330623
2788,control,FGF3,0.0073091392,-0.1277682,0.9941682026736357,0.9997127610330623
2789,control,AC017053.1,0.0073091392,-0.1277682,0.9941682026736357,0.9997127610330623
2790,control,FAM236D,0.0073091392,-0.1277682,0.9941682026736357,0.9997127610330623
2791,control,LINC02305,0.0073091392,-0.1277682,0.9941682026736357,0.9997127610330623
2792,control,KRT7-AS,0.0073091392,-0.1277682,0.9941682026736357,0.9997127610330623
2793,control,AL807752.3,0.0073091392,-0.1277682,0.9941682026736357,0.9997127610330623
2794,control,AL132708.1,0.0069491384,-0.055393055,0.9944554343459138,0.9997127610330623
2795,control,AC113192.2,0.0069491384,-0.04429167,0.9944554343459138,0.9997127610330623
2796,control,HMHB1,0.0069491384,-0.047510333,0.9944554343459138,0.9997127610330623
2797,control,AL590764.2,0.0069491384,-0.04763226,0.9944554343459138,0.9997127610330623
2798,control,C1orf137,0.0069491384,-0.051984485,0.9944554343459138,0.9997127610330623
2799,control,AC138207.5,0.006589138,-0.032933615,0.9947426667367586,0.9997127610330623
2800,control,LHB,0.006589138,-0.032762174,0.9947426667367586,0.9997127610330623
2801,control,ADGRL4,0.0064508226,0.058650527,0.9948530238268898,0.9997127610330623
2802,control,LINC00602,0.006229137,-0.033160903,0.9950298998089464,0.9997127610330623
2803,control,AC022098.4,0.005559311,-0.0438413,0.9955643346247809,0.9997127610330623
2804,control,MPZL2,0.005509136,-0.019856809,0.9956043678484549,0.9997127610330623
2805,control,SULT1B1,0.004441725,-0.022855088,0.9964560276718405,0.9997127610330623
2806,control,RHOXF2B,0.004169483,-0.04020496,0.9966732434715799,0.9997127610330623
2807,control,OR5B3,0.004169483,-0.03685141,0.9966732434715799,0.9997127610330623
2808,control,PRR31,0.0027796554,-0.030645581,0.9977821587443715,0.9997127610330623
2809,control,AC239799.1,0.0027796554,-0.028476167,0.9977821587443715,0.9997127610330623
2810,control,AC103724.3,0.0027796554,-0.030452384,0.9977821587443715,0.9997127610330623
2811,control,AC019155.3,0.0027796554,-0.029528502,0.9977821587443715,0.9997127610330623
2812,control,CAVIN2,0.0026447743,-0.032139525,0.9978897778259439,0.9997127610330623
2813,control,CCL22,0.002059654,-0.010165964,0.9983566349965431,0.9997127610330623
2814,control,PCP2,0.0016996533,-0.00731852,0.9986438734607128,0.9997127610330623
2815,control,LIF-AS1,0.0013898277,-0.02054718,0.9988910783011787,0.9997127610330623
2816,control,AL035541.1,0.0013898277,-0.019774582,0.9988910783011787,0.9997127610330623
2817,control,IL12B,0.0013898277,-0.019854335,0.9988910783011787,0.9997127610330623
2818,control,GUCA2A,0.0013898277,-0.02164816,0.9988910783011787,0.9997127610330623
2819,control,AL391869.1,0.0013898277,-0.01925495,0.9988910783011787,0.9997127610330623
2820,control,LINP1,0.0013898277,-0.020429444,0.9988910783011787,0.9997127610330623
2821,control,KRT36,0.0013898277,-0.017661365,0.9988910783011787,0.9997127610330623
2822,control,AC113208.3,0.0013898277,-0.019316744,0.9988910783011787,0.9997127610330623
2823,control,AC090707.1,0.001029827,-0.007560655,0.9991783170625564,0.9997127610330623
2824,control,AC147067.2,-0.00036000067,0.0023535385,0.9997127610330623,0.9997127610330623
2825,control,TGIF2,-0.00036000067,0.0025034794,0.9997127610330623,0.9997127610330623
2826,control,HOXA-AS2,-0.00036000067,0.0025001708,0.9997127610330623,0.9997127610330623
2827,control,HOGA1,-0.00036000067,0.0026926438,0.9997127610330623,0.9997127610330623
2828,control,LINC02195,-0.00036000067,0.0027687894,0.9997127610330623,0.9997127610330623
2829,control,AC021422.1,-0.00036000067,0.002777927,0.9997127610330623,0.9997127610330623
2830,control,TRG-AS1,-0.000850876,0.182213,0.999321099276295,0.9997127610330623
2831,control,AL596442.2,-0.0011301769,0.0037433836,0.9990982494357973,0.9997127610330623
2832,control,AC244102.1,-0.0017498283,0.0132516045,0.9986038396835176,0.9997127610330623
2833,control,SORCS3-AS1,-0.0017498283,0.0139647,0.9986038396835176,0.9997127610330623
2834,control,TCTEX1D4,-0.003139656,0.026722692,0.9974949210308216,0.9997127610330623
2835,control,H2AFB1,-0.003139656,0.029722515,0.9974949210308216,0.9997127610330623
2836,control,AL353572.3,-0.003139656,0.030671267,0.9974949210308216,0.9997127610330623
2837,control,LINC01564,-0.003139656,0.029532684,0.9974949210308216,0.9997127610330623
2838,control,LINC02111,-0.003139656,0.033454817,0.9974949210308216,0.9997127610330623
2839,control,AP005137.2,-0.003139656,0.034245573,0.9974949210308216,0.9997127610330623
2840,control,CU634019.2,-0.003139656,0.027347248,0.9974949210308216,0.9997127610330623
2841,control,CLDND2,-0.003139656,0.028064126,0.9974949210308216,0.9997127610330623
2842,control,TMEM251,-0.0034996567,0.022480316,0.99720768364193,0.9997127610330623
2843,control,AC003092.2,-0.0045294836,0.049968053,0.9963860072169703,0.9997127610330623
2844,control,AC103702.2,-0.0045294836,0.048284817,0.9963860072169703,0.9997127610330623
2845,control,LINC00210,-0.0045796586,0.01987911,0.9963459737954615,0.9997127610330623
2846,control,LINC01644,-0.0049396595,0.01937106,0.9960587380774588,0.9997127610330623
2847,control,LINC02247,-0.005919311,0.102582686,0.9952771003839325,0.9997127610330623
2848,control,TRAV22,-0.005919311,0.102582686,0.9952771003839325,0.9997127610330623
2849,control,TRAV16,-0.005919311,0.102582686,0.9952771003839325,0.9997127610330623
2850,control,LGALS9C,-0.005919311,0.102582686,0.9952771003839325,0.9997127610330623
2851,control,TRAV20,-0.005919311,0.102582686,0.9952771003839325,0.9997127610330623
2852,control,NPS,-0.005919311,0.102582686,0.9952771003839325,0.9997127610330623
2853,control,OR4P4,-0.005919311,0.102582686,0.9952771003839325,0.9997127610330623
2854,control,IGKV2D-29,-0.005919311,0.102582686,0.9952771003839325,0.9997127610330623
2855,control,KRT2,-0.005919311,0.102582686,0.9952771003839325,0.9997127610330623
2856,control,AC117522.2,-0.005919311,0.102582686,0.9952771003839325,0.9997127610330623
2857,control,IGKV2D-28,-0.005919311,0.102582686,0.9952771003839325,0.9997127610330623
2858,control,AC107464.2,-0.005919311,0.102582686,0.9952771003839325,0.9997127610330623
2859,control,DDI1,-0.005919311,0.102582686,0.9952771003839325,0.9997127610330623
2860,control,AL451065.1,-0.005919311,0.102582686,0.9952771003839325,0.9997127610330623
2861,control,AC095057.2,-0.005919311,0.10258268,0.9952771003839325,0.9997127610330623
2862,control,FOXCUT,-0.005919311,0.102582686,0.9952771003839325,0.9997127610330623
2863,control,CD28,-0.0060461797,0.025223006,0.9951758759543946,0.9997127610330623
2864,control,TACR1,-0.006214638,,0.9950414682983049,0.9997127610330623
2865,control,HIST1H2AH,-0.006279312,0.04163889,0.994989866755167,0.9997127610330623
2866,control,CYTL1,-0.0062980084,0.04310014,0.994974949498804,0.9997127610330623
2867,control,AL109924.3,-0.0076691397,0.061861463,0.993880971757148,0.9997127610330623
2868,control,AL157931.2,-0.0076691397,0.056554906,0.993880971757148,0.9997127610330623
2869,control,BX664718.1,-0.0076691397,0.057107233,0.993880971757148,0.9997127610330623
2870,control,AC008080.4,-0.008769364,0.0063572573,0.9930031492230046,0.9997127610330623
2871,control,IGHD,-0.009058967,0.07337826,0.9927720885785349,0.9997127610330623
2872,control,Z83851.1,-0.009058967,0.07170844,0.9927720885785349,0.9997127610330623
2873,control,B3GNT8,-0.01013897,0.04443276,0.9919104113994509,0.9997127610330623
2874,control,AC004906.1,-0.010448795,0.09787695,0.9916632193611189,0.9997127610330623
2875,control,PGLYRP4,-0.010448795,0.105046414,0.9916632193611189,0.9997127610330623
2876,control,TRIM10,-0.010448795,0.11708062,0.9916632193611189,0.9997127610330623
2877,control,TRDV2,-0.011838622,0.14727974,0.9905543662466095,0.9997127610330623
2878,control,IGLV1-40,-0.011838622,0.16881791,0.9905543662466095,0.9997127610330623
2879,control,TRAV12-2,-0.011838622,0.14803168,0.9905543662466095,0.9997127610330623
2880,control,OR4K13,-0.011838622,0.17763479,0.9905543662466095,0.9997127610330623
2881,control,KRTAP8-1,-0.011838622,0.1660373,0.9905543662466095,0.9997127610330623
2882,control,AC027449.1,-0.011838622,0.18320018,0.9905543662466095,0.9997127610330623
2883,control,KIR3DL3,-0.011838622,0.15473528,0.9905543662466095,0.9997127610330623
2884,control,TRAV38-2DV8,-0.011838622,0.14727847,0.9905543662466095,0.9997127610330623
2885,control,KRT73-AS1,-0.011838622,0.18125117,0.9905543662466095,0.9997127610330623
2886,control,LINC02032,-0.012198623,0.07468627,0.9902671480197166,0.9997127610330623
2887,control,CLIC3,-0.013638626,0.051986873,0.9891182880975167,0.9997127610330623
2888,control,HIST2H2AA3,-0.016368106,0.13814202,0.9869407235982639,0.9997127610330623
2889,control,HIST1H2BI,-0.016368106,0.14775206,0.9869407235982639,0.9997127610330623
2890,control,AC007952.3,-0.016368106,0.15367079,0.9869407235982639,0.9997127610330623
2891,control,AL356276.1,-0.016368106,0.15116079,0.9869407235982639,0.9997127610330623
2892,control,LGALS9B,-0.016368106,0.15614188,0.9869407235982639,0.9997127610330623
2893,control,LINC00163,-0.016368106,0.13991906,0.9869407235982639,0.9997127610330623
2894,control,KRT78,-0.016368106,0.16167359,0.9869407235982639,0.9997127610330623
2895,control,KIR2DL1,-0.017757934,0.19219242,0.985831963049382,0.9997127610330623
2896,control,PRR33,-0.017757934,0.18451324,0.985831963049382,0.9997127610330623
2897,control,TRBV14,-0.017757934,0.1843741,0.985831963049382,0.9997127610330623
2898,control,IGLL5,-0.017757934,0.18473625,0.985831963049382,0.9997127610330623
2899,control,AC126696.2,-0.017757934,0.19246769,0.985831963049382,0.9997127610330623
2900,control,AC092958.2,-0.018117934,0.120240055,0.9855447702864433,0.9997127610330623
2901,control,CSAG1,-0.018117934,0.11115547,0.9855447702864433,0.9997127610330623
2902,control,HIGD1B,-0.018728048,-0.08299581,0.9850580536212078,0.9997127610330623
2903,control,LINC02446,-0.020227764,0.10748567,0.9838616799753257,0.9997127610330623
2904,control,PCAT19,-0.020842645,0.078486025,0.9833711786398408,0.9997127610330623
2905,control,SLC7A5,-0.020887287,,0.9833355669331012,0.9997127610330623
2906,control,AC091814.1,-0.02089759,0.15225479,0.9833273488516435,0.9997127610330623
2907,control,CXCL9,-0.02089759,0.16261062,0.9833273488516435,0.9997127610330623
2908,control,C19orf33,-0.02125759,0.115921944,0.983040173678052,0.9997127610330623
2909,control,AL606469.1,-0.021667767,0.07656917,0.9827129762403288,0.9997127610330623
2910,control,HIST1H3J,-0.021684365,0.08119752,0.9826997362188115,0.9997127610330623
2911,control,COL3A1,-0.022032347,0.06798092,0.9824221534222423,0.9997127610330623
2912,control,TRERNA1,-0.022287417,0.18287016,0.9822186853647012,0.9997127610330623
2913,control,XCL2,-0.022287417,0.17762025,0.9822186853647012,0.9997127610330623
2914,control,KIR3DL1,-0.022287417,0.17397071,0.9822186853647012,0.9997127610330623
2915,control,PGM5-AS1,-0.022287417,0.177615,0.9822186853647012,0.9997127610330623
2916,control,LINC00557,-0.022287417,0.18395257,0.9822186853647012,0.9997127610330623
2917,control,S1PR4,-0.022334158,0.079385206,0.9821814007671247,0.9997127610330623
2918,control,TBX18,-0.022537148,0.095676064,0.9820194795388328,0.9997127610330623
2919,control,AC108477.1,-0.023677245,0.2488328,0.9811100562188166,0.9997127610330623
2920,control,LINC00668,-0.023677245,0.2420252,0.9811100562188166,0.9997127610330623
2921,control,HIST2H3D,-0.023677245,0.21651042,0.9811100562188166,0.9997127610330623
2922,control,AL139390.1,-0.023677245,0.25688118,0.9811100562188166,0.9997127610330623
2923,control,AC105219.2,-0.023677245,0.26930472,0.9811100562188166,0.9997127610330623
2924,control,IGHM,-0.024036484,0.14678957,0.9808235076830122,0.9997127610330623
2925,control,TINAGL1,-0.02482383,0.11606892,0.9801954835647417,0.9997127610330623
2926,control,XCL1,-0.026147075,0.12051852,0.979140029153894,0.9997127610330623
2927,control,PCK1,-0.026147075,0.12619741,0.979140029153894,0.9997127610330623
2928,control,AC096558.1,-0.0268169,0.20150247,0.9786057724231655,0.9997127610330623
2929,control,OR52K2,-0.027176902,0.1367523,0.9783186381070839,0.9997127610330623
2930,control,AL663074.1,-0.027176902,0.15842499,0.9783186381070839,0.9997127610330623
2931,control,AREG,-0.027362721,0.12273934,0.9781704310302204,0.9997127610330623
2932,control,LINC00102,-0.02820673,0.21976656,0.9774972700486388,0.9997127610330623
2933,control,PRAME,-0.02820673,0.22274658,0.9774972700486388,0.9997127610330623
2934,control,HIST1H2BB,-0.02820673,0.21962531,0.9774972700486388,0.9997127610330623
2935,control,KRT72,-0.02820673,0.22730912,0.9774972700486388,0.9997127610330623
2936,control,FOXC2,-0.028256904,0.10328986,0.9774572521629146,0.9997127610330623
2937,control,CD58,-0.029300658,,0.9766248018611148,0.9997127610330623
2938,control,IL24,-0.029596558,0.25864238,0.9763888111293109,0.9997127610330623
2939,control,AL353633.1,-0.029596558,0.28626925,0.9763888111293109,0.9997127610330623
2940,control,MAGEA12,-0.029596558,0.24715438,0.9763888111293109,0.9997127610330623
2941,control,TRGV9,-0.029596558,0.2588272,0.9763888111293109,0.9997127610330623
2942,control,HIST1H3F,-0.029596558,0.2650983,0.9763888111293109,0.9997127610330623
2943,control,KIR2DL3,-0.029596558,0.26764324,0.9763888111293109,0.9997127610330623
2944,control,LINC02147,-0.029655127,0.105321646,0.9763421001198671,0.9997127610330623
2945,control,LINC01482,-0.030415,2.5738742,0.9757360816344581,0.9997127610330623
2946,control,CCR2,-0.031346384,0.18496041,0.9749932983029134,0.9997127610330623
2947,control,AURKB,-0.031402282,0.12015454,0.9749487198146203,0.9997127610330623
2948,control,AL355310.2,-0.031706385,0.17205289,0.974706202041132,0.9997127610330623
2949,control,AC020659.1,-0.032066386,0.14751396,0.9744191090563405,0.9997127610330623
2950,control,CXCL3,-0.032510903,0.12875488,0.9740646215001261,0.9997127610330623
2951,control,ACY3,-0.03254257,0.07950331,0.9740393663581667,0.9997127610330623
2952,control,CD8B,-0.03292661,0.10637606,0.9737331118060774,0.9997127610330623
2953,control,P2RY10,-0.033096213,0.16512813,0.973597862019384,0.9997127610330623
2954,control,FOXF1,-0.033142,0.10805151,0.9735613492710667,0.9997127610330623
2955,control,TRGV7,-0.03412604,0.23945324,0.9727766429728191,0.9997127610330623
2956,control,TRGV10,-0.03412604,0.24017328,0.9727766429728191,0.9997127610330623
2957,control,CD40LG,-0.03448604,0.17255297,0.9724895729779177,0.9997127610330623
2958,control,TDRD15,-0.034542512,0.12817483,0.9724445427129074,0.9997127610330623
2959,control,MS4A1,-0.034844324,0.15543258,0.9722038756947189,0.9997127610330623
2960,control,FCRL2,-0.03623587,0.17018932,0.9710942847318471,0.9997127610330623
2961,control,LINC00676,-0.037625697,0.1686633,0.9699861187271529,0.9997127610330623
2962,control,AL445070.1,-0.038655523,0.24322903,0.9691650331171444,0.9997127610330623
2963,control,CXCL10,-0.03869845,0.13564277,0.9691308092445236,0.9997127610330623
2964,control,AL158850.1,-0.039129037,0.08674705,0.9687875089314886,0.9997127610330623
2965,control,ADH1B,-0.040092092,0.14089617,0.9680197054245149,0.9997127610330623
2966,control,GCSAM,-0.04143518,0.31926844,0.9669489673059838,0.9997127610330623
2967,control,ADORA2A,-0.04143518,0.33959565,0.9669489673059838,0.9997127610330623
2968,control,AC113137.1,-0.042333752,-0.07122421,0.9662326401515816,0.9997127610330623
2969,control,KIR2DL4,-0.043185007,0.23194216,0.9655540555602491,0.9997127610330623
2970,control,HOXC4,-0.043590605,0.13660121,0.9652307404943139,0.9997127610330623
2971,control,PAX5,-0.044531338,0.0663484,0.9644808723767962,0.9997127610330623
2972,control,SMAD6,-0.045417316,,0.9637746776983129,0.9997127610330623
2973,control,CLEC4E,-0.045652166,0.17520952,0.9635874891477851,0.9997127610330623
2974,control,FGFBP2,-0.045654837,0.18865722,0.9635853602887086,0.9997127610330623
2975,control,PEAR1,-0.046147622,0.100447476,0.9631925902471938,0.9997127610330623
2976,control,LAX1,-0.047764666,0.17084868,0.961903796018382,0.9997127610330623
2977,control,FASLG,-0.049104318,0.2603818,0.9608361608964604,0.9997127610330623
2978,control,GATA2,-0.04924206,0.16009437,0.9607263909127066,0.9997127610330623
2979,control,MMRN1,-0.049754877,0.19802026,0.9603177247378388,0.9997127610330623
2980,control,CPAMD8,-0.04994394,0.29635358,0.9601670621175925,0.9997127610330623
2981,control,AC084211.1,-0.050494146,0.2987075,0.9597286131205973,0.9997127610330623
2982,control,AC106739.2,-0.050494146,0.28358704,0.9597286131205973,0.9997127610330623
2983,control,TRGV2,-0.050494146,0.29931036,0.9597286131205973,0.9997127610330623
2984,control,DSC3,-0.050904322,0.18546298,0.9594017606558786,0.9997127610330623
2985,control,PDLIM1,-0.051788393,0.20957203,0.9586973028542753,0.9997127610330623
2986,control,GJA4,-0.051984515,0.15297556,0.9585410312845625,0.9997127610330623
2987,control,FCRL1,-0.052603975,0.2621398,0.9580474485985473,0.9997127610330623
2988,control,HIST1H2AI,-0.0536338,0.267256,0.9572269239719358,0.9997127610330623
2989,control,IL1RN,-0.054774474,0.17878942,0.9563181371989656,0.9997127610330623
2990,control,IGHA1,-0.05641346,0.38821974,0.9550124354035444,0.9997127610330623
2991,control,OASL,-0.057239916,0.18505214,0.9543540826241633,0.9997127610330623
2992,control,NLRP6,-0.05785346,0.19719927,0.9538653533097502,0.9997127610330623
2993,control,C7orf71,-0.05816329,0.3087547,0.9536185637437623,0.9997127610330623
2994,control,ZNF683,-0.059913117,0.27217245,0.9522248339390856,0.9997127610330623
2995,control,EDN1,-0.060699128,-0.5305259,0.9515988272944174,0.9997127610330623
2996,control,TRDC,-0.061302945,0.2910957,0.951117946822897,0.9997127610330623
2997,control,LRRC32,-0.0632033,0.14846747,0.9496046197662917,0.9997127610330623
2998,control,LINC02084,-0.063722596,0.36418685,0.9491911107239099,0.9997127610330623
2999,control,TRAT1,-0.06421443,0.20479956,0.9487994898665592,0.9997127610330623
3000,control,AC093010.2,-0.06588909,0.24837135,0.9474661278398361,0.9997127610330623
3001,control,MAT1A,-0.06722225,0.3275422,0.9464047685104433,0.9997127610330623
3002,control,HMGA1P4,-0.067942254,0.24448691,0.9458316010037673,0.9997127610330623
3003,control,GABRE,-0.069315866,0.22748312,0.9447381957016471,0.9997127610330623
3004,control,AC069277.1,-0.069445595,0.5244874,0.9446349349934919,0.9997127610330623
3005,control,MSN,-0.069469064,,0.9446162570529394,0.9997127610330623
3006,control,SIT1,-0.071031734,0.41946176,0.9433724967255585,0.9997127610330623
3007,control,AC009154.1,-0.07453139,0.34393436,0.9405875619790633,0.9997127610330623
3008,control,IL10,-0.075283825,0.2284758,0.9399888886432407,0.9997127610330623
3009,control,TNIP3,-0.0754271,0.22296374,0.9398748956013148,0.9997127610330623
3010,control,MARCO,-0.07596529,0.2682738,0.9394467117233136,0.9997127610330623
3011,control,LINC00243,-0.07612974,0.22749598,0.9393158770304201,0.9997127610330623
3012,control,AC068992.1,-0.07679175,0.025288453,0.9387892156948656,0.9997127610330623
3013,control,FER1L6,-0.07689019,0.12949136,0.9387109017657956,0.9997127610330623
3014,control,ANGPTL5,-0.078067295,-0.27418682,0.937774519717399,0.9997127610330623
3015,control,MKI67,-0.07941878,0.30717686,0.9366995318298306,0.9997127610330623
3016,control,JCHAIN,-0.082952015,0.3168421,0.9338896957104597,0.9997127610330623
3017,control,PLD4,-0.08596118,0.67654717,0.93149727963001,0.9997127610330623
3018,control,LINC02100,-0.08596728,0.66669255,0.9314924265577434,0.9997127610330623
3019,control,SLC12A7,-0.086174466,,0.9313277269288515,0.9997127610330623
3020,control,INSRR,-0.087478064,0.30285984,0.9302915215894132,0.9997127610330623
3021,control,FENDRR,-0.08894134,0.24714461,0.9291285283807279,0.9997127610330623
3022,control,OSR1,-0.0895877,0.31525043,0.9286148579142333,0.9997127610330623
3023,control,LILRA4,-0.0919795,0.3019082,0.9267143252670628,0.9997127610330623
3024,control,GPR34,-0.092291236,,0.9264666514092437,0.9997127610330623
3025,control,FFAR3,-0.09475916,0.31581602,0.9245061282169762,0.9997127610330623
3026,control,SLAMF1,-0.09583229,0.28599432,0.9236537703034622,0.9997127610330623
3027,control,IFNG,-0.09645881,0.4329482,0.9231561852748429,0.9997127610330623
3028,control,TBX21,-0.09661296,0.32213303,0.9230337633532711,0.9997127610330623
3029,control,FCRL5,-0.09681748,0.48993126,0.9228713450045466,0.9997127610330623
3030,control,SERPINB9,-0.0976094,,0.9222424588293658,0.9997127610330623
3031,control,LPL,-0.098137096,,0.9218234303459119,0.9997127610330623
3032,control,ACAN,-0.09891853,,0.9212029566205352,0.9997127610330623
3033,control,MZB1,-0.09965265,0.3755812,0.9206200943251586,0.9997127610330623
3034,control,FCRL6,-0.10032896,0.38289326,0.9200831656189867,0.9997127610330623
3035,control,MLPH,-0.10067656,0.35716528,0.9198072181126306,0.9997127610330623
3036,control,IRF4,-0.101134434,0.3063835,0.9194437454707758,0.9997127610330623
3037,control,IL32,-0.101488136,0.2882605,0.9191629743738292,0.9997127610330623
3038,control,LIPG,-0.101886675,0.36185297,0.9188466267850045,0.9997127610330623
3039,control,CTLA4,-0.10448795,0.39384696,0.9167821291733046,0.9997127610330623
3040,control,CXCL11,-0.10515778,0.519859,0.9162506132140538,0.9997127610330623
3041,control,TGM2,-0.105343595,0.34270495,0.91610316995291,0.9997127610330623
3042,control,ADCY4,-0.10538194,0.3097628,0.9160727431092395,0.9997127610330623
3043,control,SKAP1,-0.1073525,2.090807,0.9145093331565024,0.9997127610330623
3044,control,PKP2,-0.1088299,,0.9133374085160596,0.9997127610330623
3045,control,COL6A2,-0.110185005,0.75488394,0.9122626540881412,0.9997127610330623
3046,control,TBX3,-0.11051658,0.28775772,0.9119997017911222,0.9997127610330623
3047,control,TRGC1,-0.11251709,0.37907898,0.9104134183049615,0.9997127610330623
3048,control,GATA3,-0.112524725,0.40036905,0.9104073679317394,0.9997127610330623
3049,control,LINC01871,-0.113553405,0.43840176,0.9095918253167401,0.9997127610330623
3050,control,ADGRD1,-0.11398533,1.7322304,0.9092494225652673,0.9997127610330623
3051,control,MS4A14,-0.11527443,1.0171566,0.9082276081201857,0.9997127610330623
3052,control,FOXD1,-0.115758434,0.34312186,0.907843994246224,0.9997127610330623
3053,control,AC003991.1,-0.116606444,,0.9071719279964836,0.9997127610330623
3054,control,C2CD4B,-0.11740238,0.39922315,0.9065411987042179,0.9997127610330623
3055,control,LINC02196,-0.12037129,,0.9041890350076948,0.9997127610330623
3056,control,TNFSF15,-0.12165638,0.3930371,0.9031711621478444,0.9997127610330623
3057,control,IL2RB,-0.12198776,0.36763936,0.9029087108753053,0.9997127610330623
3058,control,RAB42,-0.12206293,0.34868956,0.9028491810888716,0.9997127610330623
3059,control,CXCR6,-0.122245885,0.44582438,0.902704287267632,0.9997127610330623
3060,control,LINC00944,-0.12288328,0.2565856,0.9021995261059893,0.9997127610330623
3061,control,DOK2,-0.123995714,0.44358718,0.9013186684264252,0.9997127610330623
3062,control,IGHG2,-0.123995714,0.5429314,0.9013186684264252,0.9997127610330623
3063,control,Z98257.1,-0.12646134,0.38760716,0.8993667441602785,0.9997127610330623
3064,control,LAG3,-0.12648635,0.41398647,0.8993469621987277,0.9997127610330623
3065,control,CD3D,-0.12919502,0.5104679,0.8972033332314506,0.9997127610330623
3066,control,TIGIT,-0.12999058,0.42532694,0.8965738840479779,0.9997127610330623
3067,control,TM4SF18,-0.13209735,0.350638,0.8949072912789564,0.9997127610330623
3068,control,TES,-0.13255294,0.37195975,0.8945469586848548,0.9997127610330623
3069,control,DACH1,-0.1332796,,0.893972252136271,0.9997127610330623
3070,control,MMP19,-0.13340095,0.37305477,0.8938762970979659,0.9997127610330623
3071,control,SLFN13,-0.13381094,0.37009755,0.8935520831603111,0.9997127610330623
3072,control,ZBP1,-0.1355951,0.39135244,0.8921413795057276,0.9997127610330623
3073,control,HTR2C,-0.1365385,,0.8913955879812476,0.9997127610330623
3074,control,GADL1,-0.13864814,0.49997813,0.8897281988848401,0.9997127610330623
3075,control,GFI1,-0.13897933,0.4772321,0.8894664788804696,0.9997127610330623
3076,control,HOXB3,-0.14036383,0.4614988,0.888372541623828,0.9997127610330623
3077,control,PARVB,-0.14089324,,0.8879542876644491,0.9997127610330623
3078,control,AL021807.1,-0.14628829,0.52044463,0.8836938149414734,0.9997127610330623
3079,control,PMAIP1,-0.14664122,0.47787738,0.8834152124695863,0.9997127610330623
3080,control,TDRD10,-0.14698692,1.6234763,0.8831423466205521,0.9997127610330623
3081,control,EGR3,-0.14865395,,0.8818267019883604,0.9997127610330623
3082,control,ICOS,-0.15044841,0.53028584,0.8804108437768154,0.9997127610330623
3083,control,LINC02172,-0.1511873,0.47911558,0.8798279630230532,0.9997127610330623
3084,control,NPY,-0.15319546,0.4033858,0.8782441454821839,0.9997127610330623
3085,control,TENT5C,-0.15631717,0.6776733,0.8757830205939227,0.9997127610330623
3086,control,AC147651.3,-0.1581601,0.53593045,0.8743306421792465,0.9997127610330623
3087,control,UBASH3A,-0.1584974,0.5212648,0.8740648695343463,0.9997127610330623
3088,control,SLC6A20,-0.1591262,0.7947707,0.8735694399351377,0.9997127610330623
3089,control,IL6,-0.15986834,0.52546656,0.8729847885732772,0.9997127610330623
3090,control,ITGA5,-0.16177155,,0.8714857536500626,0.9997127610330623
3091,control,LCK,-0.16208996,0.5162183,0.8712350077397478,0.9997127610330623
3092,control,CXCL2,-0.1623893,0.53353417,0.8709992973515224,0.9997127610330623
3093,control,XIRP1,-0.16332106,0.61916316,0.8702656489639586,0.9997127610330623
3094,control,NUGGC,-0.1639741,0.5014751,0.8697515306929084,0.9997127610330623
3095,control,AC087672.2,-0.16649202,3.2495716,0.8677697712699921,0.9997127610330623
3096,control,GZMK,-0.16749054,0.6408715,0.8669840838867366,0.9997127610330623
3097,control,LINC01907,-0.17041177,0.4979556,0.8646863227596394,0.9997127610330623
3098,control,GRIN3A,-0.17335491,,0.8623724609385364,0.9997127610330623
3099,control,LAMA4,-0.18179251,,0.8557455593670579,0.9997127610330623
3100,control,CD3G,-0.1818093,0.62887114,0.8557323835644413,0.9997127610330623
3101,control,VNN2,-0.18331341,0.5189698,0.8545521150621264,0.9997127610330623
3102,control,IGHGP,-0.18385789,0.9101775,0.8541249391401287,0.9997127610330623
3103,control,AC004704.1,-0.18394412,0.46354485,0.8540572894095425,0.9997127610330623
3104,control,FOXC1,-0.18432817,0.48022565,0.8537560216779896,0.9997127610330623
3105,control,ANO9,-0.18445522,0.57187134,0.8536563520990191,0.9997127610330623
3106,control,GZMH,-0.18457636,0.6007489,0.8535613239700608,0.9997127610330623
3107,control,P2RY12,-0.18488753,,0.8533172535878248,0.9997127610330623
3108,control,MSR1,-0.1856804,,0.8526953940551176,0.9997127610330623
3109,control,AC079015.1,-0.18679589,4.340861,0.8518206663911495,0.9997127610330623
3110,control,LCP1,-0.1883788,,0.8505797248728681,0.9997127610330623
3111,control,LINC01141,-0.18839024,,0.8505707523115085,0.9997127610330623
3112,control,CLDN5,-0.18961924,0.21246871,0.8496075111028039,0.9997127610330623
3113,control,CASP10,-0.18992506,3.3336952,0.8493678570593421,0.9997127610330623
3114,control,AP001267.2,-0.1921816,0.6139259,0.8475999618463789,0.9997127610330623
3115,control,OSM,-0.19625397,0.62781686,0.8444113858763465,0.9997127610330623
3116,control,EOMES,-0.19781607,0.6548916,0.8431889699685033,0.9997127610330623
3117,control,GRAP2,-0.19887586,1.2681184,0.8423598589377312,0.9997127610330623
3118,control,LINC01426,-0.19988756,0.5541272,0.841568523150746,0.9997127610330623
3119,control,HLA-DRB5,-0.2063731,1.9175518,0.8364994814170533,0.9997127610330623
3120,control,SH2D2A,-0.20667759,0.5905586,0.8362616646718912,0.9997127610330623
3121,control,PDCD1,-0.2072543,0.6521151,0.8358112545666043,0.9997127610330623
3122,control,HOTAIRM1,-0.2074096,0.61934644,0.8356899823093789,0.9997127610330623
3123,control,NCR1,-0.2086447,0.6981005,0.8347256049134797,0.9997127610330623
3124,control,IQGAP2,-0.20940554,,0.834131669643883,0.9997127610330623
3125,control,GRAP,-0.21046971,0.5831395,0.8333010935047873,0.9997127610330623
3126,control,LINC00278,-0.21069807,,0.8331228818528622,0.9997127610330623
3127,control,C7,-0.2124313,0.5074498,0.8317705698024394,0.9997127610330623
3128,control,FCRL3,-0.21629305,0.7007901,0.8287593222190667,0.9997127610330623
3129,control,COL1A2,-0.21768917,0.6286137,0.8276712958332751,0.9997127610330623
3130,control,AL136987.1,-0.2218497,0.7177276,0.8244308923016388,0.9997127610330623
3131,control,STC1,-0.22291538,0.55855227,0.8236013594715114,0.9997127610330623
3132,control,LY9,-0.22298521,0.6870241,0.8235470145647252,0.9997127610330623
3133,control,P2RY8,-0.22398967,1.0795274,0.8227653434758687,0.9997127610330623
3134,control,KLF6,-0.22516525,,0.8218507221848091,0.9997127610330623
3135,control,CXCL8,-0.22709651,0.7222618,0.8203486985168778,0.9997127610330623
3136,control,AGMO,-0.22805098,,0.8196066096118744,0.9997127610330623
3137,control,TFPI,-0.2283152,0.4871165,0.819401202763853,0.9997127610330623
3138,control,TRBC1,-0.22843349,0.7586768,0.8193092556981428,0.9997127610330623
3139,control,CXCL1,-0.23121734,0.69777906,0.8171459569622721,0.9997127610330623
3140,control,VCAM1,-0.23159853,0.7211644,0.8168498566999757,0.9997127610330623
3141,control,JAML,-0.23205982,0.7011967,0.8164915481011221,0.9997127610330623
3142,control,KLRF1,-0.2321739,0.70852965,0.8164029400595493,0.9997127610330623
3143,control,MAFF,-0.23259991,,0.816072088310092,0.9997127610330623
3144,control,NEFL,-0.23328291,,0.8155417271587028,0.9997127610330623
3145,control,LINC00499,-0.2337715,,0.8151623781752345,0.9997127610330623
3146,control,GPR17,-0.23607859,,0.8133716852431557,0.9997127610330623
3147,control,PTGER2,-0.23664215,0.70133084,0.81293441416433,0.9997127610330623
3148,control,AC092343.1,-0.23723757,0.39637288,0.8124724859673277,0.9997127610330623
3149,control,IFI44L,-0.23939796,,0.8107970096606278,0.9997127610330623
3150,control,MIR646HG,-0.23996247,,0.8103593444237708,0.9997127610330623
3151,control,ADGRG5,-0.24715391,1.0139456,0.8047891156871325,0.9997127610330623
3152,control,CTSW,-0.24726112,0.80000436,0.80470614253772,0.9997127610330623
3153,control,LINC02506,-0.24924313,0.64936924,0.803172717494543,0.9997127610330623
3154,control,ITIH5,-0.25051296,0.4582882,0.8021906840320588,0.9997127610330623
3155,control,FCMR,-0.25318044,0.7764449,0.8001287835662034,0.9997127610330623
3156,control,LILRB2,-0.25435582,0.66509473,0.7992206729659548,0.9997127610330623
3157,control,CXCL16,-0.2550615,,0.7986755831936473,0.9997127610330623
3158,control,CLMP,-0.25527003,,0.7985145359627943,0.9997127610330623
3159,control,MCOLN2,-0.2570359,0.4361654,0.7971510622014959,0.9997127610330623
3160,control,GZMB,-0.25838432,0.8246782,0.7961103126084923,0.9997127610330623
3161,control,GZMA,-0.25912836,0.82292837,0.7955362001082873,0.9997127610330623
3162,control,AC025569.1,-0.2603833,,0.7945681146170329,0.9997127610330623
3163,control,ICAM2,-0.26525372,0.7004128,0.790814015511109,0.9997127610330623
3164,control,ITGBL1,-0.26656494,0.6515241,0.7898041494368645,0.9997127610330623
3165,control,CCL8,-0.2712566,0.94392866,0.7861936907712799,0.9997127610330623
3166,control,CTGF,-0.27711675,1.545666,0.7816904525606838,0.9997127610330623
3167,control,CCL3L1,-0.2794666,0.75475204,0.7798867742884592,0.9997127610330623
3168,control,CCL5,-0.28018126,0.73703074,0.7793384515056285,0.9997127610330623
3169,control,TENM1,-0.28448486,,0.7760388422059795,0.9997127610330623
3170,control,CD3E,-0.28730533,0.85821354,0.7738785398494117,0.9997127610330623
3171,control,IL18RAP,-0.2891204,0.8888323,0.7724892372060174,0.9997127610330623
3172,control,CST7,-0.30205485,0.8828635,0.7626102372115378,0.9997127610330623
3173,control,MLKL,-0.30340368,,0.7615822436664664,0.9997127610330623
3174,control,IL1A,-0.3039573,0.8999036,0.7611604081433762,0.9997127610330623
3175,control,SLAMF7,-0.30475554,0.9336429,0.7605523457200978,0.9997127610330623
3176,control,MEP1A,-0.30772978,0.88626015,0.7582879497419003,0.9997127610330623
3177,control,BMP5,-0.31416097,0.9170109,0.753398790072604,0.9997127610330623
3178,control,GCH1,-0.31934083,,0.7494680870627868,0.9997127610330623
3179,control,ZC3HAV1,-0.32086343,,0.7483138934491946,0.9997127610330623
3180,control,ZNF804B,-0.3268184,,0.7438052338510435,0.9997127610330623
3181,control,TRGC2,-0.32785663,0.89566153,0.7430200656718716,0.9997127610330623
3182,control,GBP5,-0.32979876,1.0454143,0.7415520200222783,0.9997127610330623
3183,control,CA1,-0.3315047,0.9469716,0.7402632801908302,0.9997127610330623
3184,control,MYRFL,-0.33369926,,0.7386065156377655,0.9997127610330623
3185,control,SLC16A12,-0.3346024,0.9165514,0.737925034648026,0.9997127610330623
3186,control,HBB,-0.33526823,1.0431763,0.737422764985911,0.9997127610330623
3187,control,ATP2A3,-0.3353224,1.331879,0.7373818975422112,0.9997127610330623
3188,control,VWF,-0.3413701,-0.5243366,0.7328249763395713,0.9997127610330623
3189,control,TBC1D10C,-0.34239992,1.1515039,0.7320499383445572,0.9997127610330623
3190,control,GIMAP7,-0.34262562,1.0148735,0.7318801211821675,0.9997127610330623
3191,control,ST8SIA6,-0.3558974,6.8922343,0.7219174155745173,0.9997127610330623
3192,control,AC090531.1,-0.35836816,2.4807007,0.7200678110295059,0.9997127610330623
3193,control,U62317.5,-0.35971773,1.0588121,0.7190582242818002,0.9997127610330623
3194,control,ITPR3,-0.36015502,1.254624,0.7187312197735547,0.9997127610330623
3195,control,PENK,-0.36234134,0.84101003,0.7170969707269312,0.9997127610330623
3196,control,FCGR2B,-0.364028,1.0451732,0.7158370871501905,0.9997127610330623
3197,control,AC079380.1,-0.36645797,1.0356196,0.7140233658710016,0.9997127610330623
3198,control,CD96,-0.36655185,,0.7139533384582746,0.9997127610330623
3199,control,PARP15,-0.37063587,1.3175681,0.7109087746502845,0.9997127610330623
3200,control,PLVAP,-0.37248316,1.8253423,0.7095331410901339,0.9997127610330623
3201,control,FCAR,-0.37540075,1.0658573,0.707362441322325,0.9997127610330623
3202,control,APLNR,-0.38369814,1.2449428,0.7012021957046659,0.9997127610330623
3203,control,GPR174,-0.3872209,1.15652,0.6985926971554131,0.9997127610330623
3204,control,LILRA2,-0.38836843,1.7101225,0.6977434160598022,0.9997127610330623
3205,control,HIST1H3H,-0.38862348,1.1683385,0.6975546912338986,0.9997127610330623
3206,control,LINC01091,-0.3922901,0.83004755,0.694843897092798,0.9997127610330623
3207,control,AC078845.1,-0.39265504,3.0564737,0.6945742857111867,0.9997127610330623
3208,control,PLAUR,-0.39484176,,0.6929596826677116,0.9997127610330623
3209,control,SUSD3,-0.41080597,2.3400736,0.6812148120100227,0.9997127610330623
3210,control,ABI3BP,-0.4146122,,0.6784258057550063,0.9997127610330623
3211,control,ZAP70,-0.4155829,1.6579213,0.6777152424343245,0.9997127610330623
3212,control,RHCG,-0.41738272,,0.6763984983421296,0.9997127610330623
3213,control,SLAMF6,-0.42103976,1.1574974,0.6737260477288948,0.9997127610330623
3214,control,AC006305.1,-0.4232902,1.7323117,0.6720835474089006,0.9997127610330623
3215,control,CCL3,-0.4260296,1.3680732,0.6700862806272656,0.9997127610330623
3216,control,IGLC3,-0.42619044,1.8013562,0.6699690957224727,0.9997127610330623
3217,control,LINC02432,-0.43005523,1.4286609,0.6671554651318965,0.9997127610330623
3218,control,SP140,-0.431918,,0.6658010113145668,0.9997127610330623
3219,control,EGFL7,-0.43377867,,0.664449170872295,0.9997127610330623
3220,control,CMKLR1,-0.43510193,,0.6634884515889736,0.9997127610330623
3221,control,TNFSF8,-0.43527058,1.6979536,0.663366046675506,0.9997127610330623
3222,control,IL7R,-0.45844626,1.4360483,0.6466318678983363,0.9997127610330623
3223,control,IFI27,-0.46309745,1.8737609,0.6432945146695772,0.9997127610330623
3224,control,ESAM,-0.46657917,1.3734006,0.640800987263356,0.9997127610330623
3225,control,LINC00861,-0.46732855,1.3428214,0.6402648266990301,0.9997127610330623
3226,control,AC024084.1,-0.47021964,1.8342646,0.6381981111435822,0.9997127610330623
3227,control,ODF3B,-0.47349188,1.5734352,0.6358622946758437,0.9997127610330623
3228,control,ARRDC5,-0.48130926,1.4227595,0.6302967219411926,0.9997127610330623
3229,control,HLA-DOA,-0.48270097,1.4416914,0.6293080615230029,0.9997127610330623
3230,control,NALCN-AS1,-0.48796764,,0.6255727600132579,0.9961349681739775
3231,control,NKG7,-0.4899525,1.4317187,0.6241675029814049,0.995037378331944
3232,control,CD7,-0.4911987,1.3634245,0.6232859305387554,0.995037378331944
3233,control,FPR3,-0.49852443,1.5060031,0.6181144618118559,0.9921580446418233
3234,control,COL8A1,-0.49984613,2.6082716,0.6171834197951593,0.9921580446418233
3235,control,FAM149A,-0.5010515,,0.6163348906673585,0.9921580446418233
3236,control,AC018742.1,-0.5031966,1.2662172,0.6148260505605732,0.9908558429662742
3237,control,HPGDS,-0.5078125,,0.6115848335094858,0.9872232986432377
3238,control,S100A4,-0.50898904,1.4750981,0.6107598997942341,0.9866880449018322
3239,control,ADAMTSL2,-0.5099487,,0.6100874234344056,0.9863984210742207
3240,control,KCNQ1,-0.51216877,,0.6085328984837535,0.9850675836660591
3241,control,KCNE4,-0.51666886,5.280144,0.6053873284992655,0.9819745798852643
3242,control,AL390957.1,-0.51771224,,0.604659053315926,0.9815893722661135
3243,control,AC007100.1,-0.51811403,2.1348865,0.6043787142942276,0.9815893722661135
3244,control,TXK,-0.52669436,1.5718405,0.5984058746299417,0.9738216882910897
3245,control,ANXA1,-0.5329238,1.6370318,0.594086296596123,0.9683558216725721
3246,control,CLEC9A,-0.54046917,1.9767596,0.5888735160017438,0.9614261485742754
3247,control,RGS5,-0.54335356,-0.86882854,0.586886390736955,0.9589646907466586
3248,control,KANK3,-0.5479632,2.0604284,0.5837171882213397,0.9545661295524769
3249,control,CLEC17A,-0.5508306,1.7611667,0.5817498126048459,0.9521273528720883
3250,control,CFAP47,-0.5523788,,0.580688876904724,0.9511693315392694
3251,control,ADGRV1,-0.55357856,,0.5798672917487526,0.950602117620906
3252,control,CD36,-0.5537959,,0.5797185528853381,0.950602117620906
3253,control,LMO2,-0.55710936,,0.5774527338397621,0.9497019235374783
3254,control,RXFP1,-0.5630046,,0.5734317499057012,0.9465747381537483
3255,control,LINC01591,-0.563563,2.0021565,0.5730515641604668,0.9465747381537483
3256,control,PECAM1,-0.57788503,,0.5633417552419642,0.9334577551648121
3257,control,MORC1,-0.58562475,2.1583085,0.5581277193867611,0.9271224574530915
3258,control,NXPH1,-0.58614784,,0.557776158660907,0.9271224574530915
3259,control,CD4,-0.5893377,,0.5556347678492186,0.9245170846076849
3260,control,LINC02381,-0.5972581,2.28705,0.5503350849226385,0.9172251415377308
3261,control,MT1H,-0.5981328,2.005214,0.5497513211370544,0.9170163822136019
3262,control,PRF1,-0.6042061,1.7367076,0.5457066406685545,0.9110294501979207
3263,control,SINHCAF,-0.6066427,,0.5440880484797024,0.9090861294564785
3264,control,CD2,-0.607361,1.7122543,0.5436113670124685,0.9090491087165025
3265,control,TMEM71,-0.60994494,3.1690512,0.5418983001628881,0.9069427617788921
3266,control,STK32A,-0.6146318,,0.5387979161534171,0.9025090722837807
3267,control,ID3,-0.6156076,,0.5381535175333938,0.902185276669562
3268,control,LINC01931,-0.61709476,,0.5371722311823619,0.9012956899032918
3269,control,CYYR1,-0.6224627,2.9275916,0.5336376569706637,0.8987667793459684
3270,control,NXN,-0.6293439,,0.5291239170042548,0.8922831652685578
3271,control,AL645608.8,-0.63113856,2.1042287,0.527949909666626,0.8918072798422737
3272,control,DUSP5,-0.6360353,,0.5247533974347189,0.887157053989381
3273,control,CLEC19A,-0.6454886,3.5660806,0.5186105814103931,0.8797465333509636
3274,control,GNA13,-0.6478404,,0.5170882007435006,0.8779086600059434
3275,control,TAGAP,-0.6501795,3.6009138,0.5155762701237578,0.8768303913669352
3276,control,HIST1H2BH,-0.6626521,1.9002123,0.5075533941988652,0.8646565488907415
3277,control,C5AR2,-0.66343164,,0.5070541574206731,0.8645424678954357
3278,control,CFH,-0.6669481,2.118917,0.5048053046334195,0.8614424993744362
3279,control,AC012409.2,-0.6726041,1.7811751,0.5011991890259972,0.8567507504717902
3280,control,DTHD1,-0.684011,,0.49396822302412347,0.8465607935289177
3281,control,STX11,-0.6843653,2.7960668,0.49374453958356423,0.8465607935289177
3282,control,RGS18,-0.68647224,,0.49241536419204956,0.8460101234769202
3283,control,PTGER4,-0.68997246,2.9915721,0.49021150107356026,0.8437375233624101
3284,control,LINC02388,-0.69133633,2.4017558,0.48935419332701746,0.8429874131387036
3285,control,TFRC,-0.6950222,,0.48704138442359435,0.8397265248682662
3286,control,COL11A1,-0.697849,,0.4852716407627967,0.8373971367779063
3287,control,HLA-B,-0.7017758,,0.4828189947279432,0.8338842741415254
3288,control,PLCH1,-0.7034644,,0.48176639411791655,0.8327854695210312
3289,control,SLC15A3,-0.7172717,,0.47320649002777715,0.8215390451871132
3290,control,PYHIN1,-0.72071654,2.4044325,0.4710839194331101,0.820703692392178
3291,control,DCN,-0.727195,4.0387444,0.4671064785717288,0.8165344912450121
3292,control,CARTPT,-0.72972786,2.1611211,0.465556562604738,0.8153354861729213
3293,control,TNFRSF10A,-0.73103106,,0.4647601875579005,0.8146541412057853
3294,control,TNFRSF10B,-0.73363173,,0.4631732022541979,0.8132979846430165
3295,control,KCNMB1,-0.738716,,0.46007945319726107,0.8087575539498455
3296,control,TNFSF10,-0.7390058,,0.4599034643274398,0.8087575539498455
3297,control,AC090833.1,-0.7439096,,0.4569311604088139,0.805165040367954
3298,control,GIMAP8,-0.7447933,,0.45639668514913845,0.8049324253071225
3299,control,IGKC,-0.7526361,2.7751973,0.451668648178445,0.798706716495924
3300,control,ACER2,-0.7539984,,0.45085017909154523,0.7979649187460979
3301,control,TLR7,-0.7570579,,0.4490151543578934,0.7961261602090309
3302,control,MGP,-0.7657285,2.3961673,0.44383788029216675,0.7876448629852116
3303,control,AC092957.1,-0.76649314,3.0317838,0.44338294475193674,0.7875363139466017
3304,control,ZNF385D,-0.78070486,,0.43497610969578215,0.7739788428750571
3305,control,KIT,-0.7828433,,0.43371914154935787,0.7731178993749693
3306,control,CHRNA7,-0.7842572,,0.4328892324838297,0.7723269089809629
3307,control,DHRS9,-0.7893491,,0.4299080203654019,0.769862921528059
3308,control,IL4I1,-0.7976522,,0.42507237369293915,0.7643060545503263
3309,control,LTBP1,-0.8003855,,0.42348750555136905,0.762353745367001
3310,control,PTGDR,-0.8173484,2.6548555,0.4137293481628307,0.7481543366416468
3311,control,LINC01146,-0.8212634,,0.4114962533238009,0.7447895987761103
3312,control,SLFN12L,-0.82210016,4.0317974,0.4110198982957236,0.7446012650284848
3313,control,KLF2,-0.8240196,,0.40992843013880254,0.7432972441320083
3314,control,CD48,-0.82805055,2.8969243,0.40764186603079,0.7398218984224864
3315,control,WAS,-0.83223474,,0.4052764613835256,0.7361970234033163
3316,control,CALCRL,-0.84139043,,0.400129246436532,0.7294972587721642
3317,control,CH25H,-0.8510212,,0.39475759822686185,0.721018444249976
3318,control,RGS10,-0.8512621,,0.3946237649181369,0.721018444249976
3319,control,ENG,-0.85220516,,0.39410024577297087,0.721018444249976
3320,control,SLC7A7,-0.85269374,,0.39382917253077254,0.721018444249976
3321,control,STOM,-0.85372335,,0.3932582879317461,0.7209134517538884
3322,control,HIST1H1D,-0.8635359,,0.38784288689409674,0.7122918032949436
3323,control,ARHGAP24,-0.8657253,,0.38664082804342104,0.7113906679731758
3324,control,CCL4L2,-0.86847365,2.2358625,0.38513508733380564,0.7092727206884081
3325,control,AC138305.1,-0.86921483,,0.3847296346915575,0.7091790501226867
3326,control,ALOX5AP,-0.87195635,,0.38323219919338924,0.7077233595445785
3327,control,CLEC1A,-0.8771934,4.421336,0.38038159005570193,0.7037587235073116
3328,control,CLIC1,-0.8853857,,0.3759486554415866,0.6968464419677232
3329,control,ABCB1,-0.8921885,3.9854562,0.3722919124221905,0.6907085573695556
3330,control,DUSP2,-0.8958503,,0.37033271823282254,0.6877116401723724
3331,control,TGFBI,-0.8991567,2.026882,0.3685691989062362,0.6856815206393287
3332,control,PODXL,-0.8996037,0.5918272,0.3683311881071165,0.6856815206393287
3333,control,MAML3,-0.90081763,,0.36768529333740696,0.6853407145152041
3334,control,AC128685.1,-0.91249025,,0.3615106878169263,0.6744602384644147
3335,control,AC012150.1,-0.9179061,,0.35866801871053566,0.6697815475453515
3336,control,FRRS1,-0.91944724,,0.3578616935010811,0.6689003616842637
3337,control,PRDM1,-0.9239281,,0.35552376829730814,0.6657748469987044
3338,control,SIGLEC8,-0.9268134,,0.354023418447157,0.663586538795046
3339,control,AP001636.3,-0.93338996,,0.35061866146995624,0.659057634342023
3340,control,LINC02391,-0.93602633,,0.34925962531512533,0.657120649699201
3341,control,RAC2,-0.939426,,0.34751205375013594,0.6545678044992791
3342,control,GIMAP4,-0.9529298,,0.34062565268712464,0.6432967944988189
3343,control,CXorf21,-0.9630207,,0.3355371512397124,0.6354870288630916
3344,control,CCL4,-0.964627,4.6208525,0.3347316555301013,0.6346560723749427
3345,control,LAMA3,-0.9658713,,0.3341085883398478,0.634584213371031
3346,control,C3AR1,-0.96978134,,0.33215550754988954,0.6314743489541625
3347,control,PLA2G7,-0.9774533,,0.32834477779097104,0.6266121713568149
3348,control,LINC01480,-0.9795557,,0.32730547796892007,0.6252253638374787
3349,control,BATF,-0.980521,,0.32682898396855664,0.624912015236246
3350,control,EYS,-1.011632,,0.31171403290791777,0.5968788268290446
3351,control,CLECL1,-1.015837,,0.30970702192463295,0.593877319126813
3352,control,LINC02513,-1.0158448,4.8805137,0.3097032965154648,0.593877319126813
3353,control,HSPB3,-1.027755,,0.3040651033680003,0.5841788729452456
3354,control,GPSM3,-1.0300804,,0.30297227506191515,0.582638990503683
3355,control,HIST1H2BF,-1.0307431,5.252409,0.3026612856922195,0.5826011274152445
3356,control,PRDM6,-1.0309105,,0.3025828110121156,0.5826011274152445
3357,control,ATF5,-1.0353554,,0.3005029529761821,0.5795621079579212
3358,control,PIK3CG,-1.0512702,,0.29313448973556,0.5664434584262029
3359,control,IRF5,-1.0600188,,0.28913604079187727,0.5592573322860295
3360,control,AC073332.1,-1.0631926,,0.28769460930112145,0.5575476924440338
3361,control,ZNF710,-1.0694535,,0.2848654050534959,0.5531367088417396
3362,control,DAPP1,-1.0763141,,0.2817868309242698,0.5476906334776868
3363,control,NFATC1,-1.0769993,,0.28148056902654384,0.5476275661995016
3364,control,AC008691.1,-1.0824611,,0.2790476721151409,0.5438352118596363
3365,control,ITGA8,-1.0871185,,0.27698446524356546,0.5409852836788388
3366,control,MECOM,-1.0920738,,0.27480068511200795,0.5377704209628336
3367,control,EGR1,-1.0921625,,0.2747616973654208,0.5377704209628336
3368,control,NEFM,-1.0992447,,0.27166131664091453,0.5327537503460095
3369,control,CPA6,-1.105513,,0.2689373582796172,0.5283641616495426
3370,control,MYO16,-1.1073188,,0.268156144350141,0.5273473831861181
3371,control,BHLHE41,-1.108717,,0.267552301742212,0.526677759335063
3372,control,NPNT,-1.1101164,,0.2669489013090327,0.5260076873084388
3373,control,SVIL,-1.1196227,,0.26287458873929304,0.5195149975084843
3374,control,LINC01736,-1.1265482,,0.2599335690076967,0.5147199386291024
3375,control,ETV6,-1.1375182,,0.25532173690655324,0.5070938170934524
3376,control,BANK1,-1.1466044,,0.2515451530208168,0.5007498645949188
3377,control,SNTG2,-1.1544477,,0.2483166558953449,0.4951478681861315
3378,control,CD84,-1.1577404,,0.24696999496782546,0.4929540817721067
3379,control,ACPP,-1.161514,,0.24543292975584752,0.4903754840276674
3380,control,MX2,-1.1837019,,0.2365311105482958,0.4744856781309845
3381,control,TC2N,-1.1861221,,0.23557409731856727,0.47351577350465784
3382,control,ARHGDIB,-1.1975306,,0.23109977959379602,0.46545776353231827
3383,control,XACT,-1.2061644,,0.22775411024284253,0.45918167387669867
3384,control,SLC7A1,-1.2165859,,0.22376180754668007,0.4520440556498587
3385,control,RHOH,-1.2235656,,0.2211161546109055,0.44896681139270156
3386,control,AC084871.2,-1.2405744,,0.21476304581271177,0.43739927864096084
3387,control,HIST1H2BJ,-1.2429999,,0.21386787679685826,0.43626427212635455
3388,control,LINC01470,-1.2506646,,0.21105685849501754,0.43116825024518396
3389,control,CX3CR1,-1.2533194,,0.2100895167287884,0.4296309135558045
3390,control,ATF3,-1.2539649,,0.20985475398077624,0.42959007979688074
3391,control,CCR1,-1.2571638,,0.2086943560267419,0.42765236890725805
3392,control,BCL2A1,-1.2715634,,0.20352829871546818,0.41799932493785746
3393,control,ARHGAP30,-1.2741662,,0.20260453100511744,0.4173110834296961
3394,control,RUNX3,-1.2833642,,0.19936450387083315,0.4119101319645313
3395,control,AC103591.3,-1.2870089,,0.19809119763037764,0.4101267031684837
3396,control,IER3,-1.2895135,,0.19721965445746048,0.4091235681299569
3397,control,CEACAM21,-1.3024639,,0.19275784973235954,0.40074397033754583
3398,control,AL162414.1,-1.3180616,,0.18748301343113827,0.391405038478368
3399,control,FRMD3,-1.3215964,,0.18630258181765702,0.3893470884381547
3400,control,ACTA2,-1.3218188,,0.18622847927650166,0.3893470884381547
3401,control,IKZF3,-1.3379961,,0.18089768238986603,0.38043676632989704
3402,control,MILR1,-1.3410132,,0.17991617866922782,0.3787709024615323
3403,control,SIGLEC10,-1.3413022,,0.1798223575724177,0.3787709024615323
3404,control,DENND2D,-1.345684,,0.17840444367037833,0.3763806828488995
3405,control,RREB1,-1.348304,,0.17756062994120292,0.3753924523069829
3406,control,GPRIN3,-1.3498186,,0.1770741817100273,0.3747601729312747
3407,control,PRELP,-1.3560302,,0.17508956865734882,0.3713458508109201
3408,control,PTGS1,-1.3563147,,0.17499908479525572,0.3713458508109201
3409,control,MNDA,-1.357723,,0.17455160967526961,0.370991731509606
3410,control,FGF10,-1.3619941,,0.17319973928967858,0.3692958193809778
3411,control,AC004687.1,-1.367807,,0.1713725018848936,0.36618055958310597
3412,control,HLA-DQA1,-1.3728338,,0.1698040121158606,0.3632171382157446
3413,control,PDGFB,-1.3951955,,0.16295690631365545,0.34969293200355245
3414,control,C12orf75,-1.4002302,,0.16144441734645,0.3469244045324421
3415,control,LINC01446,-1.4031925,,0.16055942931146805,0.3456607735446029
3416,control,FAM177B,-1.4041052,,0.16028751466791946,0.34544722988775745
3417,control,S100A11,-1.4080365,,0.1591202812952257,0.3433015777674772
3418,control,EBI3,-1.4158494,,0.15681959570816031,0.339069396125752
3419,control,ZFP36,-1.4178625,,0.15623090471258091,0.3381621314125128
3420,control,SAMD3,-1.4282575,,0.15321774935131213,0.33199945688258314
3421,control,FSHR,-1.4430205,,0.1490147214599432,0.3235933147881503
3422,control,IKBKE,-1.4450675,,0.14843893402620922,0.32269333483958523
3423,control,CYR61,-1.4598968,,0.14431845144357858,0.314419284190803
3424,control,HMOX1,-1.4922587,,0.13563135015044592,0.2964619675419583
3425,control,AC008591.1,-1.4928049,,0.1354882748915661,0.2964619675419583
3426,control,NCF4,-1.4996601,,0.13370246209604983,0.29320715371940753
3427,control,SYTL3,-1.5141345,,0.1299917135762051,0.2860103709047417
3428,control,GCNT2,-1.5150932,,0.12974879552830923,0.2857902985205049
3429,control,PLAC8,-1.5346515,,0.12486944270323759,0.27625982898946366
3430,control,DLEU7-AS1,-1.5443393,,0.1225061501087084,0.27193374052987435
3431,control,HLA-DMB,-1.552748,,0.12048336738968266,0.267740816421517
3432,control,GPR183,-1.5571402,,0.11943719277586982,0.2657112186337482
3433,control,TMOD3,-1.5574065,,0.11937398754644647,0.2657112186337482
3434,control,NCF1,-1.5601876,,0.11871556458523103,0.264694681349456
3435,control,BST2,-1.5620644,,0.11827280730841387,0.2640018020277095
3436,control,S100A9,-1.566571,,0.11721499206564175,0.2622259330327556
3437,control,MERTK,-1.5797771,,0.11415790643465248,0.2562467035570202
3438,control,LINC01830,-1.5813172,,0.11380554302990614,0.2560304680087877
3439,control,BIN2,-1.5834136,,0.1133272224294543,0.25524149195823037
3440,control,AC009975.1,-1.5932813,,0.11109710129854883,0.25078352437595675
3441,control,S100A8,-1.594408,,0.11084467363696308,0.25049643759765666
3442,control,THSD7A,-1.5961603,,0.11045299866060149,0.24989366212805766
3443,control,TNFAIP3,-1.5964577,,0.11038662704066865,0.24989366212805766
3444,control,FSTL5,-1.6027294,,0.1089943984717402,0.24743336769975072
3445,control,ADM,-1.6099421,,0.1074105067197513,0.24411478799943478
3446,control,FGR,-1.61358,,0.10661855193865409,0.24259056186269418
3447,control,UNC93B1,-1.6511391,,0.09871016622878809,0.2251087029162784
3448,control,ITGAX,-1.6539491,,0.09813784861408108,0.22431508254647103
3449,control,PRKCD,-1.655445,,0.09783425755859564,0.22387701958488704
3450,control,CIITA,-1.6625553,,0.09640146905953298,0.22110428683379124
3451,control,PSTPIP2,-1.6742738,,0.09407679882539002,0.21626850304687362
3452,control,RGS2,-1.6751844,,0.09389805697801673,0.2161059999494056
3453,control,CYTIP,-1.6951728,,0.09004265697230103,0.2077508391823872
3454,control,LST1,-1.7003757,,0.08906028473781939,0.20615806652273008
3455,control,SLC2A1,-1.706037,,0.08800118154339767,0.20394248329871997
3456,control,SLCO4A1,-1.7098321,,0.08729693756715384,0.202545098763698
3457,control,LINC01268,-1.7124197,,0.08681933921940826,0.2016709389533293
3458,control,MS4A4A,-1.7156863,,0.086219475545027,0.20051040824424884
3459,control,ALOX15B,-1.717629,,0.08586430804804317,0.19991689883129957
3460,control,AC019197.1,-1.7348605,,0.08276550471195136,0.19315170294504402
3461,control,FGL2,-1.7693447,,0.07683636755472759,0.18036705998762345
3462,control,SYNE2,-1.772638,,0.07628872124771323,0.17929194182776317
3463,control,SASH3,-1.7806925,,0.0749627070967038,0.17659059386738235
3464,control,GPR65,-1.7881336,,0.07375445436081458,0.17394918481324195
3465,control,CASP1,-1.7929945,,0.07297380723726765,0.17231123314585042
3466,control,ATP6V0D2,-1.7950604,,0.07264407295378987,0.17173539705387678
3467,control,LILRB4,-1.802405,,0.07148170116063764,0.16918745836837312
3468,control,HLA-E,-1.8042451,,0.07119288927929662,0.1687035290978593
3469,control,DNAJB1,-1.8180814,,0.06905169374229397,0.1640182749223135
3470,control,HLA-C,-1.8201373,,0.06873810927213587,0.16377125514533897
3471,control,KCNN3,-1.8283205,,0.06750146195609637,0.16110134118400088
3472,control,SPI1,-1.8343688,,0.06659926799322752,0.15951920477419765
3473,control,PRAM1,-1.8371096,,0.06619372691786757,0.15873795423949058
3474,control,ITGA4,-1.8474091,,0.06468786549566156,0.155313002390544
3475,control,MSC-AS1,-1.8498166,,0.06433998963200875,0.15466343661540566
3476,control,S100Z,-1.8544286,,0.063677855376741,0.15325596961911192
3477,control,TMIGD3,-1.8676548,,0.06181019750863841,0.14894023496057449
3478,control,GADD45G,-1.8680423,,0.06175617366960749,0.14894023496057449
3479,control,CARD11,-1.8761935,,0.06062870750823872,0.1464461534015428
3480,control,SYTL4,-1.8805897,,0.060027756865605186,0.14516990777655428
3481,control,LSP1,-1.8814553,,0.05991001795022878,0.14506057615067502
3482,control,ENPEP,-1.8829423,,0.059708178450842773,0.14474709927477036
3483,control,LY96,-1.8848046,,0.05945622814675913,0.14431123336592022
3484,control,CD69,-1.8897133,,0.05879631165453975,0.142882895879805
3485,control,DHRS3,-1.9001907,,0.05740809406443659,0.13984919382323166
3486,control,TSHZ2,-1.9084879,,0.0563281833079908,0.13755356119167475
3487,control,AIF1,-1.9096049,,0.05618409976782306,0.13736943708514196
3488,control,THBD,-1.9103129,,0.05609293612562904,0.13731440912026693
3489,control,NAMPT,-1.9106764,,0.0560461861647663,0.13731440912026693
3490,control,EPSTI1,-1.9179409,,0.05511851241540023,0.13526015316662635
3491,control,ABI3,-1.9711896,,0.04870218672583662,0.12069934752375866
3492,control,SLC27A6,-1.982186,,0.04745842842785899,0.11790913895120245
3493,control,LINC01748,-1.992589,,0.04630647119899284,0.11533367670982027
3494,control,EMCN,-2.0029442,,0.04518326647407439,0.11267647499769175
3495,control,FCER1G,-2.0046856,,0.04499665366567357,0.11235119517022114
3496,control,PGM5,-2.0112298,,0.0443011835300344,0.11089157329170062
3497,control,BTNL9,-2.019103,,0.04347650159185975,0.1089636631374931
3498,control,BCL6,-2.0213733,,0.043241145382600266,0.10850977511317507
3499,control,KLHL6,-2.0335479,,0.04199719029524081,0.1056533089188448
3500,control,MAFB,-2.0525694,,0.040114352401367584,0.10117112837671521
3501,control,TRIM38,-2.0529795,,0.0400745714800306,0.10117112837671521
3502,control,OVCH1-AS1,-2.0571868,,0.03966825221267703,0.10029899421662965
3503,control,PKN2-AS1,-2.0575619,,0.039632219617162824,0.10029899421662965
3504,control,HLA-DPB1,-2.070024,,0.038450092237668855,0.09746537956316566
3505,control,CD37,-2.0865207,,0.03693147824167838,0.09373471634943752
3506,control,SIRPB2,-2.1090736,,0.03493823481534135,0.08890136085328587
3507,control,SELL,-2.1329799,,0.03292637453536181,0.08410312780424473
3508,control,TMEM51,-2.1376324,,0.032546586443111584,0.08323935151690942
3509,control,ADARB2,-2.1480803,,0.03170737814605186,0.08130096960526118
3510,control,CPED1,-2.1548195,,0.031175956552628493,0.08004096675899484
3511,control,VSIR,-2.1593413,,0.030823703894586697,0.07934029316495932
3512,control,TLR10,-2.1949043,,0.02817046916230019,0.07269798493496823
3513,control,TMEM156,-2.222839,,0.026226652357143953,0.0678567978192599
3514,control,STXBP2,-2.2262194,,0.025999481966554532,0.06735617089780967
3515,control,HLA-DPA1,-2.22633,,0.02599208755988464,0.06735617089780967
3516,control,MAF,-2.2274463,,0.025917466425904822,0.0673180946127398
3517,control,CLEC2D,-2.2295,,0.025780658090133884,0.06704982598214274
3518,control,LYVE1,-2.2496505,,0.024471142817147986,0.06381002038369749
3519,control,SPHKAP,-2.253086,,0.024253714282765414,0.06332562475917862
3520,control,OTULINL,-2.2596493,,0.023843031280259216,0.06233472230133128
3521,control,FCGR1B,-2.2599034,,0.023827239908161435,0.06233472230133128
3522,control,RUBCNL,-2.2628386,,0.023645637239467842,0.06198070049663917
3523,control,CD93,-2.2683485,,0.02330797090066866,0.06117577664217495
3524,control,HIST1H2BG,-2.3168876,,0.020509855854999988,0.054044415955204185
3525,control,SAMD5,-2.3181486,,0.020441244016527166,0.05393468078239358
3526,control,CFAP299,-2.3196242,,0.02036121927840645,0.05379450271705799
3527,control,LGALS9,-2.324515,,0.02009790097966735,0.05316905021076018
3528,control,RASAL3,-2.3293557,,0.019840225268433678,0.05262659222396201
3529,control,TRPM1,-2.3338375,,0.019604228438910683,0.05220833139523484
3530,control,LINC00578,-2.3367765,,0.019450806717405872,0.05186881791308232
3531,control,TYROBP,-2.3515735,,0.018694192382024407,0.049984471609690925
3532,control,NWD1,-2.351881,,0.0186787537819591,0.049984471609690925
3533,control,KYNU,-2.356528,,0.018446671424992688,0.04952126557045017
3534,control,MS4A4E,-2.3697488,,0.017800168131299785,0.047978889841778394
3535,control,PALMD,-2.387492,,0.016963772728539266,0.045786161210632295
3536,control,LPCAT2,-2.4110465,,0.015906817727365217,0.04334282759500059
3537,control,GRIK1,-2.4113357,,0.0158942161685488,0.04334282759500059
3538,control,TMEM176B,-2.4202323,,0.015510599137409327,0.04237868616778505
3539,control,HLA-DQB1,-2.4214754,,0.015457650581593789,0.042291793656891355
3540,control,AC090403.1,-2.4323862,,0.014999704879855642,0.0410950818626182
3541,control,ITGAL,-2.4429858,,0.014566314649298868,0.039962454456238326
3542,control,AC007091.1,-2.475645,,0.013299573587675768,0.036688478862553844
3543,control,FGD3,-2.486825,,0.012888882456143983,0.03565389337799166
3544,control,PTGS2,-2.4970841,,0.01252192070828949,0.034686760964790835
3545,control,PPP1R15A,-2.5061202,,0.012206407789420053,0.033859660997004305
3546,control,PLEK,-2.514884,,0.01190715703116739,0.0331214381951805
3547,control,AL031777.3,-2.518742,,0.011777489171072256,0.03285213157900211
3548,control,NR4A2,-2.5457628,,0.010903927288677475,0.03058605130063808
3549,control,MT1G,-2.5510554,,0.010739727177605603,0.030167772970802257
3550,control,DEF6,-2.5555289,,0.01060265489986917,0.029824627003851394
3551,control,CLEC2B,-2.5731657,,0.010077294431912989,0.028426782600600817
3552,control,LINC01088,-2.5775366,,0.009950738087216639,0.02810942962490576
3553,control,MIR503HG,-2.5810282,,0.009850650537312794,0.027866055268211582
3554,control,THSD4,-2.5895896,,0.00960904331159634,0.02725969733786196
3555,control,FCGBP,-2.5935302,,0.009499617757557373,0.026987550447606173
3556,control,PIM1,-2.5971088,,0.009401211167365463,0.026745977716544706
3557,control,EML4,-2.602757,,0.009247749379394678,0.026384449013964847
3558,control,TPRG1,-2.6094446,,0.00906893535291784,0.025911243865479543
3559,control,ROR1,-2.6142795,,0.008941587413894324,0.025583941098410085
3560,control,RASSF3,-2.6144376,,0.008937448820623101,0.025583941098410085
3561,control,IL1B,-2.616579,,0.008881578746714731,0.025485161396598944
3562,control,ARID5A,-2.6299934,,0.008538653745049925,0.02457166545338108
3563,control,UGCG,-2.6369894,,0.008364543938863963,0.02410531394485292
3564,control,NR4A3,-2.6648252,,0.007702837561134217,0.022230411431844784
3565,control,NFKBID,-2.6713643,,0.007554362353071805,0.021833417205409843
3566,control,CYP1B1,-2.6766348,,0.007436566373879408,0.02152407054668425
3567,control,ANO2,-2.6838799,,0.0072773234541052756,0.02109369117131964
3568,control,AC112206.2,-2.6898122,,0.007149223419254263,0.020752462755455045
3569,control,FLVCR2,-2.6936343,,0.007067766536391394,0.020545832954626145
3570,control,TTN,-2.7005675,,0.006922126778843227,0.02015175190347373
3571,control,CXCR4,-2.7057602,,0.006814822955434723,0.019868288499809688
3572,control,ANOS1,-2.7157373,,0.006612834207520774,0.01930754513144751
3573,control,IL21R,-2.715882,,0.00660994655720303,0.01930754513144751
3574,control,CTSZ,-2.7274501,,0.006382590429892318,0.01871727398795401
3575,control,AC007402.1,-2.7282696,,0.006366756289869467,0.018698256357913265
3576,control,AC060765.1,-2.740066,,0.006142684981467074,0.018066720533726686
3577,control,PELI1,-2.7633002,,0.005722010434568801,0.01687908682763658
3578,control,UTRN,-2.764096,,0.005708074529427622,0.016862849422238174
3579,control,CASP4,-2.7736728,,0.005542737451403216,0.016398631513027263
3580,control,STK10,-2.7770362,,0.005485707404392043,0.01625394786486531
3581,control,SERPINA1,-2.78612,,0.0053343130538590295,0.01585234191339979
3582,control,RASGEF1C,-2.7864175,,0.0053294173143203965,0.01585234191339979
3583,control,EGR4,-2.8003514,,0.005104701745650604,0.01523791565865852
3584,control,SIGLEC9,-2.8366678,,0.0045587031546584595,0.013669274826562097
3585,control,PLTP,-2.84126,,0.004493566823461091,0.013494194665048321
3586,control,CMTM7,-2.8503711,,0.004366823458772882,0.013172921444262088
3587,control,HIF1A,-2.8558426,,0.004292279357076651,0.012967611350684746
3588,control,TM6SF1,-2.8753722,,0.004035516570148845,0.012228838091360135
3589,control,TRAF3IP3,-2.8802903,,0.0039730933165231215,0.012057946332391871
3590,control,ITGB2-AS1,-2.8863537,,0.0038973389305068554,0.011846014986343025
3591,control,TAL1,-2.9123747,,0.003586921085658763,0.010967278607388503
3592,control,ZFP36L1,-2.9148593,,0.003558488385133158,0.010913991828724146
3593,control,CKS2,-2.9176168,,0.0035271740064127654,0.010836172062712028
3594,control,IL1RAPL2,-2.9192758,,0.003508457406783257,0.010795253559333097
3595,control,MYO1G,-2.9239483,,0.0034562214407942203,0.010650913530952913
3596,control,AL033504.1,-2.930981,,0.003378934456845141,0.010444928769227637
3597,control,AC137770.1,-2.931943,,0.003368486621804396,0.0104287511510972
3598,control,ARHGAP9,-2.9438872,,0.0032411808025825132,0.010081433289525701
3599,control,TFEC,-2.9475937,,0.003202576931307004,0.009976875175411227
3600,control,GPNMB,-2.956224,,0.0031143084877303055,0.009732214024157205
3601,control,IER2,-2.9738271,,0.0029411066555553663,0.009219770080110866
3602,control,OLR1,-3.0067601,,0.0026404806107198954,0.00832959183192396
3603,control,LYN,-3.0144446,,0.0025745015255836706,0.008134286020801487
3604,control,GAB3,-3.0225773,,0.0025063212211200794,0.00793139626936734
3605,control,B4GALT1,-3.046538,,0.0023149309104697592,0.007348987017364315
3606,control,RAB20,-3.046842,,0.002312591766619313,0.007348987017364315
3607,control,CLEC7A,-3.0651042,,0.002175941451014544,0.0069408020766014164
3608,control,IGFBP5,-3.0692878,,0.0021456974882686167,0.006855263540794303
3609,control,AC243829.2,-3.1045194,,0.0019058839884545395,0.006128244335866687
3610,control,LINC01094,-3.10503,,0.001902596217454567,0.006127524049773163
3611,control,CPVL,-3.1164923,,0.0018301641173683833,0.005913292786327571
3612,control,TYMP,-3.117566,,0.0018235106028971224,0.0059013288119647974
3613,control,CSF2RA,-3.120025,,0.0018083578454348426,0.005861775836093493
3614,control,OTOGL,-3.1443558,,0.0016645297790374271,0.005404317464407231
3615,control,KDM6B,-3.151787,,0.0016227463279078229,0.0052772238305945456
3616,control,GNB4,-3.1804574,,0.0014704282517674946,0.0047974820612316305
3617,control,GSDMD,-3.2047317,,0.0013518845594899243,0.0044324083917702435
3618,control,B3GNT5,-3.204835,,0.0013513990134556197,0.0044324083917702435
3619,control,TNFAIP8,-3.20901,,0.0013319291611352095,0.004381345924786874
3620,control,AC109779.1,-3.227411,,0.0012491592469788132,0.004115845953801691
3621,control,AKAP12,-3.2318528,,0.0012299045739118852,0.004059091003009522
3622,control,CD86,-3.2499278,,0.0011543436648741416,0.0038286688718877004
3623,control,AL627171.2,-3.2573512,,0.001124572488855382,0.0037361212254331633
3624,control,SGCZ,-3.2979398,,0.0009739702316983229,0.0032465674389944095
3625,control,APOC1,-3.3220344,,0.0008936366201347946,0.002983761669899147
3626,control,IL15,-3.3246076,,0.0008854303541781422,0.0029613055323683686
3627,control,A2M,-3.3263776,,0.0008798261182338152,0.0029474911833628653
3628,control,AKNA,-3.3551342,,0.0007932646824244344,0.0026799482514339
3629,control,TMEM266,-3.3715522,,0.0007474587736939707,0.0025294713153772275
3630,control,DNAH11,-3.382592,,0.0007180521954348514,0.002438207794345845
3631,control,IL18,-3.384032,,0.000714296739477542,0.0024295807465222518
3632,control,LRMDA,-3.3962433,,0.0006831762209704579,0.0023276872946182553
3633,control,NCKAP1L,-3.4036553,,0.0006649058196084478,0.002269303138595385
3634,control,PRKCH,-3.410049,,0.0006495121424475632,0.0022281720152575067
3635,control,NABP1,-3.4444027,,0.000572322759724496,0.001973526757670676
3636,control,NR2F2-AS1,-3.4494781,,0.0005616712612950077,0.0019401425260622029
3637,control,SYNDIG1,-3.4497547,,0.0005610960609635925,0.0019401425260622029
3638,control,GK,-3.4564378,,0.0005473652427291195,0.0018972798708115062
3639,control,LINC01505,-3.4764528,,0.0005080936755275656,0.0017672823496610978
3640,control,CHGB,-3.4991217,,0.00046679368970950805,0.0016350041671086097
3641,control,ID2,-3.5006819,,0.0004640693090897934,0.0016283133652273455
3642,control,VWC2L,-3.5074096,,0.00045249206185888437,0.0015904817640031085
3643,control,MT1F,-3.5121799,,0.00044444712208905197,0.001564954655243141
3644,control,AC093152.1,-3.541465,,0.0003979115617098496,0.0014035681189059953
3645,control,IL17RA,-3.5539083,,0.000379551589598055,0.001341171694692774
3646,control,JUN,-3.5586958,,0.00037270107126521364,0.001319295827487482
3647,control,RCSD1,-3.5675025,,0.0003604000342231818,0.0012780143057559638
3648,control,AGBL1,-3.5712304,,0.0003553080912457049,0.0012621957060238184
3649,control,PIK3CD,-3.5755801,,0.00034945199492818815,0.0012436014054383918
3650,control,LINC01725,-3.5843415,,0.00033792960727585384,0.0012047401328907443
3651,control,POU6F2,-3.5935233,,0.0003262365709094389,0.0011672149227529118
3652,control,LINC01090,-3.60215,,0.0003155963138691839,0.001137284013943005
3653,control,TRPC6,-3.6469738,,0.0002653468985103843,0.0009596632857518418
3654,control,ADCY7,-3.6580865,,0.0002541052198787261,0.0009206710865171234
3655,control,PARVG,-3.6633382,,0.0002489495330850024,0.0009036280692740559
3656,control,AL118516.1,-3.6754868,,0.00023739631775039003,0.0008648317586535156
3657,control,ABCA1,-3.7009814,,0.0002147672136856131,0.0007852548946457517
3658,control,COBLL1,-3.769532,,0.00016355402533665866,0.0006035203886961574
3659,control,FCGR1A,-3.784624,,0.00015394111301247237,0.0005690983845193063
3660,control,SLC16A3,-3.7987275,,0.000145440946225737,0.0005406726625492082
3661,control,PDE3B,-3.831533,,0.00012734735476737058,0.0004760648776350302
3662,control,LAT2,-3.8458202,,0.00012014987149874154,0.00045084379549246355
3663,control,CD163L1,-3.8586774,,0.00011400232820132515,0.0004285801812079893
3664,control,CTSC,-3.8929834,,9.901889765223441e-05,0.00037436256201222836
3665,control,ARHGAP45,-3.9117591,,9.16263104690413e-05,0.00034706935783727764
3666,control,ADGRF5,-3.9155722,,9.019007153973113e-05,0.0003422773113462282
3667,control,AC078883.1,-3.9224098,,8.766776452696051e-05,0.00033333750770707415
3668,control,BNC2,-3.941611,,8.093614997051486e-05,0.0003089166029408964
3669,control,C22orf34,-3.9421985,,8.073812758111341e-05,0.00030875000987041454
3670,control,COL4A1,-3.9935958,,6.507878108872705e-05,0.00024982257615634184
3671,control,NTNG1,-3.9938123,,6.501934638239732e-05,0.00024982257615634184
3672,control,COL4A2,-4.0078077,,6.128494717402437e-05,0.00023616549970722302
3673,control,TCIRG1,-4.009783,,6.077467334571356e-05,0.0002346512484390485
3674,control,LAIR1,-4.019845,,5.82364702978755e-05,0.0002257227530925407
3675,control,CHSY1,-4.027697,,5.632582462780575e-05,0.00021874106651575048
3676,control,BRINP3,-4.029576,,5.587759992665158e-05,0.00021742256780798278
3677,control,SEMA3A,-4.032005,,5.530306054852698e-05,0.00021560647387339953
3678,control,MND1,-4.032243,,5.524704593873265e-05,0.00021560647387339953
3679,control,CYBA,-4.043736,,5.2606109039290954e-05,0.00020589475162149102
3680,control,PLCB2,-4.0438066,,5.259026512678096e-05,0.00020589475162149102
3681,control,USP36,-4.0560784,,4.990354029489581e-05,0.00019608463770096586
3682,control,AC100801.1,-4.075261,,4.596270019031815e-05,0.00018095551256030768
3683,control,ANKRD22,-4.092092,,4.2749881734359e-05,0.00016863858672330967
3684,control,KCTD12,-4.106721,,4.013154045512013e-05,0.00015862268954592936
3685,control,CD163,-4.1068974,,4.010090436328969e-05,0.00015862268954592936
3686,control,AL034397.3,-4.1084476,,3.983278849121998e-05,0.00015838086875236574
3687,control,FCGR2A,-4.1124296,,3.915166489465673e-05,0.00015598272866397105
3688,control,HLA-DRA,-4.1192064,,3.8017947881279495e-05,0.0001517682550150878
3689,control,PIK3R5,-4.1447034,,3.402539592787345e-05,0.00013637433237624627
3690,control,AC027288.3,-4.151436,,3.303960618148213e-05,0.00013268918145173546
3691,control,TNFRSF10D,-4.1628833,,3.142538085279099e-05,0.0001264602851218953
3692,control,KIF26B,-4.204863,,2.612400091675083e-05,0.00010576518589777664
3693,control,FAM20A,-4.222143,,2.4199055498557993e-05,9.817061054181741e-05
3694,control,MYOF,-4.223993,,2.4001158022849068e-05,9.756568301971166e-05
3695,control,TLR1,-4.227043,,2.3678251430850958e-05,9.644908933136847e-05
3696,control,CNR1,-4.2272954,,2.3651715383703564e-05,9.644908933136847e-05
3697,control,AC016687.2,-4.234563,,2.2899651809439907e-05,9.385103200590126e-05
3698,control,BLNK,-4.3042665,,1.6753996352795736e-05,6.923138988758569e-05
3699,control,GRM8,-4.335672,,1.4531541440628997e-05,6.04222097323451e-05
3700,control,NR4A1,-4.337881,,1.4386303042499993e-05,6.0068071158663856e-05
3701,control,IRAK3,-4.3723574,,1.2291216749129253e-05,5.164376785348426e-05
3702,control,TRIM22,-4.3799257,,1.187196860769224e-05,4.99872362429147e-05
3703,control,FLT1,-4.3803034,,1.1851416343041588e-05,4.99872362429147e-05
3704,control,SORCS3,-4.395115,,1.1071424057558944e-05,4.7012416380292756e-05
3705,control,TNS3,-4.402231,,1.0714327890409578e-05,4.559288464004076e-05
3706,control,WDFY4,-4.4126506,,1.0211269793194471e-05,4.354486052534956e-05
3707,control,AC008415.1,-4.4175725,,9.981556789536745e-06,4.265622559631087e-05
3708,control,ITGAM,-4.423738,,9.700758004336552e-06,4.1545002159899575e-05
3709,control,LINC02232,-4.5107145,,6.46096372426164e-06,2.7848981570093274e-05
3710,control,CD247,-4.5369205,,5.708155882170762e-06,2.4657260830111285e-05
3711,control,AC092422.1,-4.5471907,,5.436677450567731e-06,2.3535400218907925e-05
3712,control,PTCHD4,-4.562799,,5.0476142601240025e-06,2.1946148957060878e-05
3713,control,ABCC4,-4.574988,,4.762471734367185e-06,2.0796819800730067e-05
3714,control,IL10RA,-4.5877857,,4.47971685382953e-06,1.9647880937848815e-05
3715,control,CD300A,-4.591961,,4.39100594237971e-06,1.9301125021449275e-05
3716,control,TLR5,-4.5976415,,4.273002708945154e-06,1.8823800479934598e-05
3717,control,LPAR6,-4.6290684,,3.673143196061606e-06,1.6288883352823086e-05
3718,control,CEBPD,-4.6425796,,3.4408624094704644e-06,1.532678133394416e-05
3719,control,VAV1,-4.6520886,,3.2859002897204513e-06,1.4702014719107165e-05
3720,control,ZSCAN31,-4.6668696,,3.0582316006538485e-06,1.374486112653415e-05
3721,control,PFKFB3,-4.7031207,,2.562149462421419e-06,1.1541213794691076e-05
3722,control,EMB,-4.76637,,1.8757493449220084e-06,8.50679975021319e-06
3723,control,CCDC26,-4.7669015,,1.8708079864907822e-06,8.503672665867192e-06
3724,control,TMC8,-4.77517,,1.7955552839397614e-06,8.180206304964744e-06
3725,control,AC009063.2,-4.7844834,,1.7142746374605094e-06,7.827738070595934e-06
3726,control,CYTOR,-4.7886524,,1.6790506429875238e-06,7.684442302002398e-06
3727,control,LAPTM5,-4.789474,,1.672188688546432e-06,7.670590314433175e-06
3728,control,LRMP,-4.7902493,,1.6657432674059572e-06,7.658589735199804e-06
3729,control,CSF3R,-4.801567,,1.5742883840645436e-06,7.254785180020938e-06
3730,control,HIST2H2BF,-4.804804,,1.549032321559173e-06,7.154883702351838e-06
3731,control,CDKN1A,-4.8158903,,1.4654515532854682e-06,6.800239226382683e-06
3732,control,LINC01099,-4.818208,,1.4485325970215061e-06,6.737360916379098e-06
3733,control,VSIG4,-4.825816,,1.394312048128861e-06,6.500289268666019e-06
3734,control,LCP2,-4.8638263,,1.1513785827876376e-06,5.392873924063877e-06
3735,control,ARHGAP10,-4.902893,,9.443545514957568e-07,4.433589443642051e-06
3736,control,FOSB,-4.9103217,,9.092709722831768e-07,4.278922222509068e-06
3737,control,REL,-4.9124813,,8.993095019889797e-07,4.252054382926619e-06
3738,control,PDGFD,-4.926897,,8.354568576104579e-07,3.959511173509279e-06
3739,control,CPM,-4.9548807,,7.237474986723599e-07,3.4382303974933963e-06
3740,control,ATP1B3,-5.0026464,,5.654862892763154e-07,2.7056760252455285e-06
3741,control,CD14,-5.0388436,,4.683523880479108e-07,2.2516941733072636e-06
3742,control,LINC01684,-5.042176,,4.6026764423323974e-07,2.218157321605975e-06
3743,control,LILRB1,-5.0444636,,4.5479530686868246e-07,2.1970787771433935e-06
3744,control,ITGB2,-5.061664,,4.1561275831523925e-07,2.0175376617244625e-06
3745,control,FRAS1,-5.073079,,3.914294705478497e-07,1.9094120514529255e-06
3746,control,HLA-DRB1,-5.100547,,3.3867386042182175e-07,1.6561068969282237e-06
3747,control,AC091078.1,-5.1017566,,3.365157218693087e-07,1.649586871908376e-06
3748,control,IRF8,-5.111891,,3.189502072844888e-07,1.5750627520221668e-06
3749,control,DNAH7,-5.112168,,3.184830487841944e-07,1.5750627520221668e-06
3750,control,STAB1,-5.13218,,2.864051294352401e-07,1.4249011414688562e-06
3751,control,CHRM2,-5.1614566,,2.4503594624998943e-07,1.2251797312499471e-06
3752,control,C1QA,-5.1750464,,2.2785412561286383e-07,1.1421259429216232e-06
3753,control,KCNT2,-5.183723,,2.1750007065345087e-07,1.0929651791630697e-06
3754,control,SLC44A5,-5.196326,,2.032657614912189e-07,1.0240088740111784e-06
3755,control,FOSL2,-5.2069197,,1.920011190736206e-07,9.721575649297245e-07
3756,control,GPC6,-5.245249,,1.5607172297028375e-07,7.942581321642939e-07
3757,control,SCHLAP1,-5.2605004,,1.436639807902963e-07,7.329794938280422e-07
3758,control,RNF144B,-5.293445,,1.2003321507739844e-07,6.139806397820892e-07
3759,control,ITPR2,-5.296815,,1.1784000752122812e-07,6.043077308780929e-07
3760,control,AOAH,-5.3094997,,1.0992646372144017e-07,5.65174620675785e-07
3761,control,NRP2,-5.345353,,9.024089796900783e-08,4.687838855532874e-07
3762,control,KCNH5,-5.3581896,,8.405999060602496e-08,4.389555645223235e-07
3763,control,BTG2,-5.415066,,6.126619783310787e-08,3.2076543368119304e-07
3764,control,HSPH1,-5.426352,,5.751746252065285e-08,3.035222296604372e-07
3765,control,HIST2H2BE,-5.521391,,3.3632702117918724e-08,1.7842282290673064e-07
3766,control,IL1RAP,-5.597883,,2.169849731746329e-08,1.1541753892267708e-07
3767,control,BACH1,-5.618638,,1.9246885687547304e-08,1.0292452239330109e-07
3768,control,CEMIP,-5.652235,,1.5837485569723417e-08,8.537728069931761e-08
3769,control,TGFBR1,-5.6674643,,1.4492636132163447e-08,7.8741525836763e-08
3770,control,LINC01115,-5.6728983,,1.4040173359394653e-08,7.6513206318227e-08
3771,control,LINC00923,-5.7301126,,1.0036395165238418e-08,5.514502838043087e-08
3772,control,RAPGEF1,-5.7869945,,7.1656929557685855e-09,3.9699129948856434e-08
3773,control,SH3TC1,-5.8300953,,5.5395772954654715e-09,3.0861154849389813e-08
3774,control,AJ009632.2,-5.8680477,,4.4095698576857094e-09,2.4634468478691116e-08
3775,control,CSF1R,-5.8689904,,4.384570474915039e-09,2.4563420027535232e-08
3776,control,MYO1F,-5.8979177,,3.681172495689662e-09,2.068074435780709e-08
3777,control,CD53,-5.9100957,,3.4190916672721625e-09,1.9371624177179393e-08
3778,control,NEDD9,-5.9133196,,3.3528067461276486e-09,1.9050038330270733e-08
3779,control,COL24A1,-6.0132036,,1.8189225979650662e-09,1.048370373466897e-08
3780,control,FCGR3A,-6.034919,,1.5904249089584873e-09,9.19320756623403e-09
3781,control,JAK3,-6.0484242,,1.4626921673717556e-09,8.479374883314526e-09
3782,control,SAMSN1,-6.086638,,1.153063446764866e-09,6.7628354648965745e-09
3783,control,HCLS1,-6.1739078,,6.662239092914647e-10,3.930524538592712e-09
3784,control,TLR2,-6.2254786,,4.800883642442155e-10,2.84075955174092e-09
3785,control,ALPK1,-6.233658,,4.556683792371284e-10,2.7042633782618893e-09
3786,control,FGD2,-6.2595067,,3.861971131602859e-10,2.3056544069270796e-09
3787,control,TGFBR2,-6.2622247,,3.7952387314823775e-10,2.2725980428038186e-09
3788,control,LAMA2,-6.303119,,2.9171425688220373e-10,1.7573148004952031e-09
3789,control,DOCK2,-6.325339,,2.5267763405787324e-10,1.531379600350747e-09
3790,control,SLA,-6.4087925,,1.4667663768476898e-10,8.998566729126931e-10
3791,control,SORCS1,-6.410279,,1.4525386434527664e-10,8.938699344324715e-10
3792,control,CYTH4,-6.439759,,1.1966345403199557e-10,7.409501797646785e-10
3793,control,LY86,-6.452718,,1.0986185787738072e-10,6.823717880582653e-10
3794,control,RIT2,-6.4746947,,9.500378966195256e-11,5.919239231274303e-10
3795,control,TMSB4X,-6.4927564,,8.427989294705046e-11,5.267493309190654e-10
3796,control,HCK,-6.517884,,7.130629114895174e-11,4.47061386513804e-10
3797,control,KCNK13,-6.539201,,6.184847676944693e-11,3.902112099018734e-10
3798,control,MS4A6A,-6.5744944,,4.881885546784418e-11,3.1194156848462737e-10
3799,control,FLI1,-6.581416,,4.659887905611344e-11,2.987107631802144e-10
3800,control,CLSTN2,-6.6086,,3.879705623022957e-11,2.5030358858212627e-10
3801,control,ABCA9,-6.6198783,,3.5949528772840716e-11,2.3268303412841888e-10
3802,control,HK2,-6.6300244,,3.356316549427157e-11,2.193670947338011e-10
3803,control,COL5A2,-6.651756,,2.8961701546737016e-11,1.9053751017590142e-10
3804,control,TBXAS1,-6.6994424,,2.0921657648303436e-11,1.385540241609499e-10
3805,control,NRGN,-6.7147355,,1.8840794501496805e-11,1.251880033322047e-10
3806,control,LHFPL2,-6.7260404,,1.7434207591742528e-11,1.1622805061161686e-10
3807,control,DCC,-6.778589,,1.2135557833634585e-11,8.117429989053234e-11
3808,control,AC109466.1,-6.8454304,,7.624638263874605e-12,5.1344365413297006e-11
3809,control,ARHGAP25,-6.8525395,,7.255029080589388e-12,4.902046676073911e-11
3810,control,AL445250.1,-6.8692446,,6.454274488337772e-12,4.3906629172365795e-11
3811,control,SRGAP2C,-6.869288,,6.452324228035478e-12,4.3906629172365795e-11
3812,control,ZNF331,-6.911151,,4.807375293980834e-12,3.3040380027359686e-11
3813,control,PCDH11X,-6.938446,,3.96435854179416e-12,2.7340403736511448e-11
3814,control,NFATC2,-6.9488716,,3.682191223363086e-12,2.5482292203204747e-11
3815,control,EHBP1L1,-7.0022125,,2.519515284194787e-12,1.755759779926681e-11
3816,control,TRPC4,-7.0085616,,2.4078086554818273e-12,1.6862195308220296e-11
3817,control,CEBPB,-7.0386934,,1.9405064884147444e-12,1.3713826773249078e-11
3818,control,NPAS4,-7.0390215,,1.9359453256759033e-12,1.3713826773249078e-11
3819,control,C1QB,-7.0716467,,1.5310587431322074e-12,1.0936133879515766e-11
3820,control,RBM47,-7.0725613,,1.520996001345603e-12,1.0903197142262386e-11
3821,control,SYK,-7.1241302,,1.0473996046326435e-12,7.589852207482923e-12
3822,control,SP100,-7.135749,,9.626159479484738e-13,7.0008432578070814e-12
3823,control,C1QC,-7.181997,,6.870049180729556e-13,5.0146344384887265e-12
3824,control,AC110023.1,-7.254292,,4.0376779221388995e-13,2.9912730045612514e-12
3825,control,HIF1A-AS2,-7.325621,,2.3779441289095165e-13,1.7812315572355927e-12
3826,control,MAP3K8,-7.3368454,,2.1868723205042073e-13,1.6442649026347422e-12
3827,control,RUNX2,-7.367074,,1.7441388057498104e-13,1.3213172770831897e-12
3828,control,RGS1,-7.382962,,1.5480605371484033e-13,1.1772323476413712e-12
3829,control,INPP5D,-7.4268236,,1.1123633955590101e-13,8.523857437233794e-13
3830,control,POU2F2,-7.459512,,8.684327919262563e-14,6.680252245586587e-13
3831,control,AQP4-AS1,-7.486236,,7.087691289762516e-14,5.473120687075302e-13
3832,control,LINC02306,-7.495771,,6.59097109452032e-14,5.109279918232805e-13
3833,control,SDK1,-7.5087132,,5.971145752669048e-14,4.646806033205485e-13
3834,control,PCDH11Y,-7.527455,,5.1738829251648394e-14,4.0420960352850306e-13
3835,control,LRP2,-7.5673947,,3.807831535876808e-14,2.998292547934494e-13
3836,control,PLA2G4A,-7.611867,,2.7016439184807765e-14,2.1441618400641084e-13
3837,control,SYNPR,-7.6398525,,2.174704462808705e-14,1.7328322412818366e-13
3838,control,APOE,-7.654331,,1.9432072880522293e-14,1.560809066708618e-13
3839,control,PIEZO2,-7.69338,,1.4329829987375735e-14,1.1556314505948175e-13
3840,control,IL4R,-7.7046995,,1.311517071409909e-14,1.0662740417966741e-13
3841,control,JUNB,-7.7200994,,1.162389945417424e-14,9.488897513611625e-14
3842,control,ARHGAP18,-7.744176,,9.62036934986472e-15,7.885548647430099e-14
3843,control,ALOX5,-7.7678537,,7.982712566263359e-15,6.57013379939371e-14
3844,control,F13A1,-7.771691,,7.744534190556528e-15,6.400441479798784e-14
3845,control,XYLT1,-7.786022,,6.91518621668299e-15,5.762655180569159e-14
3846,control,PCDH15,-7.8316336,,4.815718744409259e-15,4.0638976746069694e-14
3847,control,KCNAB1,-7.85628,,3.957104565710397e-15,3.3534784455172856e-14
3848,control,ARHGAP6,-7.872403,,3.478923645346377e-15,2.9607860811458526e-14
3849,control,PLCXD3,-7.8997755,,2.794059268107869e-15,2.398334135714909e-14
3850,control,IKZF1,-7.902915,,2.724556020253821e-15,2.3487551898739834e-14
3851,control,AC244021.1,-7.9153695,,2.465201251262835e-15,2.1343733777167403e-14
3852,control,AC074327.1,-7.9407096,,2.0102778545314265e-15,1.7480676995925448e-14
3853,control,MIR4435-2HG,-7.997368,,1.2710726254079918e-15,1.1198877756898607e-14
3854,control,AL158071.4,-8.007876,,1.1670595734555326e-15,1.0327960827040112e-14
3855,control,SLCO2B1,-8.039007,,9.056913805948355e-16,8.08653018388246e-15
3856,control,FAM129A,-8.061883,,7.512823500277094e-16,6.73795829621264e-15
3857,control,LINC00276,-8.072797,,6.87056438406316e-16,6.189697643300144e-15
3858,control,CCBE1,-8.093492,,5.797817489214652e-16,5.246893655397875e-15
3859,control,RELN,-8.123517,,4.528635186260709e-16,4.1357398961285015e-15
3860,control,SEZ6L,-8.137625,,4.0310954514872828e-16,3.698252707786498e-15
3861,control,SLC16A10,-8.141422,,3.9065995777126183e-16,3.600552606186745e-15
3862,control,SCIN,-8.165616,,3.19799584859522e-16,2.9611072672177963e-15
3863,control,PALD1,-8.232355,,1.8356828016780056e-16,1.7155914034373885e-15
3864,control,RIN3,-8.255125,,1.5174322258075696e-16,1.42481899136861e-15
3865,control,GULP1,-8.263544,,1.414098226329875e-16,1.3340549304998822e-15
3866,control,GABRG3,-8.2768755,,1.264491413439332e-16,1.2042775366088875e-15
3867,control,PIK3AP1,-8.286561,,1.1656996625252768e-16,1.1155020694021788e-15
3868,control,SLC11A1,-8.321444,,8.689862598562273e-17,8.355637114002186e-16
3869,control,HIST1H2AC,-8.338752,,7.507911767325731e-17,7.254021031232591e-16
3870,control,CD74,-8.359952,,6.274384950674118e-17,6.091635874440892e-16
3871,control,TMSB10,-8.38027,,5.280639847752208e-17,5.20260083522385e-16
3872,control,AC106869.1,-8.391356,,4.805656783771802e-17,4.781748043554032e-16
3873,control,TBC1D8,-8.467788,,2.5009656274442842e-17,2.5135332939138535e-16
3874,control,LINC02055,-8.500363,,1.8899873664705e-17,1.90907814795e-16
3875,control,C3,-8.510851,,1.726612488390506e-17,1.75290607958427e-16
3876,control,SGPP2,-8.632461,,6.0046059338631156e-18,6.254797847774079e-17
3877,control,VEGFA,-8.687642,,3.700386580878669e-18,3.915752995638803e-17
3878,control,FGF13,-8.783771,,1.5808404322158092e-18,1.7467850079732698e-17
3879,control,LINC01001,-8.797149,,1.403362506494661e-18,1.5592916738829567e-17
3880,control,RHBDF2,-8.808584,,1.2673673557266783e-18,1.416052911426456e-17
3881,control,ADAM28,-8.875818,,6.942084461346641e-19,7.93381081296759e-18
3882,control,ST8SIA4,-8.910352,,5.087085482813328e-19,5.915215677689917e-18
3883,control,FYB1,-8.938284,,3.952613005267601e-19,4.622939187447486e-18
3884,control,PPARG,-9.03481,,1.6428695663047675e-19,1.9327877250644323e-18
3885,control,PDZRN4,-9.036117,,1.6233667647548786e-19,1.9211441003016313e-18
3886,control,ZNF804A,-9.118446,,7.620894552709597e-20,9.126819823604306e-19
3887,control,CPNE4,-9.16431,,4.9864899655578874e-20,6.081085323851081e-19
3888,control,SMAP2,-9.166733,,4.875706199092808e-20,5.982461593978906e-19
3889,control,AC120193.1,-9.241397,,2.4329876250458982e-20,3.0223448758334137e-19
3890,control,TNFRSF1B,-9.354356,,8.411044155552183e-21,1.057992975541155e-19
3891,control,KCNB2,-9.392241,,5.873726788781793e-21,7.435097200989612e-20
3892,control,SRGN,-9.396445,,5.6437583989222906e-21,7.189501145123937e-20
3893,control,ETS2,-9.412767,,4.83242628615151e-21,6.195418315578859e-20
3894,control,AC093607.1,-9.417123,,4.636181366729162e-21,5.982169505456983e-20
3895,control,MGAT1,-9.438297,,3.788859126777769e-21,4.920596268542557e-20
3896,control,SORL1,-9.458565,,3.1219763383506674e-21,4.0810148213734216e-20
3897,control,ANKRD37,-9.469096,,2.8227495184696856e-21,3.714144103249586e-20
3898,control,SH3RF3,-9.572218,,1.0463602976367387e-21,1.3951470635156517e-20
3899,control,CHST11,-9.616429,,6.815631678744372e-22,9.210313079384288e-21
3900,control,PRR16,-9.641796,,5.32477928140657e-22,7.244597661777647e-21
3901,control,APOLD1,-9.669726,,4.0546043912502265e-22,5.554252590753735e-21
3902,control,SLC2A5,-9.731595,,2.210976122383392e-22,3.049622237770196e-21
3903,control,HOMER1,-9.734059,,2.1580502791236387e-22,2.997292054338387e-21
3904,control,CHST15,-9.737156,,2.0933183642390187e-22,2.9277179919426838e-21
3905,control,APBB1IP,-9.826815,,8.630536840422486e-23,1.2508024406409399e-21
3906,control,HAMP,-9.844659,,7.228427116209068e-23,1.0552448344830755e-21
3907,control,ARHGAP15,-9.919637,,3.419992822817757e-23,5.066656033804084e-22
3908,control,AC090568.2,-9.954414,,2.412396804574923e-23,3.600592245634213e-22
3909,control,SLC2A3,-10.101974,,5.414158474482186e-24,8.39404414648401e-23
3910,control,PTPRC,-10.1254015,,4.262244745887063e-24,6.712196450215847e-23
3911,control,GRIP1,-10.227644,,1.4910271700743036e-24,2.404882532377909e-23
3912,control,AC073365.1,-10.257398,,1.0962153914545805e-24,1.7824640511456594e-23
3913,control,ADAMTSL1,-10.314402,,6.065799746927135e-25,1.0026115284177083e-23
3914,control,AC067956.1,-10.376823,,3.161201295978339e-25,5.268668826630565e-24
3915,control,CCK,-10.429566,,1.8171613499085222e-25,3.054052688921886e-24
3916,control,TBC1D14,-10.437873,,1.6650038342293498e-25,2.846160400392051e-24
3917,control,DOCK11,-10.473734,,1.1405359088891905e-25,1.9664412222227423e-24
3918,control,CTSB,-10.477739,,1.0932587523939292e-25,1.9013195693807464e-24
3919,control,DISC1,-10.523114,,6.760137876653833e-26,1.1859891011673391e-24
3920,control,DDIT4,-10.54185,,5.539808434530857e-26,9.804970680585586e-25
3921,control,PAG1,-10.611651,,2.630588312642213e-26,4.697479129718238e-25
3922,control,NCK2,-10.70877,,9.258425683965782e-27,1.683350124357415e-25
3923,control,SRGAP2B,-10.729698,,7.383698610141545e-27,1.3548070844296413e-25
3924,control,ST6GAL1,-10.751402,,5.836751967986889e-27,1.0808799940716462e-25
3925,control,DOCK8,-10.844237,,2.1239957295094787e-27,4.0075391122820354e-26
3926,control,DUSP1,-10.857561,,1.8358608057648382e-27,3.496877725266359e-26
3927,control,TNR,-11.110412,,1.116430993514752e-28,2.2107544426034692e-27
3928,control,CCND3,-11.180495,,5.080565314814162e-29,1.0263768312755883e-27
3929,control,SAT1,-11.26622,,1.9266425741460972e-29,3.9724589157651485e-28
3930,control,AKAP13,-11.561956,,6.422833105048144e-31,1.3812544311931492e-29
3931,control,TRHDE,-11.586786,,4.808350351297708e-31,1.0452935546299364e-29
3932,control,FOXP2,-11.6764145,,1.6824381838943693e-31,3.6976663382293835e-30
3933,control,AC019211.1,-11.730316,,8.912505040096145e-32,1.980556675576921e-30
3934,control,CA10,-11.812312,,3.371602139498331e-32,7.576634021344565e-31
3935,control,FOS,-12.197963,,3.1869760842114483e-34,7.411572288863833e-33
3936,control,SRGAP2,-12.238641,,1.9324243297971355e-34,4.5468807759932594e-33
3937,control,AL117329.1,-12.460589,,1.2246255373051662e-35,2.950904909169075e-34
3938,control,CEMIP2,-12.507511,,6.791940376387033e-36,1.6565708235090322e-34
3939,control,KIAA1217,-12.611023,,1.8359458516964844e-36,4.53319963381848e-35
3940,control,SLIT2,-12.672794,,8.3679652990602e-37,2.1184722276101771e-35
3941,control,CADPS2,-12.80158,,1.6064901694011354e-37,4.172701738704248e-36
3942,control,ROBO2,-12.832334,,1.0805959486598525e-37,2.8436735491048753e-36
3943,control,P4HA1,-12.834062,,1.056757546094548e-37,2.818020122918795e-36
3944,control,HS3ST4,-12.977267,,1.6465118919958027e-38,4.4500321405291964e-37
3945,control,ATP8B4,-12.996169,,1.2862710531947502e-38,3.524030282725343e-37
3946,control,PTPN2,-13.039823,,7.262547767679152e-39,2.017374379910876e-37
3947,control,KCNH7,-13.391668,,6.764414291344261e-41,1.9606997945925392e-39
3948,control,LINC01378,-13.576744,,5.501863108965946e-42,1.6423471967062524e-40
3949,control,PRELID2,-13.586865,,4.7916609464745725e-42,1.4520184686286583e-40
3950,control,GALNTL6,-13.672839,,1.4752512891308388e-42,4.539234735787196e-41
3951,control,NRG1,-13.680388,,1.3298091714468909e-42,4.155653660771534e-41
3952,control,NDST3,-13.701455,,9.95100680718429e-43,3.159049780058505e-41
3953,control,UNC13C,-13.861367,,1.085858086438219e-43,3.5027680207684483e-42
3954,control,SLIT3,-13.884331,,7.883306221442573e-44,2.584690564407401e-42
3955,control,LRRK1,-13.934359,,3.9170331877837566e-44,1.3056777292612522e-42
3956,control,CYFIP1,-14.349464,,1.0736261988801552e-46,3.639410843661543e-45
3957,control,PARP8,-14.567045,,4.551573438948743e-48,1.5695080823961183e-46
3958,control,CDH9,-14.583271,,3.588980613422516e-48,1.259291443306146e-46
3959,control,TMEM163,-14.634501,,1.6921030033274528e-48,6.04322501188376e-47
3960,control,PTPRT,-14.78361,,1.868746701862526e-49,6.921284080972318e-48
3961,control,C5orf17,-14.850209,,6.935162089179562e-50,2.617042297803608e-48
3962,control,NELL1,-15.040135,,4.0072796652452e-51,1.5412614097096924e-49
3963,control,MCTP1,-15.06804,,2.6279559861293097e-51,1.0305709749526705e-49
3964,control,SKAP2,-15.208641,,3.09911887862459e-52,1.264946481071261e-50
3965,control,KCNC2,-15.214461,,2.8354475639302372e-52,1.181436484970932e-50
3966,control,AC011287.1,-15.2352495,,2.0633721644926726e-52,8.780307082947542e-51
3967,control,GRM1,-15.465863,,5.897693756801831e-54,2.5642146768703612e-52
3968,control,SLC38A11,-15.5629835,,1.299002511027757e-54,5.904556868307987e-53
3969,control,TENM3,-15.66041,,2.8207399635160074e-55,1.3119720760539571e-53
3970,control,LY86-AS1,-16.04035,,6.677724827678673e-58,3.2574267452091084e-56
3971,control,ASIC2,-16.617489,,5.206870728161626e-62,2.6701901170059624e-60
3972,control,DSCAM,-16.841225,,1.2169116521896573e-63,6.404798169419249e-62
3973,control,RUNX1,-16.987942,,1.0086646053465082e-64,5.603692251925046e-63
3974,control,FSTL4,-17.084467,,1.9370477382550627e-65,1.1394398460323897e-63
3975,control,NIPAL2,-17.366573,,1.4779361002389673e-67,8.95718848629677e-66
3976,control,CUX2,-17.585232,,3.196703397865485e-69,1.997939623665928e-67
3977,control,IPCEF1,-18.0895,,3.8556233371467364e-73,2.659050577342577e-71
3978,control,OLFM3,-18.557829,,7.049591352242993e-77,5.221919520179995e-75
3979,control,UNC5D,-18.647337,,1.3272556556113607e-77,1.020965888931816e-75
3980,control,CDH12,-18.821394,,5.044028119165124e-79,4.035222495332099e-77
3981,control,CBLN2,-19.338959,,2.525188810719629e-83,2.1043240089330242e-81
3982,control,ST6GALNAC5,-19.343475,,2.3134241277951503e-83,2.0116731546044786e-81
3983,control,CNTN5,-19.417994,,5.437378133806863e-84,4.943071030733512e-82
3984,control,MGAT4A,-19.842436,,1.280983239413912e-87,1.2199840375370591e-85
3985,control,SH3GL2,-19.879698,,6.099934099693793e-88,6.099934099693793e-86
3986,control,SPP1,-19.951477,,1.4552337637757923e-88,1.531825014500834e-86
3987,control,ABR,-20.14759,,2.8253852046022856e-90,3.3239825936497474e-88
3988,control,NELL2,-20.30322,,1.2042836633624099e-91,1.5053545792030123e-89
3989,control,DENND3,-20.311441,,1.018706974994074e-91,1.3582759666587655e-89
3990,control,FAM19A1,-20.397497,,1.7599673443109366e-92,2.5142390633013378e-90
3991,control,CDH18,-22.742102,,1.718019168152993e-114,2.6431064125430665e-112
3992,control,RBFOX1,-24.056633,,7.114876013596082e-128,1.293613820653833e-125
3993,control,IQCJ-SCHIP1,-24.740751,,3.8989930940497e-135,8.664429097888222e-133
3994,control,FMN1,-24.90288,,6.924384728331273e-137,1.7310961820828182e-134
3995,control,PLXDC2,-25.324213,,1.7289654765375366e-141,4.9399013615358185e-139
3996,control,RALYL,-25.587143,,2.1210668640709936e-144,7.070222880236645e-142
3997,control,DPP10,-25.733936,,4.877226248323605e-146,1.950890499329442e-143
3998,control,HSPA1A,-30.883043,,2.0178452197528514e-209,2.0178452197528515e-206
3999,control,HSPA1B,-31.710018,,1.1305536390143932e-220,2.2611072780287863e-217
