,names,scores,logfoldchanges,pvals,pvals_adj
0,HSPA1B,31.710018,,1.1305536390143932e-220,2.2611072780287863e-217
1,HSPA1A,30.883043,,2.0178452197528514e-209,2.0178452197528515e-206
2,DPP10,25.733936,,4.877226248323605e-146,1.950890499329442e-143
3,RALYL,25.587143,,2.1210668640709936e-144,7.070222880236645e-142
4,PLXDC2,25.324213,,1.7289654765375366e-141,4.9399013615358185e-139
5,FMN1,24.90288,,6.924384728331273e-137,1.7310961820828182e-134
6,IQCJ-SCHIP1,24.740751,,3.8989930940497e-135,8.664429097888222e-133
7,RBFOX1,24.056633,,7.114876013596082e-128,1.293613820653833e-125
8,CDH18,22.742102,,1.718019168152993e-114,2.6431064125430665e-112
9,FAM19A1,20.397497,,1.7599673443109366e-92,2.5142390633013378e-90
10,DENND3,20.311441,,1.018706974994074e-91,1.3582759666587655e-89
11,NELL2,20.30322,,1.2042836633624099e-91,1.5053545792030123e-89
12,ABR,20.14759,,2.8253852046022856e-90,3.3239825936497474e-88
13,SPP1,19.951477,,1.4552337637757923e-88,1.531825014500834e-86
14,SH3GL2,19.879698,,6.099934099693793e-88,6.099934099693793e-86
15,MGAT4A,19.842436,,1.280983239413912e-87,1.2199840375370591e-85
16,CNTN5,19.417994,,5.437378133806863e-84,4.943071030733512e-82
17,ST6GALNAC5,19.343475,,2.3134241277951503e-83,2.0116731546044786e-81
18,CBLN2,19.338959,,2.525188810719629e-83,2.1043240089330242e-81
19,CDH12,18.821394,,5.044028119165124e-79,4.035222495332099e-77
20,UNC5D,18.647337,,1.3272556556113607e-77,1.020965888931816e-75
21,OLFM3,18.557829,,7.049591352242993e-77,5.221919520179995e-75
22,IPCEF1,18.0895,,3.8556233371467364e-73,2.659050577342577e-71
23,CUX2,17.585232,,3.196703397865485e-69,1.997939623665928e-67
24,NIPAL2,17.366573,,1.4779361002389673e-67,8.95718848629677e-66
25,FSTL4,17.084467,,1.9370477382550627e-65,1.1394398460323897e-63
26,RUNX1,16.987942,,1.0086646053465082e-64,5.603692251925046e-63
27,DSCAM,16.841225,,1.2169116521896573e-63,6.404798169419249e-62
28,ASIC2,16.617489,,5.206870728161626e-62,2.6701901170059624e-60
29,LY86-AS1,16.04035,,6.677724827678673e-58,3.2574267452091084e-56
30,TENM3,15.66041,,2.8207399635160074e-55,1.3119720760539571e-53
31,SLC38A11,15.5629835,,1.299002511027757e-54,5.904556868307987e-53
32,GRM1,15.465863,,5.897693756801831e-54,2.5642146768703612e-52
33,AC011287.1,15.2352495,,2.0633721644926726e-52,8.780307082947542e-51
34,KCNC2,15.214461,,2.8354475639302372e-52,1.181436484970932e-50
35,SKAP2,15.208641,,3.09911887862459e-52,1.264946481071261e-50
36,MCTP1,15.06804,,2.6279559861293097e-51,1.0305709749526705e-49
37,NELL1,15.040135,,4.0072796652452e-51,1.5412614097096924e-49
38,C5orf17,14.850209,,6.935162089179562e-50,2.617042297803608e-48
39,PTPRT,14.78361,,1.868746701862526e-49,6.921284080972318e-48
40,TMEM163,14.634501,,1.6921030033274528e-48,6.04322501188376e-47
41,CDH9,14.583271,,3.588980613422516e-48,1.259291443306146e-46
42,PARP8,14.567045,,4.551573438948743e-48,1.5695080823961183e-46
43,CYFIP1,14.349464,,1.0736261988801552e-46,3.639410843661543e-45
44,LRRK1,13.934359,,3.9170331877837566e-44,1.3056777292612522e-42
45,SLIT3,13.884331,,7.883306221442573e-44,2.584690564407401e-42
46,UNC13C,13.861367,,1.085858086438219e-43,3.5027680207684483e-42
47,NDST3,13.701455,,9.95100680718429e-43,3.159049780058505e-41
48,NRG1,13.680388,,1.3298091714468909e-42,4.155653660771534e-41
49,GALNTL6,13.672839,,1.4752512891308388e-42,4.539234735787196e-41
50,PRELID2,13.586865,,4.7916609464745725e-42,1.4520184686286583e-40
51,LINC01378,13.576744,,5.501863108965946e-42,1.6423471967062524e-40
52,KCNH7,13.391668,,6.764414291344261e-41,1.9606997945925392e-39
53,PTPN2,13.039823,,7.262547767679152e-39,2.017374379910876e-37
54,ATP8B4,12.996169,,1.2862710531947502e-38,3.524030282725343e-37
55,HS3ST4,12.977267,,1.6465118919958027e-38,4.4500321405291964e-37
56,P4HA1,12.834062,,1.056757546094548e-37,2.818020122918795e-36
57,ROBO2,12.832334,,1.0805959486598525e-37,2.8436735491048753e-36
58,CADPS2,12.80158,,1.6064901694011354e-37,4.172701738704248e-36
59,SLIT2,12.672794,,8.3679652990602e-37,2.1184722276101771e-35
60,KIAA1217,12.611023,,1.8359458516964844e-36,4.53319963381848e-35
61,CEMIP2,12.507511,,6.791940376387033e-36,1.6565708235090322e-34
62,AL117329.1,12.460589,,1.2246255373051662e-35,2.950904909169075e-34
63,SRGAP2,12.238641,,1.9324243297971355e-34,4.5468807759932594e-33
64,FOS,12.197963,,3.1869760842114483e-34,7.411572288863833e-33
65,CA10,11.812312,,3.371602139498331e-32,7.576634021344565e-31
66,AC019211.1,11.730316,,8.912505040096145e-32,1.980556675576921e-30
67,FOXP2,11.6764145,,1.6824381838943693e-31,3.6976663382293835e-30
68,TRHDE,11.586786,,4.808350351297708e-31,1.0452935546299364e-29
69,AKAP13,11.561956,,6.422833105048144e-31,1.3812544311931492e-29
70,SAT1,11.26622,,1.9266425741460972e-29,3.9724589157651485e-28
71,CCND3,11.180495,,5.080565314814162e-29,1.0263768312755883e-27
72,TNR,11.110412,,1.116430993514752e-28,2.2107544426034692e-27
73,DUSP1,10.857561,,1.8358608057648382e-27,3.496877725266359e-26
74,DOCK8,10.844237,,2.1239957295094787e-27,4.0075391122820354e-26
75,ST6GAL1,10.751402,,5.836751967986889e-27,1.0808799940716462e-25
76,SRGAP2B,10.729698,,7.383698610141545e-27,1.3548070844296413e-25
77,NCK2,10.70877,,9.258425683965782e-27,1.683350124357415e-25
78,PAG1,10.611651,,2.630588312642213e-26,4.697479129718238e-25
79,DDIT4,10.54185,,5.539808434530857e-26,9.804970680585586e-25
80,DISC1,10.523114,,6.760137876653833e-26,1.1859891011673391e-24
81,CTSB,10.477739,,1.0932587523939292e-25,1.9013195693807464e-24
82,DOCK11,10.473734,,1.1405359088891905e-25,1.9664412222227423e-24
83,TBC1D14,10.437873,,1.6650038342293498e-25,2.846160400392051e-24
84,CCK,10.429566,,1.8171613499085222e-25,3.054052688921886e-24
85,AC067956.1,10.376823,,3.161201295978339e-25,5.268668826630565e-24
86,ADAMTSL1,10.314402,,6.065799746927135e-25,1.0026115284177083e-23
87,AC073365.1,10.257398,,1.0962153914545805e-24,1.7824640511456594e-23
88,GRIP1,10.227644,,1.4910271700743036e-24,2.404882532377909e-23
89,PTPRC,10.1254015,,4.262244745887063e-24,6.712196450215847e-23
90,SLC2A3,10.101974,,5.414158474482186e-24,8.39404414648401e-23
91,AC090568.2,9.954414,,2.412396804574923e-23,3.600592245634213e-22
92,ARHGAP15,9.919637,,3.419992822817757e-23,5.066656033804084e-22
93,HAMP,9.844659,,7.228427116209068e-23,1.0552448344830755e-21
94,APBB1IP,9.826815,,8.630536840422486e-23,1.2508024406409399e-21
95,CHST15,9.737156,,2.0933183642390187e-22,2.9277179919426838e-21
96,HOMER1,9.734059,,2.1580502791236387e-22,2.997292054338387e-21
97,SLC2A5,9.731595,,2.210976122383392e-22,3.049622237770196e-21
98,APOLD1,9.669726,,4.0546043912502265e-22,5.554252590753735e-21
99,PRR16,9.641796,,5.32477928140657e-22,7.244597661777647e-21
100,CHST11,9.616429,,6.815631678744372e-22,9.210313079384288e-21
101,SH3RF3,9.572218,,1.0463602976367387e-21,1.3951470635156517e-20
102,ANKRD37,9.469096,,2.8227495184696856e-21,3.714144103249586e-20
103,SORL1,9.458565,,3.1219763383506674e-21,4.0810148213734216e-20
104,MGAT1,9.438297,,3.788859126777769e-21,4.920596268542557e-20
105,AC093607.1,9.417123,,4.636181366729162e-21,5.982169505456983e-20
106,ETS2,9.412767,,4.83242628615151e-21,6.195418315578859e-20
107,SRGN,9.396445,,5.6437583989222906e-21,7.189501145123937e-20
108,KCNB2,9.392241,,5.873726788781793e-21,7.435097200989612e-20
109,TNFRSF1B,9.354356,,8.411044155552183e-21,1.057992975541155e-19
110,AC120193.1,9.241397,,2.4329876250458982e-20,3.0223448758334137e-19
111,SMAP2,9.166733,,4.875706199092808e-20,5.982461593978906e-19
112,CPNE4,9.16431,,4.9864899655578874e-20,6.081085323851081e-19
113,ZNF804A,9.118446,,7.620894552709597e-20,9.126819823604306e-19
114,PDZRN4,9.036117,,1.6233667647548786e-19,1.9211441003016313e-18
115,PPARG,9.03481,,1.6428695663047675e-19,1.9327877250644323e-18
116,FYB1,8.938284,,3.952613005267601e-19,4.622939187447486e-18
117,ST8SIA4,8.910352,,5.087085482813328e-19,5.915215677689917e-18
118,ADAM28,8.875818,,6.942084461346641e-19,7.93381081296759e-18
119,RHBDF2,8.808584,,1.2673673557266783e-18,1.416052911426456e-17
120,LINC01001,8.797149,,1.403362506494661e-18,1.5592916738829567e-17
121,FGF13,8.783771,,1.5808404322158092e-18,1.7467850079732698e-17
122,VEGFA,8.687642,,3.700386580878669e-18,3.915752995638803e-17
123,SGPP2,8.632461,,6.0046059338631156e-18,6.254797847774079e-17
124,C3,8.510851,,1.726612488390506e-17,1.75290607958427e-16
125,LINC02055,8.500363,,1.8899873664705e-17,1.90907814795e-16
126,TBC1D8,8.467788,,2.5009656274442842e-17,2.5135332939138535e-16
127,AC106869.1,8.391356,,4.805656783771802e-17,4.781748043554032e-16
128,TMSB10,8.38027,,5.280639847752208e-17,5.20260083522385e-16
129,CD74,8.359952,,6.274384950674118e-17,6.091635874440892e-16
130,HIST1H2AC,8.338752,,7.507911767325731e-17,7.254021031232591e-16
131,SLC11A1,8.321444,,8.689862598562273e-17,8.355637114002186e-16
132,PIK3AP1,8.286561,,1.1656996625252768e-16,1.1155020694021788e-15
133,GABRG3,8.2768755,,1.264491413439332e-16,1.2042775366088875e-15
134,GULP1,8.263544,,1.414098226329875e-16,1.3340549304998822e-15
135,RIN3,8.255125,,1.5174322258075696e-16,1.42481899136861e-15
136,PALD1,8.232355,,1.8356828016780056e-16,1.7155914034373885e-15
137,SCIN,8.165616,,3.19799584859522e-16,2.9611072672177963e-15
138,SLC16A10,8.141422,,3.9065995777126183e-16,3.600552606186745e-15
139,SEZ6L,8.137625,,4.0310954514872828e-16,3.698252707786498e-15
140,RELN,8.123517,,4.528635186260709e-16,4.1357398961285015e-15
141,CCBE1,8.093492,,5.797817489214652e-16,5.246893655397875e-15
142,LINC00276,8.072797,,6.87056438406316e-16,6.189697643300144e-15
143,FAM129A,8.061883,,7.512823500277094e-16,6.73795829621264e-15
144,SLCO2B1,8.039007,,9.056913805948355e-16,8.08653018388246e-15
145,AL158071.4,8.007876,,1.1670595734555326e-15,1.0327960827040112e-14
146,MIR4435-2HG,7.997368,,1.2710726254079918e-15,1.1198877756898607e-14
147,AC074327.1,7.9407096,,2.0102778545314265e-15,1.7480676995925448e-14
148,AC244021.1,7.9153695,,2.465201251262835e-15,2.1343733777167403e-14
149,IKZF1,7.902915,,2.724556020253821e-15,2.3487551898739834e-14
150,PLCXD3,7.8997755,,2.794059268107869e-15,2.398334135714909e-14
151,ARHGAP6,7.872403,,3.478923645346377e-15,2.9607860811458526e-14
152,KCNAB1,7.85628,,3.957104565710397e-15,3.3534784455172856e-14
153,PCDH15,7.8316336,,4.815718744409259e-15,4.0638976746069694e-14
154,XYLT1,7.786022,,6.91518621668299e-15,5.762655180569159e-14
155,F13A1,7.771691,,7.744534190556528e-15,6.400441479798784e-14
156,ALOX5,7.7678537,,7.982712566263359e-15,6.57013379939371e-14
157,ARHGAP18,7.744176,,9.62036934986472e-15,7.885548647430099e-14
158,JUNB,7.7200994,,1.162389945417424e-14,9.488897513611625e-14
159,IL4R,7.7046995,,1.311517071409909e-14,1.0662740417966741e-13
160,PIEZO2,7.69338,,1.4329829987375735e-14,1.1556314505948175e-13
161,APOE,7.654331,,1.9432072880522293e-14,1.560809066708618e-13
162,SYNPR,7.6398525,,2.174704462808705e-14,1.7328322412818366e-13
163,PLA2G4A,7.611867,,2.7016439184807765e-14,2.1441618400641084e-13
164,LRP2,7.5673947,,3.807831535876808e-14,2.998292547934494e-13
165,PCDH11Y,7.527455,,5.1738829251648394e-14,4.0420960352850306e-13
166,SDK1,7.5087132,,5.971145752669048e-14,4.646806033205485e-13
167,LINC02306,7.495771,,6.59097109452032e-14,5.109279918232805e-13
168,AQP4-AS1,7.486236,,7.087691289762516e-14,5.473120687075302e-13
169,POU2F2,7.459512,,8.684327919262563e-14,6.680252245586587e-13
170,INPP5D,7.4268236,,1.1123633955590101e-13,8.523857437233794e-13
171,RGS1,7.382962,,1.5480605371484033e-13,1.1772323476413712e-12
172,RUNX2,7.367074,,1.7441388057498104e-13,1.3213172770831897e-12
173,MAP3K8,7.3368454,,2.1868723205042073e-13,1.6442649026347422e-12
174,HIF1A-AS2,7.325621,,2.3779441289095165e-13,1.7812315572355927e-12
175,AC110023.1,7.254292,,4.0376779221388995e-13,2.9912730045612514e-12
176,C1QC,7.181997,,6.870049180729556e-13,5.0146344384887265e-12
177,SP100,7.135749,,9.626159479484738e-13,7.0008432578070814e-12
178,SYK,7.1241302,,1.0473996046326435e-12,7.589852207482923e-12
179,RBM47,7.0725613,,1.520996001345603e-12,1.0903197142262386e-11
180,C1QB,7.0716467,,1.5310587431322074e-12,1.0936133879515766e-11
181,NPAS4,7.0390215,,1.9359453256759033e-12,1.3713826773249078e-11
182,CEBPB,7.0386934,,1.9405064884147444e-12,1.3713826773249078e-11
183,TRPC4,7.0085616,,2.4078086554818273e-12,1.6862195308220296e-11
184,EHBP1L1,7.0022125,,2.519515284194787e-12,1.755759779926681e-11
185,NFATC2,6.9488716,,3.682191223363086e-12,2.5482292203204747e-11
186,PCDH11X,6.938446,,3.96435854179416e-12,2.7340403736511448e-11
187,ZNF331,6.911151,,4.807375293980834e-12,3.3040380027359686e-11
188,SRGAP2C,6.869288,,6.452324228035478e-12,4.3906629172365795e-11
189,AL445250.1,6.8692446,,6.454274488337772e-12,4.3906629172365795e-11
190,ARHGAP25,6.8525395,,7.255029080589388e-12,4.902046676073911e-11
191,AC109466.1,6.8454304,,7.624638263874605e-12,5.1344365413297006e-11
192,DCC,6.778589,,1.2135557833634585e-11,8.117429989053234e-11
193,LHFPL2,6.7260404,,1.7434207591742528e-11,1.1622805061161686e-10
194,NRGN,6.7147355,,1.8840794501496805e-11,1.251880033322047e-10
195,TBXAS1,6.6994424,,2.0921657648303436e-11,1.385540241609499e-10
196,COL5A2,6.651756,,2.8961701546737016e-11,1.9053751017590142e-10
197,HK2,6.6300244,,3.356316549427157e-11,2.193670947338011e-10
198,ABCA9,6.6198783,,3.5949528772840716e-11,2.3268303412841888e-10
199,CLSTN2,6.6086,,3.879705623022957e-11,2.5030358858212627e-10
200,FLI1,6.581416,,4.659887905611344e-11,2.987107631802144e-10
201,MS4A6A,6.5744944,,4.881885546784418e-11,3.1194156848462737e-10
202,KCNK13,6.539201,,6.184847676944693e-11,3.902112099018734e-10
203,HCK,6.517884,,7.130629114895174e-11,4.47061386513804e-10
204,TMSB4X,6.4927564,,8.427989294705046e-11,5.267493309190654e-10
205,RIT2,6.4746947,,9.500378966195256e-11,5.919239231274303e-10
206,LY86,6.452718,,1.0986185787738072e-10,6.823717880582653e-10
207,CYTH4,6.439759,,1.1966345403199557e-10,7.409501797646785e-10
208,SORCS1,6.410279,,1.4525386434527664e-10,8.938699344324715e-10
209,SLA,6.4087925,,1.4667663768476898e-10,8.998566729126931e-10
210,DOCK2,6.325339,,2.5267763405787324e-10,1.531379600350747e-09
211,LAMA2,6.303119,,2.9171425688220373e-10,1.7573148004952031e-09
212,TGFBR2,6.2622247,,3.7952387314823775e-10,2.2725980428038186e-09
213,FGD2,6.2595067,,3.861971131602859e-10,2.3056544069270796e-09
214,ALPK1,6.233658,,4.556683792371284e-10,2.7042633782618893e-09
215,TLR2,6.2254786,,4.800883642442155e-10,2.84075955174092e-09
216,HCLS1,6.1739078,,6.662239092914647e-10,3.930524538592712e-09
217,SAMSN1,6.086638,,1.153063446764866e-09,6.7628354648965745e-09
218,JAK3,6.0484242,,1.4626921673717556e-09,8.479374883314526e-09
219,FCGR3A,6.034919,,1.5904249089584873e-09,9.19320756623403e-09
220,COL24A1,6.0132036,,1.8189225979650662e-09,1.048370373466897e-08
221,NEDD9,5.9133196,,3.3528067461276486e-09,1.9050038330270733e-08
222,CD53,5.9100957,,3.4190916672721625e-09,1.9371624177179393e-08
223,MYO1F,5.8979177,,3.681172495689662e-09,2.068074435780709e-08
224,CSF1R,5.8689904,,4.384570474915039e-09,2.4563420027535232e-08
225,AJ009632.2,5.8680477,,4.4095698576857094e-09,2.4634468478691116e-08
226,SH3TC1,5.8300953,,5.5395772954654715e-09,3.0861154849389813e-08
227,RAPGEF1,5.7869945,,7.1656929557685855e-09,3.9699129948856434e-08
228,LINC00923,5.7301126,,1.0036395165238418e-08,5.514502838043087e-08
229,LINC01115,5.6728983,,1.4040173359394653e-08,7.6513206318227e-08
230,TGFBR1,5.6674643,,1.4492636132163447e-08,7.8741525836763e-08
231,CEMIP,5.652235,,1.5837485569723417e-08,8.537728069931761e-08
232,BACH1,5.618638,,1.9246885687547304e-08,1.0292452239330109e-07
233,IL1RAP,5.597883,,2.169849731746329e-08,1.1541753892267708e-07
234,HIST2H2BE,5.521391,,3.3632702117918724e-08,1.7842282290673064e-07
235,HSPH1,5.426352,,5.751746252065285e-08,3.035222296604372e-07
236,BTG2,5.415066,,6.126619783310787e-08,3.2076543368119304e-07
237,KCNH5,5.3581896,,8.405999060602496e-08,4.389555645223235e-07
238,NRP2,5.345353,,9.024089796900783e-08,4.687838855532874e-07
239,AOAH,5.3094997,,1.0992646372144017e-07,5.65174620675785e-07
240,ITPR2,5.296815,,1.1784000752122812e-07,6.043077308780929e-07
241,RNF144B,5.293445,,1.2003321507739844e-07,6.139806397820892e-07
242,SCHLAP1,5.2605004,,1.436639807902963e-07,7.329794938280422e-07
243,GPC6,5.245249,,1.5607172297028375e-07,7.942581321642939e-07
244,FOSL2,5.2069197,,1.920011190736206e-07,9.721575649297245e-07
245,SLC44A5,5.196326,,2.032657614912189e-07,1.0240088740111784e-06
246,KCNT2,5.183723,,2.1750007065345087e-07,1.0929651791630697e-06
247,C1QA,5.1750464,,2.2785412561286383e-07,1.1421259429216232e-06
248,CHRM2,5.1614566,,2.4503594624998943e-07,1.2251797312499471e-06
249,STAB1,5.13218,,2.864051294352401e-07,1.4249011414688562e-06
250,DNAH7,5.112168,,3.184830487841944e-07,1.5750627520221668e-06
251,IRF8,5.111891,,3.189502072844888e-07,1.5750627520221668e-06
252,AC091078.1,5.1017566,,3.365157218693087e-07,1.649586871908376e-06
253,HLA-DRB1,5.100547,,3.3867386042182175e-07,1.6561068969282237e-06
254,FRAS1,5.073079,,3.914294705478497e-07,1.9094120514529255e-06
255,ITGB2,5.061664,,4.1561275831523925e-07,2.0175376617244625e-06
256,LILRB1,5.0444636,,4.5479530686868246e-07,2.1970787771433935e-06
257,LINC01684,5.042176,,4.6026764423323974e-07,2.218157321605975e-06
258,CD14,5.0388436,,4.683523880479108e-07,2.2516941733072636e-06
259,ATP1B3,5.0026464,,5.654862892763154e-07,2.7056760252455285e-06
260,CPM,4.9548807,,7.237474986723599e-07,3.4382303974933963e-06
261,PDGFD,4.926897,,8.354568576104579e-07,3.959511173509279e-06
262,REL,4.9124813,,8.993095019889797e-07,4.252054382926619e-06
263,FOSB,4.9103217,,9.092709722831768e-07,4.278922222509068e-06
264,ARHGAP10,4.902893,,9.443545514957568e-07,4.433589443642051e-06
265,LCP2,4.8638263,,1.1513785827876376e-06,5.392873924063877e-06
266,VSIG4,4.825816,,1.394312048128861e-06,6.500289268666019e-06
267,LINC01099,4.818208,,1.4485325970215061e-06,6.737360916379098e-06
268,CDKN1A,4.8158903,,1.4654515532854682e-06,6.800239226382683e-06
269,HIST2H2BF,4.804804,,1.549032321559173e-06,7.154883702351838e-06
270,CSF3R,4.801567,,1.5742883840645436e-06,7.254785180020938e-06
271,LRMP,4.7902493,,1.6657432674059572e-06,7.658589735199804e-06
272,LAPTM5,4.789474,,1.672188688546432e-06,7.670590314433175e-06
273,CYTOR,4.7886524,,1.6790506429875238e-06,7.684442302002398e-06
274,AC009063.2,4.7844834,,1.7142746374605094e-06,7.827738070595934e-06
275,TMC8,4.77517,,1.7955552839397614e-06,8.180206304964744e-06
276,CCDC26,4.7669015,,1.8708079864907822e-06,8.503672665867192e-06
277,EMB,4.76637,,1.8757493449220084e-06,8.50679975021319e-06
278,PFKFB3,4.7031207,,2.562149462421419e-06,1.1541213794691076e-05
279,ZSCAN31,4.6668696,,3.0582316006538485e-06,1.374486112653415e-05
280,VAV1,4.6520886,,3.2859002897204513e-06,1.4702014719107165e-05
281,CEBPD,4.6425796,,3.4408624094704644e-06,1.532678133394416e-05
282,LPAR6,4.6290684,,3.673143196061606e-06,1.6288883352823086e-05
283,TLR5,4.5976415,,4.273002708945154e-06,1.8823800479934598e-05
284,CD300A,4.591961,,4.39100594237971e-06,1.9301125021449275e-05
285,IL10RA,4.5877857,,4.47971685382953e-06,1.9647880937848815e-05
286,ABCC4,4.574988,,4.762471734367185e-06,2.0796819800730067e-05
287,PTCHD4,4.562799,,5.0476142601240025e-06,2.1946148957060878e-05
288,AC092422.1,4.5471907,,5.436677450567731e-06,2.3535400218907925e-05
289,CD247,4.5369205,,5.708155882170762e-06,2.4657260830111285e-05
290,LINC02232,4.5107145,,6.46096372426164e-06,2.7848981570093274e-05
291,ITGAM,4.423738,,9.700758004336552e-06,4.1545002159899575e-05
292,AC008415.1,4.4175725,,9.981556789536745e-06,4.265622559631087e-05
293,WDFY4,4.4126506,,1.0211269793194471e-05,4.354486052534956e-05
294,TNS3,4.402231,,1.0714327890409578e-05,4.559288464004076e-05
295,SORCS3,4.395115,,1.1071424057558944e-05,4.7012416380292756e-05
296,FLT1,4.3803034,,1.1851416343041588e-05,4.99872362429147e-05
297,TRIM22,4.3799257,,1.187196860769224e-05,4.99872362429147e-05
298,IRAK3,4.3723574,,1.2291216749129253e-05,5.164376785348426e-05
299,NR4A1,4.337881,,1.4386303042499993e-05,6.0068071158663856e-05
300,GRM8,4.335672,,1.4531541440628997e-05,6.04222097323451e-05
301,BLNK,4.3042665,,1.6753996352795736e-05,6.923138988758569e-05
302,AC016687.2,4.234563,,2.2899651809439907e-05,9.385103200590126e-05
303,CNR1,4.2272954,,2.3651715383703564e-05,9.644908933136847e-05
304,TLR1,4.227043,,2.3678251430850958e-05,9.644908933136847e-05
305,MYOF,4.223993,,2.4001158022849068e-05,9.756568301971166e-05
306,FAM20A,4.222143,,2.4199055498557993e-05,9.817061054181741e-05
307,KIF26B,4.204863,,2.612400091675083e-05,0.00010576518589777664
308,TNFRSF10D,4.1628833,,3.142538085279099e-05,0.0001264602851218953
309,AC027288.3,4.151436,,3.303960618148213e-05,0.00013268918145173546
310,PIK3R5,4.1447034,,3.402539592787345e-05,0.00013637433237624627
311,HLA-DRA,4.1192064,,3.8017947881279495e-05,0.0001517682550150878
312,FCGR2A,4.1124296,,3.915166489465673e-05,0.00015598272866397105
313,AL034397.3,4.1084476,,3.983278849121998e-05,0.00015838086875236574
314,CD163,4.1068974,,4.010090436328969e-05,0.00015862268954592936
315,KCTD12,4.106721,,4.013154045512013e-05,0.00015862268954592936
316,ANKRD22,4.092092,,4.2749881734359e-05,0.00016863858672330967
317,AC100801.1,4.075261,,4.596270019031815e-05,0.00018095551256030768
318,USP36,4.0560784,,4.990354029489581e-05,0.00019608463770096586
319,PLCB2,4.0438066,,5.259026512678096e-05,0.00020589475162149102
320,CYBA,4.043736,,5.2606109039290954e-05,0.00020589475162149102
321,MND1,4.032243,,5.524704593873265e-05,0.00021560647387339953
322,SEMA3A,4.032005,,5.530306054852698e-05,0.00021560647387339953
323,BRINP3,4.029576,,5.587759992665158e-05,0.00021742256780798278
324,CHSY1,4.027697,,5.632582462780575e-05,0.00021874106651575048
325,LAIR1,4.019845,,5.82364702978755e-05,0.0002257227530925407
326,TCIRG1,4.009783,,6.077467334571356e-05,0.0002346512484390485
327,COL4A2,4.0078077,,6.128494717402437e-05,0.00023616549970722302
328,NTNG1,3.9938123,,6.501934638239732e-05,0.00024982257615634184
329,COL4A1,3.9935958,,6.507878108872705e-05,0.00024982257615634184
330,C22orf34,3.9421985,,8.073812758111341e-05,0.00030875000987041454
331,BNC2,3.941611,,8.093614997051486e-05,0.0003089166029408964
332,AC078883.1,3.9224098,,8.766776452696051e-05,0.00033333750770707415
333,ADGRF5,3.9155722,,9.019007153973113e-05,0.0003422773113462282
334,ARHGAP45,3.9117591,,9.16263104690413e-05,0.00034706935783727764
335,CTSC,3.8929834,,9.901889765223441e-05,0.00037436256201222836
336,CD163L1,3.8586774,,0.00011400232820132515,0.0004285801812079893
337,LAT2,3.8458202,,0.00012014987149874154,0.00045084379549246355
338,PDE3B,3.831533,,0.00012734735476737058,0.0004760648776350302
339,SLC16A3,3.7987275,,0.000145440946225737,0.0005406726625492082
340,FCGR1A,3.784624,,0.00015394111301247237,0.0005690983845193063
341,COBLL1,3.769532,,0.00016355402533665866,0.0006035203886961574
342,ABCA1,3.7009814,,0.0002147672136856131,0.0007852548946457517
343,AL118516.1,3.6754868,,0.00023739631775039003,0.0008648317586535156
344,PARVG,3.6633382,,0.0002489495330850024,0.0009036280692740559
345,ADCY7,3.6580865,,0.0002541052198787261,0.0009206710865171234
346,TRPC6,3.6469738,,0.0002653468985103843,0.0009596632857518418
347,LINC01090,3.60215,,0.0003155963138691839,0.001137284013943005
348,POU6F2,3.5935233,,0.0003262365709094389,0.0011672149227529118
349,LINC01725,3.5843415,,0.00033792960727585384,0.0012047401328907443
350,PIK3CD,3.5755801,,0.00034945199492818815,0.0012436014054383918
351,AGBL1,3.5712304,,0.0003553080912457049,0.0012621957060238184
352,RCSD1,3.5675025,,0.0003604000342231818,0.0012780143057559638
353,JUN,3.5586958,,0.00037270107126521364,0.001319295827487482
354,IL17RA,3.5539083,,0.000379551589598055,0.001341171694692774
355,AC093152.1,3.541465,,0.0003979115617098496,0.0014035681189059953
356,MT1F,3.5121799,,0.00044444712208905197,0.001564954655243141
357,VWC2L,3.5074096,,0.00045249206185888437,0.0015904817640031085
358,ID2,3.5006819,,0.0004640693090897934,0.0016283133652273455
359,CHGB,3.4991217,,0.00046679368970950805,0.0016350041671086097
360,LINC01505,3.4764528,,0.0005080936755275656,0.0017672823496610978
361,GK,3.4564378,,0.0005473652427291195,0.0018972798708115062
362,SYNDIG1,3.4497547,,0.0005610960609635925,0.0019401425260622029
363,NR2F2-AS1,3.4494781,,0.0005616712612950077,0.0019401425260622029
364,NABP1,3.4444027,,0.000572322759724496,0.001973526757670676
365,PRKCH,3.410049,,0.0006495121424475632,0.0022281720152575067
366,NCKAP1L,3.4036553,,0.0006649058196084478,0.002269303138595385
367,LRMDA,3.3962433,,0.0006831762209704579,0.0023276872946182553
368,IL18,3.384032,,0.000714296739477542,0.0024295807465222518
369,DNAH11,3.382592,,0.0007180521954348514,0.002438207794345845
370,TMEM266,3.3715522,,0.0007474587736939707,0.0025294713153772275
371,AKNA,3.3551342,,0.0007932646824244344,0.0026799482514339
372,A2M,3.3263776,,0.0008798261182338152,0.0029474911833628653
373,IL15,3.3246076,,0.0008854303541781422,0.0029613055323683686
374,APOC1,3.3220344,,0.0008936366201347946,0.002983761669899147
375,SGCZ,3.2979398,,0.0009739702316983229,0.0032465674389944095
376,AL627171.2,3.2573512,,0.001124572488855382,0.0037361212254331633
377,CD86,3.2499278,,0.0011543436648741416,0.0038286688718877004
378,AKAP12,3.2318528,,0.0012299045739118852,0.004059091003009522
379,AC109779.1,3.227411,,0.0012491592469788132,0.004115845953801691
380,TNFAIP8,3.20901,,0.0013319291611352095,0.004381345924786874
381,B3GNT5,3.204835,,0.0013513990134556197,0.0044324083917702435
382,GSDMD,3.2047317,,0.0013518845594899243,0.0044324083917702435
383,GNB4,3.1804574,,0.0014704282517674946,0.0047974820612316305
384,KDM6B,3.151787,,0.0016227463279078229,0.0052772238305945456
385,OTOGL,3.1443558,,0.0016645297790374271,0.005404317464407231
386,CSF2RA,3.120025,,0.0018083578454348426,0.005861775836093493
387,TYMP,3.117566,,0.0018235106028971224,0.0059013288119647974
388,CPVL,3.1164923,,0.0018301641173683833,0.005913292786327571
389,LINC01094,3.10503,,0.001902596217454567,0.006127524049773163
390,AC243829.2,3.1045194,,0.0019058839884545395,0.006128244335866687
391,IGFBP5,3.0692878,,0.0021456974882686167,0.006855263540794303
392,CLEC7A,3.0651042,,0.002175941451014544,0.0069408020766014164
393,RAB20,3.046842,,0.002312591766619313,0.007348987017364315
394,B4GALT1,3.046538,,0.0023149309104697592,0.007348987017364315
395,GAB3,3.0225773,,0.0025063212211200794,0.00793139626936734
396,LYN,3.0144446,,0.0025745015255836706,0.008134286020801487
397,OLR1,3.0067601,,0.0026404806107198954,0.00832959183192396
398,IER2,2.9738271,,0.0029411066555553663,0.009219770080110866
399,GPNMB,2.956224,,0.0031143084877303055,0.009732214024157205
400,TFEC,2.9475937,,0.003202576931307004,0.009976875175411227
401,ARHGAP9,2.9438872,,0.0032411808025825132,0.010081433289525701
402,AC137770.1,2.931943,,0.003368486621804396,0.0104287511510972
403,AL033504.1,2.930981,,0.003378934456845141,0.010444928769227637
404,MYO1G,2.9239483,,0.0034562214407942203,0.010650913530952913
405,IL1RAPL2,2.9192758,,0.003508457406783257,0.010795253559333097
406,CKS2,2.9176168,,0.0035271740064127654,0.010836172062712028
407,ZFP36L1,2.9148593,,0.003558488385133158,0.010913991828724146
408,TAL1,2.9123747,,0.003586921085658763,0.010967278607388503
409,ITGB2-AS1,2.8863537,,0.0038973389305068554,0.011846014986343025
410,TRAF3IP3,2.8802903,,0.0039730933165231215,0.012057946332391871
411,TM6SF1,2.8753722,,0.004035516570148845,0.012228838091360135
412,HIF1A,2.8558426,,0.004292279357076651,0.012967611350684746
413,CMTM7,2.8503711,,0.004366823458772882,0.013172921444262088
414,PLTP,2.84126,,0.004493566823461091,0.013494194665048321
415,SIGLEC9,2.8366678,,0.0045587031546584595,0.013669274826562097
416,EGR4,2.8003514,,0.005104701745650604,0.01523791565865852
417,RASGEF1C,2.7864175,,0.0053294173143203965,0.01585234191339979
418,SERPINA1,2.78612,,0.0053343130538590295,0.01585234191339979
419,STK10,2.7770362,,0.005485707404392043,0.01625394786486531
420,CASP4,2.7736728,,0.005542737451403216,0.016398631513027263
421,UTRN,2.764096,,0.005708074529427622,0.016862849422238174
422,PELI1,2.7633002,,0.005722010434568801,0.01687908682763658
423,AC060765.1,2.740066,,0.006142684981467074,0.018066720533726686
424,AC007402.1,2.7282696,,0.006366756289869467,0.018698256357913265
425,CTSZ,2.7274501,,0.006382590429892318,0.01871727398795401
426,IL21R,2.715882,,0.00660994655720303,0.01930754513144751
427,ANOS1,2.7157373,,0.006612834207520774,0.01930754513144751
428,CXCR4,2.7057602,,0.006814822955434723,0.019868288499809688
429,TTN,2.7005675,,0.006922126778843227,0.02015175190347373
430,FLVCR2,2.6936343,,0.007067766536391394,0.020545832954626145
431,AC112206.2,2.6898122,,0.007149223419254263,0.020752462755455045
432,ANO2,2.6838799,,0.0072773234541052756,0.02109369117131964
433,CYP1B1,2.6766348,,0.007436566373879408,0.02152407054668425
434,NFKBID,2.6713643,,0.007554362353071805,0.021833417205409843
435,NR4A3,2.6648252,,0.007702837561134217,0.022230411431844784
436,UGCG,2.6369894,,0.008364543938863963,0.02410531394485292
437,ARID5A,2.6299934,,0.008538653745049925,0.02457166545338108
438,IL1B,2.616579,,0.008881578746714731,0.025485161396598944
439,RASSF3,2.6144376,,0.008937448820623101,0.025583941098410085
440,ROR1,2.6142795,,0.008941587413894324,0.025583941098410085
441,TPRG1,2.6094446,,0.00906893535291784,0.025911243865479543
442,EML4,2.602757,,0.009247749379394678,0.026384449013964847
443,PIM1,2.5971088,,0.009401211167365463,0.026745977716544706
444,FCGBP,2.5935302,,0.009499617757557373,0.026987550447606173
445,THSD4,2.5895896,,0.00960904331159634,0.02725969733786196
446,MIR503HG,2.5810282,,0.009850650537312794,0.027866055268211582
447,LINC01088,2.5775366,,0.009950738087216639,0.02810942962490576
448,CLEC2B,2.5731657,,0.010077294431912989,0.028426782600600817
449,DEF6,2.5555289,,0.01060265489986917,0.029824627003851394
450,MT1G,2.5510554,,0.010739727177605603,0.030167772970802257
451,NR4A2,2.5457628,,0.010903927288677475,0.03058605130063808
452,AL031777.3,2.518742,,0.011777489171072256,0.03285213157900211
453,PLEK,2.514884,,0.01190715703116739,0.0331214381951805
454,PPP1R15A,2.5061202,,0.012206407789420053,0.033859660997004305
455,PTGS2,2.4970841,,0.01252192070828949,0.034686760964790835
456,FGD3,2.486825,,0.012888882456143983,0.03565389337799166
457,AC007091.1,2.475645,,0.013299573587675768,0.036688478862553844
458,ITGAL,2.4429858,,0.014566314649298868,0.039962454456238326
459,AC090403.1,2.4323862,,0.014999704879855642,0.0410950818626182
460,HLA-DQB1,2.4214754,,0.015457650581593789,0.042291793656891355
461,TMEM176B,2.4202323,,0.015510599137409327,0.04237868616778505
462,GRIK1,2.4113357,,0.0158942161685488,0.04334282759500059
463,LPCAT2,2.4110465,,0.015906817727365217,0.04334282759500059
464,PALMD,2.387492,,0.016963772728539266,0.045786161210632295
465,MS4A4E,2.3697488,,0.017800168131299785,0.047978889841778394
466,KYNU,2.356528,,0.018446671424992688,0.04952126557045017
467,NWD1,2.351881,,0.0186787537819591,0.049984471609690925
468,TYROBP,2.3515735,,0.018694192382024407,0.049984471609690925
469,LINC00578,2.3367765,,0.019450806717405872,0.05186881791308232
470,TRPM1,2.3338375,,0.019604228438910683,0.05220833139523484
471,RASAL3,2.3293557,,0.019840225268433678,0.05262659222396201
472,LGALS9,2.324515,,0.02009790097966735,0.05316905021076018
473,CFAP299,2.3196242,,0.02036121927840645,0.05379450271705799
474,SAMD5,2.3181486,,0.020441244016527166,0.05393468078239358
475,HIST1H2BG,2.3168876,,0.020509855854999988,0.054044415955204185
476,CD93,2.2683485,,0.02330797090066866,0.06117577664217495
477,RUBCNL,2.2628386,,0.023645637239467842,0.06198070049663917
478,FCGR1B,2.2599034,,0.023827239908161435,0.06233472230133128
479,OTULINL,2.2596493,,0.023843031280259216,0.06233472230133128
480,SPHKAP,2.253086,,0.024253714282765414,0.06332562475917862
481,LYVE1,2.2496505,,0.024471142817147986,0.06381002038369749
482,CLEC2D,2.2295,,0.025780658090133884,0.06704982598214274
483,MAF,2.2274463,,0.025917466425904822,0.0673180946127398
484,HLA-DPA1,2.22633,,0.02599208755988464,0.06735617089780967
485,STXBP2,2.2262194,,0.025999481966554532,0.06735617089780967
486,TMEM156,2.222839,,0.026226652357143953,0.0678567978192599
487,TLR10,2.1949043,,0.02817046916230019,0.07269798493496823
488,VSIR,2.1593413,,0.030823703894586697,0.07934029316495932
489,CPED1,2.1548195,,0.031175956552628493,0.08004096675899484
490,ADARB2,2.1480803,,0.03170737814605186,0.08130096960526118
491,TMEM51,2.1376324,,0.032546586443111584,0.08323935151690942
492,SELL,2.1329799,,0.03292637453536181,0.08410312780424473
493,SIRPB2,2.1090736,,0.03493823481534135,0.08890136085328587
494,CD37,2.0865207,,0.03693147824167838,0.09373471634943752
495,HLA-DPB1,2.070024,,0.038450092237668855,0.09746537956316566
496,PKN2-AS1,2.0575619,,0.039632219617162824,0.10029899421662965
497,OVCH1-AS1,2.0571868,,0.03966825221267703,0.10029899421662965
498,TRIM38,2.0529795,,0.0400745714800306,0.10117112837671521
499,MAFB,2.0525694,,0.040114352401367584,0.10117112837671521
500,KLHL6,2.0335479,,0.04199719029524081,0.1056533089188448
501,BCL6,2.0213733,,0.043241145382600266,0.10850977511317507
502,BTNL9,2.019103,,0.04347650159185975,0.1089636631374931
503,PGM5,2.0112298,,0.0443011835300344,0.11089157329170062
504,FCER1G,2.0046856,,0.04499665366567357,0.11235119517022114
505,EMCN,2.0029442,,0.04518326647407439,0.11267647499769175
506,LINC01748,1.992589,,0.04630647119899284,0.11533367670982027
507,SLC27A6,1.982186,,0.04745842842785899,0.11790913895120245
508,ABI3,1.9711896,,0.04870218672583662,0.12069934752375866
509,EPSTI1,1.9179409,,0.05511851241540023,0.13526015316662635
510,NAMPT,1.9106764,,0.0560461861647663,0.13731440912026693
511,THBD,1.9103129,,0.05609293612562904,0.13731440912026693
512,AIF1,1.9096049,,0.05618409976782306,0.13736943708514196
513,TSHZ2,1.9084879,,0.0563281833079908,0.13755356119167475
514,DHRS3,1.9001907,,0.05740809406443659,0.13984919382323166
515,CD69,1.8897133,,0.05879631165453975,0.142882895879805
516,LY96,1.8848046,,0.05945622814675913,0.14431123336592022
517,ENPEP,1.8829423,,0.059708178450842773,0.14474709927477036
518,LSP1,1.8814553,,0.05991001795022878,0.14506057615067502
519,SYTL4,1.8805897,,0.060027756865605186,0.14516990777655428
520,CARD11,1.8761935,,0.06062870750823872,0.1464461534015428
521,GADD45G,1.8680423,,0.06175617366960749,0.14894023496057449
522,TMIGD3,1.8676548,,0.06181019750863841,0.14894023496057449
523,S100Z,1.8544286,,0.063677855376741,0.15325596961911192
524,MSC-AS1,1.8498166,,0.06433998963200875,0.15466343661540566
525,ITGA4,1.8474091,,0.06468786549566156,0.155313002390544
526,PRAM1,1.8371096,,0.06619372691786757,0.15873795423949058
527,SPI1,1.8343688,,0.06659926799322752,0.15951920477419765
528,KCNN3,1.8283205,,0.06750146195609637,0.16110134118400088
529,HLA-C,1.8201373,,0.06873810927213587,0.16377125514533897
530,DNAJB1,1.8180814,,0.06905169374229397,0.1640182749223135
531,HLA-E,1.8042451,,0.07119288927929662,0.1687035290978593
532,LILRB4,1.802405,,0.07148170116063764,0.16918745836837312
533,ATP6V0D2,1.7950604,,0.07264407295378987,0.17173539705387678
534,CASP1,1.7929945,,0.07297380723726765,0.17231123314585042
535,GPR65,1.7881336,,0.07375445436081458,0.17394918481324195
536,SASH3,1.7806925,,0.0749627070967038,0.17659059386738235
537,SYNE2,1.772638,,0.07628872124771323,0.17929194182776317
538,FGL2,1.7693447,,0.07683636755472759,0.18036705998762345
539,AC019197.1,1.7348605,,0.08276550471195136,0.19315170294504402
540,ALOX15B,1.717629,,0.08586430804804317,0.19991689883129957
541,MS4A4A,1.7156863,,0.086219475545027,0.20051040824424884
542,LINC01268,1.7124197,,0.08681933921940826,0.2016709389533293
543,SLCO4A1,1.7098321,,0.08729693756715384,0.202545098763698
544,SLC2A1,1.706037,,0.08800118154339767,0.20394248329871997
545,LST1,1.7003757,,0.08906028473781939,0.20615806652273008
546,CYTIP,1.6951728,,0.09004265697230103,0.2077508391823872
547,RGS2,1.6751844,,0.09389805697801673,0.2161059999494056
548,PSTPIP2,1.6742738,,0.09407679882539002,0.21626850304687362
549,CIITA,1.6625553,,0.09640146905953298,0.22110428683379124
550,PRKCD,1.655445,,0.09783425755859564,0.22387701958488704
551,ITGAX,1.6539491,,0.09813784861408108,0.22431508254647103
552,UNC93B1,1.6511391,,0.09871016622878809,0.2251087029162784
553,FGR,1.61358,,0.10661855193865409,0.24259056186269418
554,ADM,1.6099421,,0.1074105067197513,0.24411478799943478
555,FSTL5,1.6027294,,0.1089943984717402,0.24743336769975072
556,TNFAIP3,1.5964577,,0.11038662704066865,0.24989366212805766
557,THSD7A,1.5961603,,0.11045299866060149,0.24989366212805766
558,S100A8,1.594408,,0.11084467363696308,0.25049643759765666
559,AC009975.1,1.5932813,,0.11109710129854883,0.25078352437595675
560,BIN2,1.5834136,,0.1133272224294543,0.25524149195823037
561,LINC01830,1.5813172,,0.11380554302990614,0.2560304680087877
562,MERTK,1.5797771,,0.11415790643465248,0.2562467035570202
563,S100A9,1.566571,,0.11721499206564175,0.2622259330327556
564,BST2,1.5620644,,0.11827280730841387,0.2640018020277095
565,NCF1,1.5601876,,0.11871556458523103,0.264694681349456
566,TMOD3,1.5574065,,0.11937398754644647,0.2657112186337482
567,GPR183,1.5571402,,0.11943719277586982,0.2657112186337482
568,HLA-DMB,1.552748,,0.12048336738968266,0.267740816421517
569,DLEU7-AS1,1.5443393,,0.1225061501087084,0.27193374052987435
570,PLAC8,1.5346515,,0.12486944270323759,0.27625982898946366
571,GCNT2,1.5150932,,0.12974879552830923,0.2857902985205049
572,SYTL3,1.5141345,,0.1299917135762051,0.2860103709047417
573,NCF4,1.4996601,,0.13370246209604983,0.29320715371940753
574,AC008591.1,1.4928049,,0.1354882748915661,0.2964619675419583
575,HMOX1,1.4922587,,0.13563135015044592,0.2964619675419583
576,CYR61,1.4598968,,0.14431845144357858,0.314419284190803
577,IKBKE,1.4450675,,0.14843893402620922,0.32269333483958523
578,FSHR,1.4430205,,0.1490147214599432,0.3235933147881503
579,SAMD3,1.4282575,,0.15321774935131213,0.33199945688258314
580,ZFP36,1.4178625,,0.15623090471258091,0.3381621314125128
581,EBI3,1.4158494,,0.15681959570816031,0.339069396125752
582,S100A11,1.4080365,,0.1591202812952257,0.3433015777674772
583,FAM177B,1.4041052,,0.16028751466791946,0.34544722988775745
584,LINC01446,1.4031925,,0.16055942931146805,0.3456607735446029
585,C12orf75,1.4002302,,0.16144441734645,0.3469244045324421
586,PDGFB,1.3951955,,0.16295690631365545,0.34969293200355245
587,HLA-DQA1,1.3728338,,0.1698040121158606,0.3632171382157446
588,AC004687.1,1.367807,,0.1713725018848936,0.36618055958310597
589,FGF10,1.3619941,,0.17319973928967858,0.3692958193809778
590,MNDA,1.357723,,0.17455160967526961,0.370991731509606
591,PTGS1,1.3563147,,0.17499908479525572,0.3713458508109201
592,PRELP,1.3560302,,0.17508956865734882,0.3713458508109201
593,GPRIN3,1.3498186,,0.1770741817100273,0.3747601729312747
594,RREB1,1.348304,,0.17756062994120292,0.3753924523069829
595,DENND2D,1.345684,,0.17840444367037833,0.3763806828488995
596,SIGLEC10,1.3413022,,0.1798223575724177,0.3787709024615323
597,MILR1,1.3410132,,0.17991617866922782,0.3787709024615323
598,IKZF3,1.3379961,,0.18089768238986603,0.38043676632989704
599,ACTA2,1.3218188,,0.18622847927650166,0.3893470884381547
600,FRMD3,1.3215964,,0.18630258181765702,0.3893470884381547
601,AL162414.1,1.3180616,,0.18748301343113827,0.391405038478368
602,CEACAM21,1.3024639,,0.19275784973235954,0.40074397033754583
603,IER3,1.2895135,,0.19721965445746048,0.4091235681299569
604,AC103591.3,1.2870089,,0.19809119763037764,0.4101267031684837
605,RUNX3,1.2833642,,0.19936450387083315,0.4119101319645313
606,ARHGAP30,1.2741662,,0.20260453100511744,0.4173110834296961
607,BCL2A1,1.2715634,,0.20352829871546818,0.41799932493785746
608,CCR1,1.2571638,,0.2086943560267419,0.42765236890725805
609,ATF3,1.2539649,,0.20985475398077624,0.42959007979688074
610,CX3CR1,1.2533194,,0.2100895167287884,0.4296309135558045
611,LINC01470,1.2506646,,0.21105685849501754,0.43116825024518396
612,HIST1H2BJ,1.2429999,,0.21386787679685826,0.43626427212635455
613,AC084871.2,1.2405744,,0.21476304581271177,0.43739927864096084
614,RHOH,1.2235656,,0.2211161546109055,0.44896681139270156
615,SLC7A1,1.2165859,,0.22376180754668007,0.4520440556498587
616,XACT,1.2061644,,0.22775411024284253,0.45918167387669867
617,ARHGDIB,1.1975306,,0.23109977959379602,0.46545776353231827
618,TC2N,1.1861221,,0.23557409731856727,0.47351577350465784
619,MX2,1.1837019,,0.2365311105482958,0.4744856781309845
620,ACPP,1.161514,,0.24543292975584752,0.4903754840276674
621,CD84,1.1577404,,0.24696999496782546,0.4929540817721067
622,SNTG2,1.1544477,,0.2483166558953449,0.4951478681861315
623,BANK1,1.1466044,,0.2515451530208168,0.5007498645949188
624,ETV6,1.1375182,,0.25532173690655324,0.5070938170934524
625,LINC01736,1.1265482,,0.2599335690076967,0.5147199386291024
626,SVIL,1.1196227,,0.26287458873929304,0.5195149975084843
627,NPNT,1.1101164,,0.2669489013090327,0.5260076873084388
628,BHLHE41,1.108717,,0.267552301742212,0.526677759335063
629,MYO16,1.1073188,,0.268156144350141,0.5273473831861181
630,CPA6,1.105513,,0.2689373582796172,0.5283641616495426
631,NEFM,1.0992447,,0.27166131664091453,0.5327537503460095
632,EGR1,1.0921625,,0.2747616973654208,0.5377704209628336
633,MECOM,1.0920738,,0.27480068511200795,0.5377704209628336
634,ITGA8,1.0871185,,0.27698446524356546,0.5409852836788388
635,AC008691.1,1.0824611,,0.2790476721151409,0.5438352118596363
636,NFATC1,1.0769993,,0.28148056902654384,0.5476275661995016
637,DAPP1,1.0763141,,0.2817868309242698,0.5476906334776868
638,ZNF710,1.0694535,,0.2848654050534959,0.5531367088417396
639,AC073332.1,1.0631926,,0.28769460930112145,0.5575476924440338
640,IRF5,1.0600188,,0.28913604079187727,0.5592573322860295
641,PIK3CG,1.0512702,,0.29313448973556,0.5664434584262029
642,ATF5,1.0353554,,0.3005029529761821,0.5795621079579212
643,PRDM6,1.0309105,,0.3025828110121156,0.5826011274152445
644,HIST1H2BF,1.0307431,-5.252409,0.3026612856922195,0.5826011274152445
645,GPSM3,1.0300804,,0.30297227506191515,0.582638990503683
646,HSPB3,1.027755,,0.3040651033680003,0.5841788729452456
647,LINC02513,1.0158448,-4.8805137,0.3097032965154648,0.593877319126813
648,CLECL1,1.015837,,0.30970702192463295,0.593877319126813
649,EYS,1.011632,,0.31171403290791777,0.5968788268290446
650,BATF,0.980521,,0.32682898396855664,0.624912015236246
651,LINC01480,0.9795557,,0.32730547796892007,0.6252253638374787
652,PLA2G7,0.9774533,,0.32834477779097104,0.6266121713568149
653,C3AR1,0.96978134,,0.33215550754988954,0.6314743489541625
654,LAMA3,0.9658713,,0.3341085883398478,0.634584213371031
655,CCL4,0.964627,-4.6208525,0.3347316555301013,0.6346560723749427
656,CXorf21,0.9630207,,0.3355371512397124,0.6354870288630916
657,GIMAP4,0.9529298,,0.34062565268712464,0.6432967944988189
658,RAC2,0.939426,,0.34751205375013594,0.6545678044992791
659,LINC02391,0.93602633,,0.34925962531512533,0.657120649699201
660,AP001636.3,0.93338996,,0.35061866146995624,0.659057634342023
661,SIGLEC8,0.9268134,,0.354023418447157,0.663586538795046
662,PRDM1,0.9239281,,0.35552376829730814,0.6657748469987044
663,FRRS1,0.91944724,,0.3578616935010811,0.6689003616842637
664,AC012150.1,0.9179061,,0.35866801871053566,0.6697815475453515
665,AC128685.1,0.91249025,,0.3615106878169263,0.6744602384644147
666,MAML3,0.90081763,,0.36768529333740696,0.6853407145152041
667,PODXL,0.8996037,-0.5918272,0.3683311881071165,0.6856815206393287
668,TGFBI,0.8991567,-2.026882,0.3685691989062362,0.6856815206393287
669,DUSP2,0.8958503,,0.37033271823282254,0.6877116401723724
670,ABCB1,0.8921885,-3.9854562,0.3722919124221905,0.6907085573695556
671,CLIC1,0.8853857,,0.3759486554415866,0.6968464419677232
672,CLEC1A,0.8771934,-4.421336,0.38038159005570193,0.7037587235073116
673,ALOX5AP,0.87195635,,0.38323219919338924,0.7077233595445785
674,AC138305.1,0.86921483,,0.3847296346915575,0.7091790501226867
675,CCL4L2,0.86847365,-2.2358625,0.38513508733380564,0.7092727206884081
676,ARHGAP24,0.8657253,,0.38664082804342104,0.7113906679731758
677,HIST1H1D,0.8635359,,0.38784288689409674,0.7122918032949436
678,STOM,0.85372335,,0.3932582879317461,0.7209134517538884
679,SLC7A7,0.85269374,,0.39382917253077254,0.721018444249976
680,ENG,0.85220516,,0.39410024577297087,0.721018444249976
681,RGS10,0.8512621,,0.3946237649181369,0.721018444249976
682,CH25H,0.8510212,,0.39475759822686185,0.721018444249976
683,CALCRL,0.84139043,,0.400129246436532,0.7294972587721642
684,WAS,0.83223474,,0.4052764613835256,0.7361970234033163
685,CD48,0.82805055,-2.8969243,0.40764186603079,0.7398218984224864
686,KLF2,0.8240196,,0.40992843013880254,0.7432972441320083
687,SLFN12L,0.82210016,-4.0317974,0.4110198982957236,0.7446012650284848
688,LINC01146,0.8212634,,0.4114962533238009,0.7447895987761103
689,PTGDR,0.8173484,-2.6548555,0.4137293481628307,0.7481543366416468
690,LTBP1,0.8003855,,0.42348750555136905,0.762353745367001
691,IL4I1,0.7976522,,0.42507237369293915,0.7643060545503263
692,DHRS9,0.7893491,,0.4299080203654019,0.769862921528059
693,CHRNA7,0.7842572,,0.4328892324838297,0.7723269089809629
694,KIT,0.7828433,,0.43371914154935787,0.7731178993749693
695,ZNF385D,0.78070486,,0.43497610969578215,0.7739788428750571
696,AC092957.1,0.76649314,-3.0317838,0.44338294475193674,0.7875363139466017
697,MGP,0.7657285,-2.3961673,0.44383788029216675,0.7876448629852116
698,TLR7,0.7570579,,0.4490151543578934,0.7961261602090309
699,ACER2,0.7539984,,0.45085017909154523,0.7979649187460979
700,IGKC,0.7526361,-2.7751973,0.451668648178445,0.798706716495924
701,GIMAP8,0.7447933,,0.45639668514913845,0.8049324253071225
702,AC090833.1,0.7439096,,0.4569311604088139,0.805165040367954
703,TNFSF10,0.7390058,,0.4599034643274398,0.8087575539498455
704,KCNMB1,0.738716,,0.46007945319726107,0.8087575539498455
705,TNFRSF10B,0.73363173,,0.4631732022541979,0.8132979846430165
706,TNFRSF10A,0.73103106,,0.4647601875579005,0.8146541412057853
707,CARTPT,0.72972786,-2.1611211,0.465556562604738,0.8153354861729213
708,DCN,0.727195,-4.0387444,0.4671064785717288,0.8165344912450121
709,PYHIN1,0.72071654,-2.4044325,0.4710839194331101,0.820703692392178
710,SLC15A3,0.7172717,,0.47320649002777715,0.8215390451871132
711,PLCH1,0.7034644,,0.48176639411791655,0.8327854695210312
712,HLA-B,0.7017758,,0.4828189947279432,0.8338842741415254
713,COL11A1,0.697849,,0.4852716407627967,0.8373971367779063
714,TFRC,0.6950222,,0.48704138442359435,0.8397265248682662
715,LINC02388,0.69133633,-2.4017558,0.48935419332701746,0.8429874131387036
716,PTGER4,0.68997246,-2.9915721,0.49021150107356026,0.8437375233624101
717,RGS18,0.68647224,,0.49241536419204956,0.8460101234769202
718,STX11,0.6843653,-2.7960668,0.49374453958356423,0.8465607935289177
719,DTHD1,0.684011,,0.49396822302412347,0.8465607935289177
720,AC012409.2,0.6726041,-1.7811751,0.5011991890259972,0.8567507504717902
721,CFH,0.6669481,-2.118917,0.5048053046334195,0.8614424993744362
722,C5AR2,0.66343164,,0.5070541574206731,0.8645424678954357
723,HIST1H2BH,0.6626521,-1.9002123,0.5075533941988652,0.8646565488907415
724,TAGAP,0.6501795,-3.6009138,0.5155762701237578,0.8768303913669352
725,GNA13,0.6478404,,0.5170882007435006,0.8779086600059434
726,CLEC19A,0.6454886,-3.5660806,0.5186105814103931,0.8797465333509636
727,DUSP5,0.6360353,,0.5247533974347189,0.887157053989381
728,AL645608.8,0.63113856,-2.1042287,0.527949909666626,0.8918072798422737
729,NXN,0.6293439,,0.5291239170042548,0.8922831652685578
730,CYYR1,0.6224627,-2.9275916,0.5336376569706637,0.8987667793459684
731,LINC01931,0.61709476,,0.5371722311823619,0.9012956899032918
732,ID3,0.6156076,,0.5381535175333938,0.902185276669562
733,STK32A,0.6146318,,0.5387979161534171,0.9025090722837807
734,TMEM71,0.60994494,-3.1690512,0.5418983001628881,0.9069427617788921
735,CD2,0.607361,-1.7122543,0.5436113670124685,0.9090491087165025
736,SINHCAF,0.6066427,,0.5440880484797024,0.9090861294564785
737,PRF1,0.6042061,-1.7367076,0.5457066406685545,0.9110294501979207
738,MT1H,0.5981328,-2.005214,0.5497513211370544,0.9170163822136019
739,LINC02381,0.5972581,-2.28705,0.5503350849226385,0.9172251415377308
740,CD4,0.5893377,,0.5556347678492186,0.9245170846076849
741,NXPH1,0.58614784,,0.557776158660907,0.9271224574530915
742,MORC1,0.58562475,-2.1583085,0.5581277193867611,0.9271224574530915
743,PECAM1,0.57788503,,0.5633417552419642,0.9334577551648121
744,LINC01591,0.563563,-2.0021565,0.5730515641604668,0.9465747381537483
745,RXFP1,0.5630046,,0.5734317499057012,0.9465747381537483
746,LMO2,0.55710936,,0.5774527338397621,0.9497019235374783
747,CD36,0.5537959,,0.5797185528853381,0.950602117620906
748,ADGRV1,0.55357856,,0.5798672917487526,0.950602117620906
749,CFAP47,0.5523788,,0.580688876904724,0.9511693315392694
750,CLEC17A,0.5508306,-1.7611667,0.5817498126048459,0.9521273528720883
751,KANK3,0.5479632,-2.0604284,0.5837171882213397,0.9545661295524769
752,RGS5,0.54335356,0.86882854,0.586886390736955,0.9589646907466586
753,CLEC9A,0.54046917,-1.9767596,0.5888735160017438,0.9614261485742754
754,ANXA1,0.5329238,-1.6370318,0.594086296596123,0.9683558216725721
755,TXK,0.52669436,-1.5718405,0.5984058746299417,0.9738216882910897
756,AC007100.1,0.51811403,-2.1348865,0.6043787142942276,0.9815893722661135
757,AL390957.1,0.51771224,,0.604659053315926,0.9815893722661135
758,KCNE4,0.51666886,-5.280144,0.6053873284992655,0.9819745798852643
759,KCNQ1,0.51216877,,0.6085328984837535,0.9850675836660591
760,ADAMTSL2,0.5099487,,0.6100874234344056,0.9863984210742207
761,S100A4,0.50898904,-1.4750981,0.6107598997942341,0.9866880449018322
762,HPGDS,0.5078125,,0.6115848335094858,0.9872232986432377
763,AC018742.1,0.5031966,-1.2662172,0.6148260505605732,0.9908558429662742
764,FAM149A,0.5010515,,0.6163348906673585,0.9921580446418233
765,COL8A1,0.49984613,-2.6082716,0.6171834197951593,0.9921580446418233
766,FPR3,0.49852443,-1.5060031,0.6181144618118559,0.9921580446418233
767,CD7,0.4911987,-1.3634245,0.6232859305387554,0.995037378331944
768,NKG7,0.4899525,-1.4317187,0.6241675029814049,0.995037378331944
769,NALCN-AS1,0.48796764,,0.6255727600132579,0.9961349681739775
770,HLA-DOA,0.48270097,-1.4416914,0.6293080615230029,0.9997127610330623
771,ARRDC5,0.48130926,-1.4227595,0.6302967219411926,0.9997127610330623
772,ODF3B,0.47349188,-1.5734352,0.6358622946758437,0.9997127610330623
773,AC024084.1,0.47021964,-1.8342646,0.6381981111435822,0.9997127610330623
774,LINC00861,0.46732855,-1.3428214,0.6402648266990301,0.9997127610330623
775,ESAM,0.46657917,-1.3734006,0.640800987263356,0.9997127610330623
776,IFI27,0.46309745,-1.8737609,0.6432945146695772,0.9997127610330623
777,IL7R,0.45844626,-1.4360483,0.6466318678983363,0.9997127610330623
778,TNFSF8,0.43527058,-1.6979536,0.663366046675506,0.9997127610330623
779,CMKLR1,0.43510193,,0.6634884515889736,0.9997127610330623
780,EGFL7,0.43377867,,0.664449170872295,0.9997127610330623
781,SP140,0.431918,,0.6658010113145668,0.9997127610330623
782,LINC02432,0.43005523,-1.4286609,0.6671554651318965,0.9997127610330623
783,IGLC3,0.42619044,-1.8013562,0.6699690957224727,0.9997127610330623
784,CCL3,0.4260296,-1.3680732,0.6700862806272656,0.9997127610330623
785,AC006305.1,0.4232902,-1.7323117,0.6720835474089006,0.9997127610330623
786,SLAMF6,0.42103976,-1.1574974,0.6737260477288948,0.9997127610330623
787,RHCG,0.41738272,,0.6763984983421296,0.9997127610330623
788,ZAP70,0.4155829,-1.6579213,0.6777152424343245,0.9997127610330623
789,ABI3BP,0.4146122,,0.6784258057550063,0.9997127610330623
790,SUSD3,0.41080597,-2.3400736,0.6812148120100227,0.9997127610330623
791,PLAUR,0.39484176,,0.6929596826677116,0.9997127610330623
792,AC078845.1,0.39265504,-3.0564737,0.6945742857111867,0.9997127610330623
793,LINC01091,0.3922901,-0.83004755,0.694843897092798,0.9997127610330623
794,HIST1H3H,0.38862348,-1.1683385,0.6975546912338986,0.9997127610330623
795,LILRA2,0.38836843,-1.7101225,0.6977434160598022,0.9997127610330623
796,GPR174,0.3872209,-1.15652,0.6985926971554131,0.9997127610330623
797,APLNR,0.38369814,-1.2449428,0.7012021957046659,0.9997127610330623
798,FCAR,0.37540075,-1.0658573,0.707362441322325,0.9997127610330623
799,PLVAP,0.37248316,-1.8253423,0.7095331410901339,0.9997127610330623
800,PARP15,0.37063587,-1.3175681,0.7109087746502845,0.9997127610330623
801,CD96,0.36655185,,0.7139533384582746,0.9997127610330623
802,AC079380.1,0.36645797,-1.0356196,0.7140233658710016,0.9997127610330623
803,FCGR2B,0.364028,-1.0451732,0.7158370871501905,0.9997127610330623
804,PENK,0.36234134,-0.84101003,0.7170969707269312,0.9997127610330623
805,ITPR3,0.36015502,-1.254624,0.7187312197735547,0.9997127610330623
806,U62317.5,0.35971773,-1.0588121,0.7190582242818002,0.9997127610330623
807,AC090531.1,0.35836816,-2.4807007,0.7200678110295059,0.9997127610330623
808,ST8SIA6,0.3558974,-6.8922343,0.7219174155745173,0.9997127610330623
809,GIMAP7,0.34262562,-1.0148735,0.7318801211821675,0.9997127610330623
810,TBC1D10C,0.34239992,-1.1515039,0.7320499383445572,0.9997127610330623
811,VWF,0.3413701,0.5243366,0.7328249763395713,0.9997127610330623
812,ATP2A3,0.3353224,-1.331879,0.7373818975422112,0.9997127610330623
813,HBB,0.33526823,-1.0431763,0.737422764985911,0.9997127610330623
814,SLC16A12,0.3346024,-0.9165514,0.737925034648026,0.9997127610330623
815,MYRFL,0.33369926,,0.7386065156377655,0.9997127610330623
816,CA1,0.3315047,-0.9469716,0.7402632801908302,0.9997127610330623
817,GBP5,0.32979876,-1.0454143,0.7415520200222783,0.9997127610330623
818,TRGC2,0.32785663,-0.89566153,0.7430200656718716,0.9997127610330623
819,ZNF804B,0.3268184,,0.7438052338510435,0.9997127610330623
820,ZC3HAV1,0.32086343,,0.7483138934491946,0.9997127610330623
821,GCH1,0.31934083,,0.7494680870627868,0.9997127610330623
822,BMP5,0.31416097,-0.9170109,0.753398790072604,0.9997127610330623
823,MEP1A,0.30772978,-0.88626015,0.7582879497419003,0.9997127610330623
824,SLAMF7,0.30475554,-0.9336429,0.7605523457200978,0.9997127610330623
825,IL1A,0.3039573,-0.8999036,0.7611604081433762,0.9997127610330623
826,MLKL,0.30340368,,0.7615822436664664,0.9997127610330623
827,CST7,0.30205485,-0.8828635,0.7626102372115378,0.9997127610330623
828,IL18RAP,0.2891204,-0.8888323,0.7724892372060174,0.9997127610330623
829,CD3E,0.28730533,-0.85821354,0.7738785398494117,0.9997127610330623
830,TENM1,0.28448486,,0.7760388422059795,0.9997127610330623
831,CCL5,0.28018126,-0.73703074,0.7793384515056285,0.9997127610330623
832,CCL3L1,0.2794666,-0.75475204,0.7798867742884592,0.9997127610330623
833,CTGF,0.27711675,-1.545666,0.7816904525606838,0.9997127610330623
834,CCL8,0.2712566,-0.94392866,0.7861936907712799,0.9997127610330623
835,ITGBL1,0.26656494,-0.6515241,0.7898041494368645,0.9997127610330623
836,ICAM2,0.26525372,-0.7004128,0.790814015511109,0.9997127610330623
837,AC025569.1,0.2603833,,0.7945681146170329,0.9997127610330623
838,GZMA,0.25912836,-0.82292837,0.7955362001082873,0.9997127610330623
839,GZMB,0.25838432,-0.8246782,0.7961103126084923,0.9997127610330623
840,MCOLN2,0.2570359,-0.4361654,0.7971510622014959,0.9997127610330623
841,CLMP,0.25527003,,0.7985145359627943,0.9997127610330623
842,CXCL16,0.2550615,,0.7986755831936473,0.9997127610330623
843,LILRB2,0.25435582,-0.66509473,0.7992206729659548,0.9997127610330623
844,FCMR,0.25318044,-0.7764449,0.8001287835662034,0.9997127610330623
845,ITIH5,0.25051296,-0.4582882,0.8021906840320588,0.9997127610330623
846,LINC02506,0.24924313,-0.64936924,0.803172717494543,0.9997127610330623
847,CTSW,0.24726112,-0.80000436,0.80470614253772,0.9997127610330623
848,ADGRG5,0.24715391,-1.0139456,0.8047891156871325,0.9997127610330623
849,MIR646HG,0.23996247,,0.8103593444237708,0.9997127610330623
850,IFI44L,0.23939796,,0.8107970096606278,0.9997127610330623
851,AC092343.1,0.23723757,-0.39637288,0.8124724859673277,0.9997127610330623
852,PTGER2,0.23664215,-0.70133084,0.81293441416433,0.9997127610330623
853,GPR17,0.23607859,,0.8133716852431557,0.9997127610330623
854,LINC00499,0.2337715,,0.8151623781752345,0.9997127610330623
855,NEFL,0.23328291,,0.8155417271587028,0.9997127610330623
856,MAFF,0.23259991,,0.816072088310092,0.9997127610330623
857,KLRF1,0.2321739,-0.70852965,0.8164029400595493,0.9997127610330623
858,JAML,0.23205982,-0.7011967,0.8164915481011221,0.9997127610330623
859,VCAM1,0.23159853,-0.7211644,0.8168498566999757,0.9997127610330623
860,CXCL1,0.23121734,-0.69777906,0.8171459569622721,0.9997127610330623
861,TRBC1,0.22843349,-0.7586768,0.8193092556981428,0.9997127610330623
862,TFPI,0.2283152,-0.4871165,0.819401202763853,0.9997127610330623
863,AGMO,0.22805098,,0.8196066096118744,0.9997127610330623
864,CXCL8,0.22709651,-0.7222618,0.8203486985168778,0.9997127610330623
865,KLF6,0.22516525,,0.8218507221848091,0.9997127610330623
866,P2RY8,0.22398967,-1.0795274,0.8227653434758687,0.9997127610330623
867,LY9,0.22298521,-0.6870241,0.8235470145647252,0.9997127610330623
868,STC1,0.22291538,-0.55855227,0.8236013594715114,0.9997127610330623
869,AL136987.1,0.2218497,-0.7177276,0.8244308923016388,0.9997127610330623
870,COL1A2,0.21768917,-0.6286137,0.8276712958332751,0.9997127610330623
871,FCRL3,0.21629305,-0.7007901,0.8287593222190667,0.9997127610330623
872,C7,0.2124313,-0.5074498,0.8317705698024394,0.9997127610330623
873,LINC00278,0.21069807,,0.8331228818528622,0.9997127610330623
874,GRAP,0.21046971,-0.5831395,0.8333010935047873,0.9997127610330623
875,IQGAP2,0.20940554,,0.834131669643883,0.9997127610330623
876,NCR1,0.2086447,-0.6981005,0.8347256049134797,0.9997127610330623
877,HOTAIRM1,0.2074096,-0.61934644,0.8356899823093789,0.9997127610330623
878,PDCD1,0.2072543,-0.6521151,0.8358112545666043,0.9997127610330623
879,SH2D2A,0.20667759,-0.5905586,0.8362616646718912,0.9997127610330623
880,HLA-DRB5,0.2063731,-1.9175518,0.8364994814170533,0.9997127610330623
881,LINC01426,0.19988756,-0.5541272,0.841568523150746,0.9997127610330623
882,GRAP2,0.19887586,-1.2681184,0.8423598589377312,0.9997127610330623
883,EOMES,0.19781607,-0.6548916,0.8431889699685033,0.9997127610330623
884,OSM,0.19625397,-0.62781686,0.8444113858763465,0.9997127610330623
885,AP001267.2,0.1921816,-0.6139259,0.8475999618463789,0.9997127610330623
886,CASP10,0.18992506,-3.3336952,0.8493678570593421,0.9997127610330623
887,CLDN5,0.18961924,-0.21246871,0.8496075111028039,0.9997127610330623
888,LINC01141,0.18839024,,0.8505707523115085,0.9997127610330623
889,LCP1,0.1883788,,0.8505797248728681,0.9997127610330623
890,AC079015.1,0.18679589,-4.340861,0.8518206663911495,0.9997127610330623
891,MSR1,0.1856804,,0.8526953940551176,0.9997127610330623
892,P2RY12,0.18488753,,0.8533172535878248,0.9997127610330623
893,GZMH,0.18457636,-0.6007489,0.8535613239700608,0.9997127610330623
894,ANO9,0.18445522,-0.57187134,0.8536563520990191,0.9997127610330623
895,FOXC1,0.18432817,-0.48022565,0.8537560216779896,0.9997127610330623
896,AC004704.1,0.18394412,-0.46354485,0.8540572894095425,0.9997127610330623
897,IGHGP,0.18385789,-0.9101775,0.8541249391401287,0.9997127610330623
898,VNN2,0.18331341,-0.5189698,0.8545521150621264,0.9997127610330623
899,CD3G,0.1818093,-0.62887114,0.8557323835644413,0.9997127610330623
900,LAMA4,0.18179251,,0.8557455593670579,0.9997127610330623
901,GRIN3A,0.17335491,,0.8623724609385364,0.9997127610330623
902,LINC01907,0.17041177,-0.4979556,0.8646863227596394,0.9997127610330623
903,GZMK,0.16749054,-0.6408715,0.8669840838867366,0.9997127610330623
904,AC087672.2,0.16649202,-3.2495716,0.8677697712699921,0.9997127610330623
905,NUGGC,0.1639741,-0.5014751,0.8697515306929084,0.9997127610330623
906,XIRP1,0.16332106,-0.61916316,0.8702656489639586,0.9997127610330623
907,CXCL2,0.1623893,-0.53353417,0.8709992973515224,0.9997127610330623
908,LCK,0.16208996,-0.5162183,0.8712350077397478,0.9997127610330623
909,ITGA5,0.16177155,,0.8714857536500626,0.9997127610330623
910,IL6,0.15986834,-0.52546656,0.8729847885732772,0.9997127610330623
911,SLC6A20,0.1591262,-0.7947707,0.8735694399351377,0.9997127610330623
912,UBASH3A,0.1584974,-0.5212648,0.8740648695343463,0.9997127610330623
913,AC147651.3,0.1581601,-0.53593045,0.8743306421792465,0.9997127610330623
914,TENT5C,0.15631717,-0.6776733,0.8757830205939227,0.9997127610330623
915,NPY,0.15319546,-0.4033858,0.8782441454821839,0.9997127610330623
916,LINC02172,0.1511873,-0.47911558,0.8798279630230532,0.9997127610330623
917,ICOS,0.15044841,-0.53028584,0.8804108437768154,0.9997127610330623
918,EGR3,0.14865395,,0.8818267019883604,0.9997127610330623
919,TDRD10,0.14698692,-1.6234763,0.8831423466205521,0.9997127610330623
920,PMAIP1,0.14664122,-0.47787738,0.8834152124695863,0.9997127610330623
921,AL021807.1,0.14628829,-0.52044463,0.8836938149414734,0.9997127610330623
922,PARVB,0.14089324,,0.8879542876644491,0.9997127610330623
923,HOXB3,0.14036383,-0.4614988,0.888372541623828,0.9997127610330623
924,GFI1,0.13897933,-0.4772321,0.8894664788804696,0.9997127610330623
925,GADL1,0.13864814,-0.49997813,0.8897281988848401,0.9997127610330623
926,HTR2C,0.1365385,,0.8913955879812476,0.9997127610330623
927,ZBP1,0.1355951,-0.39135244,0.8921413795057276,0.9997127610330623
928,SLFN13,0.13381094,-0.37009755,0.8935520831603111,0.9997127610330623
929,MMP19,0.13340095,-0.37305477,0.8938762970979659,0.9997127610330623
930,DACH1,0.1332796,,0.893972252136271,0.9997127610330623
931,TES,0.13255294,-0.37195975,0.8945469586848548,0.9997127610330623
932,TM4SF18,0.13209735,-0.350638,0.8949072912789564,0.9997127610330623
933,TIGIT,0.12999058,-0.42532694,0.8965738840479779,0.9997127610330623
934,CD3D,0.12919502,-0.5104679,0.8972033332314506,0.9997127610330623
935,LAG3,0.12648635,-0.41398647,0.8993469621987277,0.9997127610330623
936,Z98257.1,0.12646134,-0.38760716,0.8993667441602785,0.9997127610330623
937,IGHG2,0.123995714,-0.5429314,0.9013186684264252,0.9997127610330623
938,DOK2,0.123995714,-0.44358718,0.9013186684264252,0.9997127610330623
939,LINC00944,0.12288328,-0.2565856,0.9021995261059893,0.9997127610330623
940,CXCR6,0.122245885,-0.44582438,0.902704287267632,0.9997127610330623
941,RAB42,0.12206293,-0.34868956,0.9028491810888716,0.9997127610330623
942,IL2RB,0.12198776,-0.36763936,0.9029087108753053,0.9997127610330623
943,TNFSF15,0.12165638,-0.3930371,0.9031711621478444,0.9997127610330623
944,LINC02196,0.12037129,,0.9041890350076948,0.9997127610330623
945,C2CD4B,0.11740238,-0.39922315,0.9065411987042179,0.9997127610330623
946,AC003991.1,0.116606444,,0.9071719279964836,0.9997127610330623
947,FOXD1,0.115758434,-0.34312186,0.907843994246224,0.9997127610330623
948,MS4A14,0.11527443,-1.0171566,0.9082276081201857,0.9997127610330623
949,ADGRD1,0.11398533,-1.7322304,0.9092494225652673,0.9997127610330623
950,LINC01871,0.113553405,-0.43840176,0.9095918253167401,0.9997127610330623
951,GATA3,0.112524725,-0.40036905,0.9104073679317394,0.9997127610330623
952,TRGC1,0.11251709,-0.37907898,0.9104134183049615,0.9997127610330623
953,TBX3,0.11051658,-0.28775772,0.9119997017911222,0.9997127610330623
954,COL6A2,0.110185005,-0.75488394,0.9122626540881412,0.9997127610330623
955,PKP2,0.1088299,,0.9133374085160596,0.9997127610330623
956,SKAP1,0.1073525,-2.090807,0.9145093331565024,0.9997127610330623
957,ADCY4,0.10538194,-0.3097628,0.9160727431092395,0.9997127610330623
958,TGM2,0.105343595,-0.34270495,0.91610316995291,0.9997127610330623
959,CXCL11,0.10515778,-0.519859,0.9162506132140538,0.9997127610330623
960,CTLA4,0.10448795,-0.39384696,0.9167821291733046,0.9997127610330623
961,LIPG,0.101886675,-0.36185297,0.9188466267850045,0.9997127610330623
962,IL32,0.101488136,-0.2882605,0.9191629743738292,0.9997127610330623
963,IRF4,0.101134434,-0.3063835,0.9194437454707758,0.9997127610330623
964,MLPH,0.10067656,-0.35716528,0.9198072181126306,0.9997127610330623
965,FCRL6,0.10032896,-0.38289326,0.9200831656189867,0.9997127610330623
966,MZB1,0.09965265,-0.3755812,0.9206200943251586,0.9997127610330623
967,ACAN,0.09891853,,0.9212029566205352,0.9997127610330623
968,LPL,0.098137096,,0.9218234303459119,0.9997127610330623
969,SERPINB9,0.0976094,,0.9222424588293658,0.9997127610330623
970,FCRL5,0.09681748,-0.48993126,0.9228713450045466,0.9997127610330623
971,TBX21,0.09661296,-0.32213303,0.9230337633532711,0.9997127610330623
972,IFNG,0.09645881,-0.4329482,0.9231561852748429,0.9997127610330623
973,SLAMF1,0.09583229,-0.28599432,0.9236537703034622,0.9997127610330623
974,FFAR3,0.09475916,-0.31581602,0.9245061282169762,0.9997127610330623
975,GPR34,0.092291236,,0.9264666514092437,0.9997127610330623
976,LILRA4,0.0919795,-0.3019082,0.9267143252670628,0.9997127610330623
977,OSR1,0.0895877,-0.31525043,0.9286148579142333,0.9997127610330623
978,FENDRR,0.08894134,-0.24714461,0.9291285283807279,0.9997127610330623
979,INSRR,0.087478064,-0.30285984,0.9302915215894132,0.9997127610330623
980,SLC12A7,0.086174466,,0.9313277269288515,0.9997127610330623
981,LINC02100,0.08596728,-0.66669255,0.9314924265577434,0.9997127610330623
982,PLD4,0.08596118,-0.67654717,0.93149727963001,0.9997127610330623
983,JCHAIN,0.082952015,-0.3168421,0.9338896957104597,0.9997127610330623
984,MKI67,0.07941878,-0.30717686,0.9366995318298306,0.9997127610330623
985,ANGPTL5,0.078067295,0.27418682,0.937774519717399,0.9997127610330623
986,FER1L6,0.07689019,-0.12949136,0.9387109017657956,0.9997127610330623
987,AC068992.1,0.07679175,-0.025288453,0.9387892156948656,0.9997127610330623
988,LINC00243,0.07612974,-0.22749598,0.9393158770304201,0.9997127610330623
989,MARCO,0.07596529,-0.2682738,0.9394467117233136,0.9997127610330623
990,TNIP3,0.0754271,-0.22296374,0.9398748956013148,0.9997127610330623
991,IL10,0.075283825,-0.2284758,0.9399888886432407,0.9997127610330623
992,AC009154.1,0.07453139,-0.34393436,0.9405875619790633,0.9997127610330623
993,SIT1,0.071031734,-0.41946176,0.9433724967255585,0.9997127610330623
994,MSN,0.069469064,,0.9446162570529394,0.9997127610330623
995,AC069277.1,0.069445595,-0.5244874,0.9446349349934919,0.9997127610330623
996,GABRE,0.069315866,-0.22748312,0.9447381957016471,0.9997127610330623
997,HMGA1P4,0.067942254,-0.24448691,0.9458316010037673,0.9997127610330623
998,MAT1A,0.06722225,-0.3275422,0.9464047685104433,0.9997127610330623
999,AC093010.2,0.06588909,-0.24837135,0.9474661278398361,0.9997127610330623
1000,TRAT1,0.06421443,-0.20479956,0.9487994898665592,0.9997127610330623
1001,LINC02084,0.063722596,-0.36418685,0.9491911107239099,0.9997127610330623
1002,LRRC32,0.0632033,-0.14846747,0.9496046197662917,0.9997127610330623
1003,TRDC,0.061302945,-0.2910957,0.951117946822897,0.9997127610330623
1004,EDN1,0.060699128,0.5305259,0.9515988272944174,0.9997127610330623
1005,ZNF683,0.059913117,-0.27217245,0.9522248339390856,0.9997127610330623
1006,C7orf71,0.05816329,-0.3087547,0.9536185637437623,0.9997127610330623
1007,NLRP6,0.05785346,-0.19719927,0.9538653533097502,0.9997127610330623
1008,OASL,0.057239916,-0.18505214,0.9543540826241633,0.9997127610330623
1009,IGHA1,0.05641346,-0.38821974,0.9550124354035444,0.9997127610330623
1010,IL1RN,0.054774474,-0.17878942,0.9563181371989656,0.9997127610330623
1011,HIST1H2AI,0.0536338,-0.267256,0.9572269239719358,0.9997127610330623
1012,FCRL1,0.052603975,-0.2621398,0.9580474485985473,0.9997127610330623
1013,GJA4,0.051984515,-0.15297556,0.9585410312845625,0.9997127610330623
1014,PDLIM1,0.051788393,-0.20957203,0.9586973028542753,0.9997127610330623
1015,DSC3,0.050904322,-0.18546298,0.9594017606558786,0.9997127610330623
1016,AC084211.1,0.050494146,-0.2987075,0.9597286131205973,0.9997127610330623
1017,AC106739.2,0.050494146,-0.28358704,0.9597286131205973,0.9997127610330623
1018,TRGV2,0.050494146,-0.29931036,0.9597286131205973,0.9997127610330623
1019,CPAMD8,0.04994394,-0.29635358,0.9601670621175925,0.9997127610330623
1020,MMRN1,0.049754877,-0.19802026,0.9603177247378388,0.9997127610330623
1021,GATA2,0.04924206,-0.16009437,0.9607263909127066,0.9997127610330623
1022,FASLG,0.049104318,-0.2603818,0.9608361608964604,0.9997127610330623
1023,LAX1,0.047764666,-0.17084868,0.961903796018382,0.9997127610330623
1024,PEAR1,0.046147622,-0.100447476,0.9631925902471938,0.9997127610330623
1025,FGFBP2,0.045654837,-0.18865722,0.9635853602887086,0.9997127610330623
1026,CLEC4E,0.045652166,-0.17520952,0.9635874891477851,0.9997127610330623
1027,SMAD6,0.045417316,,0.9637746776983129,0.9997127610330623
1028,PAX5,0.044531338,-0.0663484,0.9644808723767962,0.9997127610330623
1029,HOXC4,0.043590605,-0.13660121,0.9652307404943139,0.9997127610330623
1030,KIR2DL4,0.043185007,-0.23194216,0.9655540555602491,0.9997127610330623
1031,AC113137.1,0.042333752,0.07122421,0.9662326401515816,0.9997127610330623
1032,ADORA2A,0.04143518,-0.33959565,0.9669489673059838,0.9997127610330623
1033,GCSAM,0.04143518,-0.31926844,0.9669489673059838,0.9997127610330623
1034,ADH1B,0.040092092,-0.14089617,0.9680197054245149,0.9997127610330623
1035,AL158850.1,0.039129037,-0.08674705,0.9687875089314886,0.9997127610330623
1036,CXCL10,0.03869845,-0.13564277,0.9691308092445236,0.9997127610330623
1037,AL445070.1,0.038655523,-0.24322903,0.9691650331171444,0.9997127610330623
1038,LINC00676,0.037625697,-0.1686633,0.9699861187271529,0.9997127610330623
1039,FCRL2,0.03623587,-0.17018932,0.9710942847318471,0.9997127610330623
1040,MS4A1,0.034844324,-0.15543258,0.9722038756947189,0.9997127610330623
1041,TDRD15,0.034542512,-0.12817483,0.9724445427129074,0.9997127610330623
1042,CD40LG,0.03448604,-0.17255297,0.9724895729779177,0.9997127610330623
1043,TRGV10,0.03412604,-0.24017328,0.9727766429728191,0.9997127610330623
1044,TRGV7,0.03412604,-0.23945324,0.9727766429728191,0.9997127610330623
1045,FOXF1,0.033142,-0.10805151,0.9735613492710667,0.9997127610330623
1046,P2RY10,0.033096213,-0.16512813,0.973597862019384,0.9997127610330623
1047,CD8B,0.03292661,-0.10637606,0.9737331118060774,0.9997127610330623
1048,ACY3,0.03254257,-0.07950331,0.9740393663581667,0.9997127610330623
1049,CXCL3,0.032510903,-0.12875488,0.9740646215001261,0.9997127610330623
1050,AC020659.1,0.032066386,-0.14751396,0.9744191090563405,0.9997127610330623
1051,AL355310.2,0.031706385,-0.17205289,0.974706202041132,0.9997127610330623
1052,AURKB,0.031402282,-0.12015454,0.9749487198146203,0.9997127610330623
1053,CCR2,0.031346384,-0.18496041,0.9749932983029134,0.9997127610330623
1054,LINC01482,0.030415,-2.5738742,0.9757360816344581,0.9997127610330623
1055,LINC02147,0.029655127,-0.105321646,0.9763421001198671,0.9997127610330623
1056,IL24,0.029596558,-0.25864238,0.9763888111293109,0.9997127610330623
1057,AL353633.1,0.029596558,-0.28626925,0.9763888111293109,0.9997127610330623
1058,MAGEA12,0.029596558,-0.24715438,0.9763888111293109,0.9997127610330623
1059,KIR2DL3,0.029596558,-0.26764324,0.9763888111293109,0.9997127610330623
1060,HIST1H3F,0.029596558,-0.2650983,0.9763888111293109,0.9997127610330623
1061,TRGV9,0.029596558,-0.2588272,0.9763888111293109,0.9997127610330623
1062,CD58,0.029300658,,0.9766248018611148,0.9997127610330623
1063,FOXC2,0.028256904,-0.10328986,0.9774572521629146,0.9997127610330623
1064,PRAME,0.02820673,-0.22274658,0.9774972700486388,0.9997127610330623
1065,KRT72,0.02820673,-0.22730912,0.9774972700486388,0.9997127610330623
1066,HIST1H2BB,0.02820673,-0.21962531,0.9774972700486388,0.9997127610330623
1067,LINC00102,0.02820673,-0.21976656,0.9774972700486388,0.9997127610330623
1068,AREG,0.027362721,-0.12273934,0.9781704310302204,0.9997127610330623
1069,AL663074.1,0.027176902,-0.15842499,0.9783186381070839,0.9997127610330623
1070,OR52K2,0.027176902,-0.1367523,0.9783186381070839,0.9997127610330623
1071,AC096558.1,0.0268169,-0.20150247,0.9786057724231655,0.9997127610330623
1072,PCK1,0.026147075,-0.12619741,0.979140029153894,0.9997127610330623
1073,XCL1,0.026147075,-0.12051852,0.979140029153894,0.9997127610330623
1074,TINAGL1,0.02482383,-0.11606892,0.9801954835647417,0.9997127610330623
1075,IGHM,0.024036484,-0.14678957,0.9808235076830122,0.9997127610330623
1076,HIST2H3D,0.023677245,-0.21651042,0.9811100562188166,0.9997127610330623
1077,LINC00668,0.023677245,-0.2420252,0.9811100562188166,0.9997127610330623
1078,AL139390.1,0.023677245,-0.25688118,0.9811100562188166,0.9997127610330623
1079,AC108477.1,0.023677245,-0.2488328,0.9811100562188166,0.9997127610330623
1080,AC105219.2,0.023677245,-0.26930472,0.9811100562188166,0.9997127610330623
1081,TBX18,0.022537148,-0.095676064,0.9820194795388328,0.9997127610330623
1082,S1PR4,0.022334158,-0.079385206,0.9821814007671247,0.9997127610330623
1083,PGM5-AS1,0.022287417,-0.177615,0.9822186853647012,0.9997127610330623
1084,XCL2,0.022287417,-0.17762025,0.9822186853647012,0.9997127610330623
1085,LINC00557,0.022287417,-0.18395257,0.9822186853647012,0.9997127610330623
1086,TRERNA1,0.022287417,-0.18287016,0.9822186853647012,0.9997127610330623
1087,KIR3DL1,0.022287417,-0.17397071,0.9822186853647012,0.9997127610330623
1088,COL3A1,0.022032347,-0.06798092,0.9824221534222423,0.9997127610330623
1089,HIST1H3J,0.021684365,-0.08119752,0.9826997362188115,0.9997127610330623
1090,AL606469.1,0.021667767,-0.07656917,0.9827129762403288,0.9997127610330623
1091,C19orf33,0.02125759,-0.115921944,0.983040173678052,0.9997127610330623
1092,AC091814.1,0.02089759,-0.15225479,0.9833273488516435,0.9997127610330623
1093,CXCL9,0.02089759,-0.16261062,0.9833273488516435,0.9997127610330623
1094,SLC7A5,0.020887287,,0.9833355669331012,0.9997127610330623
1095,PCAT19,0.020842645,-0.078486025,0.9833711786398408,0.9997127610330623
1096,LINC02446,0.020227764,-0.10748567,0.9838616799753257,0.9997127610330623
1097,HIGD1B,0.018728048,0.08299581,0.9850580536212078,0.9997127610330623
1098,CSAG1,0.018117934,-0.11115547,0.9855447702864433,0.9997127610330623
1099,AC092958.2,0.018117934,-0.120240055,0.9855447702864433,0.9997127610330623
1100,TRBV14,0.017757934,-0.1843741,0.985831963049382,0.9997127610330623
1101,AC126696.2,0.017757934,-0.19246769,0.985831963049382,0.9997127610330623
1102,PRR33,0.017757934,-0.18451324,0.985831963049382,0.9997127610330623
1103,KIR2DL1,0.017757934,-0.19219242,0.985831963049382,0.9997127610330623
1104,IGLL5,0.017757934,-0.18473625,0.985831963049382,0.9997127610330623
1105,LGALS9B,0.016368106,-0.15614188,0.9869407235982639,0.9997127610330623
1106,AC007952.3,0.016368106,-0.15367079,0.9869407235982639,0.9997127610330623
1107,HIST1H2BI,0.016368106,-0.14775206,0.9869407235982639,0.9997127610330623
1108,LINC00163,0.016368106,-0.13991906,0.9869407235982639,0.9997127610330623
1109,KRT78,0.016368106,-0.16167359,0.9869407235982639,0.9997127610330623
1110,AL356276.1,0.016368106,-0.15116079,0.9869407235982639,0.9997127610330623
1111,HIST2H2AA3,0.016368106,-0.13814202,0.9869407235982639,0.9997127610330623
1112,CLIC3,0.013638626,-0.051986873,0.9891182880975167,0.9997127610330623
1113,LINC02032,0.012198623,-0.07468627,0.9902671480197166,0.9997127610330623
1114,OR4K13,0.011838622,-0.17763479,0.9905543662466095,0.9997127610330623
1115,TRAV38-2DV8,0.011838622,-0.14727847,0.9905543662466095,0.9997127610330623
1116,TRAV12-2,0.011838622,-0.14803168,0.9905543662466095,0.9997127610330623
1117,AC027449.1,0.011838622,-0.18320018,0.9905543662466095,0.9997127610330623
1118,KRT73-AS1,0.011838622,-0.18125117,0.9905543662466095,0.9997127610330623
1119,KIR3DL3,0.011838622,-0.15473528,0.9905543662466095,0.9997127610330623
1120,KRTAP8-1,0.011838622,-0.1660373,0.9905543662466095,0.9997127610330623
1121,IGLV1-40,0.011838622,-0.16881791,0.9905543662466095,0.9997127610330623
1122,TRDV2,0.011838622,-0.14727974,0.9905543662466095,0.9997127610330623
1123,TRIM10,0.010448795,-0.11708062,0.9916632193611189,0.9997127610330623
1124,PGLYRP4,0.010448795,-0.105046414,0.9916632193611189,0.9997127610330623
1125,AC004906.1,0.010448795,-0.09787695,0.9916632193611189,0.9997127610330623
1126,B3GNT8,0.01013897,-0.04443276,0.9919104113994509,0.9997127610330623
1127,IGHD,0.009058967,-0.07337826,0.9927720885785349,0.9997127610330623
1128,Z83851.1,0.009058967,-0.07170844,0.9927720885785349,0.9997127610330623
1129,AC008080.4,0.008769364,-0.0063572573,0.9930031492230046,0.9997127610330623
1130,BX664718.1,0.0076691397,-0.057107233,0.993880971757148,0.9997127610330623
1131,AL157931.2,0.0076691397,-0.056554906,0.993880971757148,0.9997127610330623
1132,AL109924.3,0.0076691397,-0.061861463,0.993880971757148,0.9997127610330623
1133,CYTL1,0.0062980084,-0.04310014,0.994974949498804,0.9997127610330623
1134,HIST1H2AH,0.006279312,-0.04163889,0.994989866755167,0.9997127610330623
1135,TACR1,0.006214638,,0.9950414682983049,0.9997127610330623
1136,CD28,0.0060461797,-0.025223006,0.9951758759543946,0.9997127610330623
1137,AC107464.2,0.005919311,-0.102582686,0.9952771003839325,0.9997127610330623
1138,AC095057.2,0.005919311,-0.10258268,0.9952771003839325,0.9997127610330623
1139,AL451065.1,0.005919311,-0.102582686,0.9952771003839325,0.9997127610330623
1140,KRT2,0.005919311,-0.102582686,0.9952771003839325,0.9997127610330623
1141,TRAV22,0.005919311,-0.102582686,0.9952771003839325,0.9997127610330623
1142,TRAV16,0.005919311,-0.102582686,0.9952771003839325,0.9997127610330623
1143,NPS,0.005919311,-0.102582686,0.9952771003839325,0.9997127610330623
1144,IGKV2D-28,0.005919311,-0.102582686,0.9952771003839325,0.9997127610330623
1145,AC117522.2,0.005919311,-0.102582686,0.9952771003839325,0.9997127610330623
1146,OR4P4,0.005919311,-0.102582686,0.9952771003839325,0.9997127610330623
1147,IGKV2D-29,0.005919311,-0.102582686,0.9952771003839325,0.9997127610330623
1148,FOXCUT,0.005919311,-0.102582686,0.9952771003839325,0.9997127610330623
1149,LINC02247,0.005919311,-0.102582686,0.9952771003839325,0.9997127610330623
1150,TRAV20,0.005919311,-0.102582686,0.9952771003839325,0.9997127610330623
1151,DDI1,0.005919311,-0.102582686,0.9952771003839325,0.9997127610330623
1152,LGALS9C,0.005919311,-0.102582686,0.9952771003839325,0.9997127610330623
1153,LINC01644,0.0049396595,-0.01937106,0.9960587380774588,0.9997127610330623
1154,LINC00210,0.0045796586,-0.01987911,0.9963459737954615,0.9997127610330623
1155,AC003092.2,0.0045294836,-0.049968053,0.9963860072169703,0.9997127610330623
1156,AC103702.2,0.0045294836,-0.048284817,0.9963860072169703,0.9997127610330623
1157,TMEM251,0.0034996567,-0.022480316,0.99720768364193,0.9997127610330623
1158,CU634019.2,0.003139656,-0.027347248,0.9974949210308216,0.9997127610330623
1159,LINC01564,0.003139656,-0.029532684,0.9974949210308216,0.9997127610330623
1160,H2AFB1,0.003139656,-0.029722515,0.9974949210308216,0.9997127610330623
1161,LINC02111,0.003139656,-0.033454817,0.9974949210308216,0.9997127610330623
1162,AP005137.2,0.003139656,-0.034245573,0.9974949210308216,0.9997127610330623
1163,AL353572.3,0.003139656,-0.030671267,0.9974949210308216,0.9997127610330623
1164,TCTEX1D4,0.003139656,-0.026722692,0.9974949210308216,0.9997127610330623
1165,CLDND2,0.003139656,-0.028064126,0.9974949210308216,0.9997127610330623
1166,AC244102.1,0.0017498283,-0.0132516045,0.9986038396835176,0.9997127610330623
1167,SORCS3-AS1,0.0017498283,-0.0139647,0.9986038396835176,0.9997127610330623
1168,AL596442.2,0.0011301769,-0.0037433836,0.9990982494357973,0.9997127610330623
1169,TRG-AS1,0.000850876,-0.182213,0.999321099276295,0.9997127610330623
1170,TGIF2,0.00036000067,-0.0025034794,0.9997127610330623,0.9997127610330623
1171,LINC02195,0.00036000067,-0.0027687894,0.9997127610330623,0.9997127610330623
1172,AC147067.2,0.00036000067,-0.0023535385,0.9997127610330623,0.9997127610330623
1173,AC021422.1,0.00036000067,-0.002777927,0.9997127610330623,0.9997127610330623
1174,HOXA-AS2,0.00036000067,-0.0025001708,0.9997127610330623,0.9997127610330623
1175,HOGA1,0.00036000067,-0.0026926438,0.9997127610330623,0.9997127610330623
1176,AC090707.1,-0.001029827,0.007560655,0.9991783170625564,0.9997127610330623
1177,KRT36,-0.0013898277,0.017661365,0.9988910783011787,0.9997127610330623
1178,AC113208.3,-0.0013898277,0.019316744,0.9988910783011787,0.9997127610330623
1179,GUCA2A,-0.0013898277,0.02164816,0.9988910783011787,0.9997127610330623
1180,IL12B,-0.0013898277,0.019854335,0.9988910783011787,0.9997127610330623
1181,AL391869.1,-0.0013898277,0.01925495,0.9988910783011787,0.9997127610330623
1182,AL035541.1,-0.0013898277,0.019774582,0.9988910783011787,0.9997127610330623
1183,LINP1,-0.0013898277,0.020429444,0.9988910783011787,0.9997127610330623
1184,LIF-AS1,-0.0013898277,0.02054718,0.9988910783011787,0.9997127610330623
1185,PCP2,-0.0016996533,0.00731852,0.9986438734607128,0.9997127610330623
1186,CCL22,-0.002059654,0.010165964,0.9983566349965431,0.9997127610330623
1187,CAVIN2,-0.0026447743,0.032139525,0.9978897778259439,0.9997127610330623
1188,AC103724.3,-0.0027796554,0.030452384,0.9977821587443715,0.9997127610330623
1189,PRR31,-0.0027796554,0.030645581,0.9977821587443715,0.9997127610330623
1190,AC239799.1,-0.0027796554,0.028476167,0.9977821587443715,0.9997127610330623
1191,AC019155.3,-0.0027796554,0.029528502,0.9977821587443715,0.9997127610330623
1192,RHOXF2B,-0.004169483,0.04020496,0.9966732434715799,0.9997127610330623
1193,OR5B3,-0.004169483,0.03685141,0.9966732434715799,0.9997127610330623
1194,SULT1B1,-0.004441725,0.022855088,0.9964560276718405,0.9997127610330623
1195,MPZL2,-0.005509136,0.019856809,0.9956043678484549,0.9997127610330623
1196,AC022098.4,-0.005559311,0.0438413,0.9955643346247809,0.9997127610330623
1197,LINC00602,-0.006229137,0.033160903,0.9950298998089464,0.9997127610330623
1198,ADGRL4,-0.0064508226,-0.058650527,0.9948530238268898,0.9997127610330623
1199,LHB,-0.006589138,0.032762174,0.9947426667367586,0.9997127610330623
1200,AC138207.5,-0.006589138,0.032933615,0.9947426667367586,0.9997127610330623
1201,HMHB1,-0.0069491384,0.047510333,0.9944554343459138,0.9997127610330623
1202,C1orf137,-0.0069491384,0.051984485,0.9944554343459138,0.9997127610330623
1203,AL132708.1,-0.0069491384,0.055393055,0.9944554343459138,0.9997127610330623
1204,AC113192.2,-0.0069491384,0.04429167,0.9944554343459138,0.9997127610330623
1205,AL590764.2,-0.0069491384,0.04763226,0.9944554343459138,0.9997127610330623
1206,AL807752.3,-0.0073091392,0.1277682,0.9941682026736357,0.9997127610330623
1207,FAM236D,-0.0073091392,0.1277682,0.9941682026736357,0.9997127610330623
1208,AC017053.1,-0.0073091392,0.1277682,0.9941682026736357,0.9997127610330623
1209,IGKV1OR2-108,-0.0073091392,0.1277682,0.9941682026736357,0.9997127610330623
1210,AC108206.1,-0.0073091392,0.1277682,0.9941682026736357,0.9997127610330623
1211,AC015911.2,-0.0073091392,0.1277682,0.9941682026736357,0.9997127610330623
1212,FGF3,-0.0073091392,0.1277682,0.9941682026736357,0.9997127610330623
1213,AC020897.1,-0.0073091392,0.1277682,0.9941682026736357,0.9997127610330623
1214,AC087477.3,-0.0073091392,0.1277682,0.9941682026736357,0.9997127610330623
1215,RBAKDN,-0.0073091392,0.1277682,0.9941682026736357,0.9997127610330623
1216,KRT7-AS,-0.0073091392,0.1277682,0.9941682026736357,0.9997127610330623
1217,LINC02305,-0.0073091392,0.1277682,0.9941682026736357,0.9997127610330623
1218,AC008514.1,-0.0079789655,0.041217078,0.993633774188053,0.9997127610330623
1219,SAGE1,-0.008338966,0.054493587,0.9933465447768686,0.9997127610330623
1220,AL008638.6,-0.008338966,0.05742661,0.9933465447768686,0.9997127610330623
1221,KLHDC7B,-0.008338966,0.05053356,0.9933465447768686,0.9997127610330623
1222,LINC02544,-0.008698966,0.11462843,0.9930593162279552,0.9997127610330623
1223,OR8J1,-0.008698966,0.09951017,0.9930593162279552,0.9997127610330623
1224,AL109914.1,-0.008698966,0.09725417,0.9930593162279552,0.9997127610330623
1225,AC025437.2,-0.008698966,0.1140689,0.9930593162279552,0.9997127610330623
1226,LINC02093,-0.008698966,0.10893872,0.9930593162279552,0.9997127610330623
1227,LINC01682,-0.008698966,0.10354035,0.9930593162279552,0.9997127610330623
1228,LINC01825,-0.008698966,0.100203015,0.9930593162279552,0.9997127610330623
1229,AC079360.1,-0.008698966,0.09802206,0.9930593162279552,0.9997127610330623
1230,OR10K2,-0.008698966,0.10342802,0.9930593162279552,0.9997127610330623
1231,TCL1A,-0.008698966,0.11802301,0.9930593162279552,0.9997127610330623
1232,AC091588.3,-0.008698966,0.099396124,0.9930593162279552,0.9997127610330623
1233,LINC02186,-0.008698966,0.120400704,0.9930593162279552,0.9997127610330623
1234,P2RY13,-0.008720906,-0.1386739,0.9930418116021137,0.9997127610330623
1235,AC013264.1,-0.009008792,0.039593183,0.9928121207817079,0.9997127610330623
1236,BX255923.1,-0.009368793,0.0478432,0.992524893936216,0.9997127610330623
1237,MFSD6L,-0.009728794,0.054012835,0.9922376680594732,0.9997127610330623
1238,AL357033.4,-0.009728794,0.058629386,0.9922376680594732,0.9997127610330623
1239,AL035412.1,-0.009728794,0.063315265,0.9922376680594732,0.9997127610330623
1240,SPTA1,-0.009728794,0.07197417,0.9922376680594732,0.9997127610330623
1241,AC108693.2,-0.009728794,0.06204805,0.9922376680594732,0.9997127610330623
1242,AP004609.1,-0.010088795,0.102226615,0.9919504431887005,0.9997127610330623
1243,AC136424.2,-0.010088795,0.0866791,0.9919504431887005,0.9997127610330623
1244,AC004264.1,-0.010088795,0.09353425,0.9919504431887005,0.9997127610330623
1245,MOS,-0.010088795,0.09237571,0.9919504431887005,0.9997127610330623
1246,AC097381.1,-0.010088795,0.09480372,0.9919504431887005,0.9997127610330623
1247,IL18R1,-0.01048676,-0.25622952,0.9916329292582722,0.9997127610330623
1248,LINC01391,-0.011478622,0.09752039,0.9908415856976039,0.9997127610330623
1249,RAB41,-0.011478622,0.097567916,0.9908415856976039,0.9997127610330623
1250,LINC01566,-0.011478622,0.09442412,0.9908415856976039,0.9997127610330623
1251,AC108941.2,-0.011478622,0.089975804,0.9908415856976039,0.9997127610330623
1252,LINC01814,-0.011478622,0.10356601,0.9908415856976039,0.9997127610330623
1253,GRHL3,-0.012061834,0.037820667,0.9903762816668389,0.9997127610330623
1254,ZNF366,-0.012491088,0.014911945,0.9900338126764054,0.9997127610330623
1255,AC099687.1,-0.013898277,0.07380632,0.9889111364342726,0.9997127610330623
1256,CD1A,-0.0146182785,0.19481279,0.9883367168926721,0.9997127610330623
1257,TRIM75P,-0.0146182785,0.2001127,0.9883367168926721,0.9997127610330623
1258,AC026415.1,-0.0146182785,0.22159353,0.9883367168926721,0.9997127610330623
1259,LINC02154,-0.014928104,0.07589695,0.9880895387317021,0.9997127610330623
1260,GATA5,-0.016008105,0.17274556,0.9872279249361475,0.9997127610330623
1261,CD19,-0.016317932,0.06667727,0.9869807520889566,0.9997127610330623
1262,AC073072.1,-0.016677933,0.07655968,0.9866935522053096,0.9997127610330623
1263,AP000763.4,-0.017037934,0.10157039,0.9864063540460247,0.9997127610330623
1264,LINC02053,-0.017397933,0.15977792,0.9861191576483123,0.9997127610330623
1265,LINC01706,-0.017397933,0.16061768,0.9861191576483123,0.9997127610330623
1266,AC092723.3,-0.017397933,0.15080267,0.9861191576483123,0.9997127610330623
1267,AC005674.1,-0.018787762,0.13608266,0.9850104171702856,0.9997127610330623
1268,AC002347.2,-0.018787762,0.1501104,0.9850104171702856,0.9997127610330623
1269,CLEC10A,-0.020083725,0.079356275,0.9839765826662533,0.9997127610330623
1270,IL26,-0.021465732,0.06937361,0.982874139641518,0.9997127610330623
1271,LINC01961,-0.021567417,0.15345332,0.9827930252073459,0.9997127610330623
1272,MAGEB16,-0.021927418,0.2666144,0.9825058541525805,0.9997127610330623
1273,AC131254.3,-0.021927418,0.26880977,0.9825058541525805,0.9997127610330623
1274,AP005482.1,-0.02213384,0.07837657,0.9823411921726293,0.9997127610330623
1275,DPEP2,-0.022746814,0.09078635,0.9818522327321306,0.9997127610330623
1276,KLF4,-0.02322777,-0.02421476,0.9814685877141441,0.9997127610330623
1277,OR10H3,-0.023317246,0.21747462,0.9813972159060845,0.9997127610330623
1278,AC104051.1,-0.023619821,0.068633564,0.9811558616020014,0.9997127610330623
1279,PAX3,-0.024252255,0.09760242,0.9806513971366355,0.9997127610330623
1280,TREM1,-0.024920365,0.07073065,0.9801184841099461,0.9997127610330623
1281,AC114689.3,-0.025258234,,0.9798489874815942,0.9997127610330623
1282,AC138230.1,-0.0253769,0.1203323,0.9797543370359942,0.9997127610330623
1283,AC002546.1,-0.025377853,0.09443696,0.9797535761814752,0.9997127610330623
1284,AC108879.1,-0.02810638,0.0984186,0.9775773059898957,0.9997127610330623
1285,SOX17,-0.028156554,0.115479484,0.9775372879909995,0.9997127610330623
1286,AL138902.1,-0.028385298,0.07966127,0.9773548492386455,0.9997127610330623
1287,CASC20,-0.02878422,0.10052755,0.9770366874153792,0.9997127610330623
1288,CCR4,-0.028876556,0.18899319,0.9769630435906143,0.9997127610330623
1289,PFN3,-0.028876556,0.18567802,0.9769630435906143,0.9997127610330623
1290,HOXA3,-0.030626385,0.25842863,0.9755675005087613,0.9997127610330623
1291,LINC01838,-0.030626385,0.28112653,0.9755675005087613,0.9997127610330623
1292,AC005392.2,-0.030626385,0.27822497,0.9755675005087613,0.9997127610330623
1293,SRMS,-0.030626385,0.26652268,0.9755675005087613,0.9997127610330623
1294,TBX15,-0.030741423,0.14008896,0.9754757551015404,0.9997127610330623
1295,NOS3,-0.03204578,0.060357496,0.9744355403622772,0.9997127610330623
1296,MYCT1,-0.03254925,0.08523587,0.9740340414821596,0.9997127610330623
1297,APOBEC3A,-0.033355866,0.13440214,0.9733908050441727,0.9997127610330623
1298,ZMYND10-AS1,-0.033406038,0.23720503,0.9733507935058315,0.9997127610330623
1299,TNF,-0.033698887,-0.0047243475,0.9731172674274641,0.9997127610330623
1300,AL390719.2,-0.034795865,0.21392068,0.972242516120572,0.9997127610330623
1301,AL355838.1,-0.034999046,0.573229,0.9720805005989508,0.9997127610330623
1302,SLC35F6,-0.036545694,0.34641692,0.970847243227786,0.9997127610330623
1303,SRARP,-0.03660522,0.06475538,0.9707997823717149,0.9997127610330623
1304,SMPDL3B,-0.03773425,0.12509319,0.9698995670615049,0.9997127610330623
1305,MYCNUT,-0.03824535,0.17037787,0.9694920640881711,0.9997127610330623
1306,KIR3DX1,-0.03923225,0.12572338,0.9687052211445433,0.9997127610330623
1307,HIST1H1C,-0.039633077,,0.9683856556608489,0.9997127610330623
1308,CCDC42,-0.040305004,0.1516036,0.9678499652025231,0.9997127610330623
1309,AC003958.2,-0.04071518,0.31826502,0.9675229608231624,0.9997127610330623
1310,LINC02490,-0.04071518,0.28344598,0.9675229608231624,0.9997127610330623
1311,SELPLG,-0.040998295,-0.6374935,0.9672972549361417,0.9997127610330623
1312,WDR87,-0.0412734,0.1466679,0.9670779394610712,0.9997127610330623
1313,CSTA,-0.041328344,0.14611474,0.967034137500338,0.9997127610330623
1314,TREML2,-0.041745007,0.2027946,0.9667019758779343,0.9997127610330623
1315,MAP1LC3C,-0.042414833,0.17406826,0.9661680047442776,0.9997127610330623
1316,F2RL3,-0.043134835,0.21850894,0.9655940521272576,0.9997127610330623
1317,NAT2,-0.043494835,0.24773309,0.9653070824845794,0.9997127610330623
1318,HSH2D,-0.04356695,0.16536967,0.9652495978487514,0.9997127610330623
1319,ABCG2,-0.044263866,0.15252943,0.9646940744622758,0.9997127610330623
1320,CRYBG1,-0.047144063,-2.4488258,0.9623984101542414,0.9997127610330623
1321,ANGPT2,-0.047418974,4.8504357,0.9621793063072006,0.9997127610330623
1322,AC107892.1,-0.04802432,0.2849362,0.9616968621963955,0.9997127610330623
1323,GNLY,-0.048049692,-1.4692693,0.9616766402931863,0.9997127610330623
1324,AC064834.1,-0.04897707,0.2685554,0.960937569560666,0.9997127610330623
1325,HMCN1,-0.049317993,-0.78719795,0.9606658809074539,0.9997127610330623
1326,PKHD1L1,-0.04949637,0.16041943,0.960523728897722,0.9997127610330623
1327,CDH5,-0.049528804,0.1486555,0.9604978832124806,0.9997127610330623
1328,GHR,-0.050540697,,0.9596915188248939,0.9997127610330623
1329,AC093817.1,-0.0507538,0.20876771,0.9595217071194294,0.9997127610330623
1330,PEAK3,-0.05131011,0.1681106,0.959078411467613,0.9997127610330623
1331,AC002074.1,-0.051341016,0.15450558,0.9590537843011497,0.9997127610330623
1332,LINC01854,-0.052503627,0.19654712,0.9581274057787769,0.9997127610330623
1333,AC012507.1,-0.052553803,0.40293026,0.9580874271359526,0.9997127610330623
1334,COL6A3,-0.05261275,0.0117492955,0.9580404561655816,0.9997127610330623
1335,MEPE,-0.05588729,-0.12325649,0.9554315966144762,0.9997127610330623
1336,LINC01035,-0.056153998,0.1706073,0.9552191268387211,0.9997127610330623
1337,AC093772.1,-0.05682974,0.46791127,0.9546808235598597,0.9997127610330623
1338,LINC01693,-0.05769092,0.18379505,0.9539948284241331,0.9997127610330623
1339,COX4I2,-0.057753112,0.26077798,0.9539452873330215,0.9997127610330623
1340,CHRNA1,-0.058049772,0.2559306,0.9537089818197956,0.9997127610330623
1341,SLC1A7,-0.058372572,0.19701514,0.953451861730708,0.9997127610330623
1342,AL513324.1,-0.058473114,0.5076359,0.953371778625001,0.9997127610330623
1343,ALAS2,-0.05878294,0.2482831,0.953124997977075,0.9997127610330623
1344,AP003481.1,-0.0601266,,0.9520548063865293,0.9997127610330623
1345,ANXA3,-0.060192227,0.04353319,0.9520025374073516,0.9997127610330623
1346,AC007950.1,-0.06089277,0.31468362,0.9514446093540307,0.9997127610330623
1347,PGR,-0.06158358,0.15039982,0.9508944536062333,0.9997127610330623
1348,AC010976.2,-0.061922595,0.2633368,0.9506244740915841,0.9997127610330623
1349,TOP2A,-0.062221546,0.2258056,0.9503864045671114,0.9997127610330623
1350,CARMN,-0.06259815,0.27266446,0.9500865070811865,0.9997127610330623
1351,ACVRL1,-0.062723294,0.14818415,0.9499868466630643,0.9997127610330623
1352,ATP10A,-0.06469958,-0.26224178,0.9484131979338444,0.9997127610330623
1353,IL2RA,-0.06611783,0.20839845,0.9472840132857013,0.9997127610330623
1354,SLC4A1,-0.067390524,0.2663464,0.9462708143087896,0.9997127610330623
1355,AL355493.2,-0.07098156,0.34880993,0.9434124297652179,0.9997127610330623
1356,AL158013.1,-0.07134156,0.42030126,0.9431259171581355,0.9997127610330623
1357,PAPSS2,-0.07137075,,0.9431026867282156,0.9997127610330623
1358,LINC02476,-0.07433489,0.28714994,0.9407439147671727,0.9997127610330623
1359,AL359220.1,-0.07728682,0.1653539,0.9383953754950648,0.9997127610330623
1360,AC007384.1,-0.078930385,0.25016674,0.9370879953255693,0.9997127610330623
1361,BLK,-0.07894393,0.29995406,0.9370772213309742,0.9997127610330623
1362,LINC02542,-0.07902196,0.23897007,0.9370151572766487,0.9997127610330623
1363,LPAR5,-0.07942984,,0.9366907308779595,0.9997127610330623
1364,IGFBP3,-0.080019355,,0.9362218637905257,0.9997127610330623
1365,LINC01775,-0.080350354,0.35297,0.9359586099169406,0.9997127610330623
1366,IGHG3,-0.08242451,0.2969792,0.9343091473387033,0.9997127610330623
1367,ACSL5,-0.08316187,-0.70781,0.9337228303584022,0.9997127610330623
1368,SEMA3G,-0.08385001,0.33471203,0.9331756841691381,0.9997127610330623
1369,DLL4,-0.0859524,0.24797997,0.9315042559258551,0.9997127610330623
1370,FHL5,-0.08726916,0.3180479,0.9304575673720595,0.9997127610330623
1371,LINC01468,-0.088722706,0.22236699,0.9293022854750035,0.9997127610330623
1372,SELE,-0.09315814,0.38217267,0.9257779312878848,0.9997127610330623
1373,AC073941.1,-0.093374096,0.76134235,0.9256063661588988,0.9997127610330623
1374,NOTCH3,-0.09389664,0.27396953,0.9251912595610623,0.9997127610330623
1375,MYH11,-0.09429423,,0.9248754345165271,0.9997127610330623
1376,CSF3,-0.09485703,0.30988944,0.9244283895684676,0.9997127610330623
1377,SOX18,-0.09559019,0.27711615,0.9238460546267884,0.9997127610330623
1378,IGHG1,-0.09629531,0.35141733,0.9232860332872806,0.9997127610330623
1379,HES1,-0.09652005,,0.923107549615132,0.9997127610330623
1380,LINC02384,-0.096652456,0.2629901,0.9230024006047388,0.9997127610330623
1381,LIF,-0.09738829,0.3470741,0.9224180451560491,0.9997127610330623
1382,CCL20,-0.098398656,0.31917953,0.9216157420513389,0.9997127610330623
1383,AL121936.1,-0.09846829,0.41657087,0.921560450298525,0.9997127610330623
1384,TEX41,-0.10342664,-0.41386473,0.917624365111496,0.9997127610330623
1385,LATS2-AS1,-0.104932465,0.3122736,0.9164293958168404,0.9997127610330623
1386,EPO,-0.10644726,0.40038258,0.91522750140293,0.9997127610330623
1387,AL161757.4,-0.10680802,0.36793464,0.9149412852457455,0.9997127610330623
1388,MATN3,-0.10709934,0.33329397,0.9147101710967661,0.9997127610330623
1389,SUCNR1,-0.10712528,0.33405164,0.9146895876058035,0.9997127610330623
1390,WNK4,-0.10768465,0.31120405,0.9142458456914335,0.9997127610330623
1391,HCG22,-0.10869845,0.29316688,0.9134416695222731,0.9997127610330623
1392,RHOD,-0.11032809,0.39706326,0.9121491809732646,0.9997127610330623
1393,LMLN2,-0.111279316,0.35313085,0.9113948573537323,0.9997127610330623
1394,HBA2,-0.11416314,0.44162995,0.9091084736768742,0.9997127610330623
1395,LINC01934,-0.11609783,0.65456444,0.907575008604948,0.9997127610330623
1396,NCR3,-0.11900588,0.5331597,0.9052706974181234,0.9997127610330623
1397,PTCRA,-0.119375035,0.40848187,0.9049782366884673,0.9997127610330623
1398,AC092100.1,-0.12078051,0.8432563,0.9038648881966189,0.9997127610330623
1399,MT1A,-0.121858604,0.38010573,0.9030110006408046,0.9997127610330623
1400,AC010737.1,-0.12208105,0.40295124,0.9028348275418752,0.9997127610330623
1401,CHST9,-0.12351419,,0.9016999406254569,0.9997127610330623
1402,CCL1,-0.123535365,0.56745684,0.9016831726306374,0.9997127610330623
1403,CYSLTR2,-0.123624265,0.48271167,0.9016127777437284,0.9997127610330623
1404,GNG11,-0.12752724,0.38049942,0.898523121836198,0.9997127610330623
1405,PAQR5,-0.12811197,0.48763672,0.8980603635340533,0.9997127610330623
1406,ID1,-0.12829721,-2.6903982,0.8979137677192003,0.9997127610330623
1407,MIR3681HG,-0.12866561,,0.8976222471627273,0.9997127610330623
1408,KREMEN2,-0.1290445,0.46373042,0.89732243774186,0.9997127610330623
1409,GAD2,-0.12935604,,0.897075928689355,0.9997127610330623
1410,HEMGN,-0.1300274,0.43983203,0.8965447528410152,0.9997127610330623
1411,AC008392.1,-0.13182415,0.45890597,0.8951233805269017,0.9997127610330623
1412,COL25A1,-0.1323778,,0.8946854759306092,0.9997127610330623
1413,PTPN22,-0.13258117,-1.0107087,0.8945246272293489,0.9997127610330623
1414,LINC01687,-0.13323669,0.43848994,0.8940061988658243,0.9997127610330623
1415,GRAPL,-0.1349022,0.3267576,0.892689208730705,0.9997127610330623
1416,OLFML3,-0.13613787,0.28947124,0.8917122926038854,0.9997127610330623
1417,CP,-0.13627122,0.04680439,0.8916068732876298,0.9997127610330623
1418,HAS1,-0.1431721,0.68230385,0.8861542692177998,0.9997127610330623
1419,AC108718.1,-0.14503829,0.44879198,0.8846806349372764,0.9997127610330623
1420,TPO,-0.14595537,0.5479733,0.8839566180246902,0.9997127610330623
1421,UST,-0.14624345,,0.8837292060156037,0.9997127610330623
1422,LILRB5,-0.15066896,0.52549696,0.8802368606937294,0.9997127610330623
1423,CD34,-0.15339501,0.34544936,0.8780867833202891,0.9997127610330623
1424,AC003006.1,-0.15474896,,0.8770192251256911,0.9997127610330623
1425,CALCR,-0.15768601,0.5334506,0.8747042210190727,0.9997127610330623
1426,C2orf83,-0.15850846,0.36919227,0.874056150989019,0.9997127610330623
1427,RASSF10,-0.16353054,0.5770406,0.8701007286178153,0.9997127610330623
1428,IGFN1,-0.16744973,0.7233467,0.8670162053317129,0.9997127610330623
1429,HBM,-0.17984848,0.64045614,0.8572715284194594,0.9997127610330623
1430,HBA1,-0.18129057,0.65725553,0.8561395044781871,0.9997127610330623
1431,LIPH,-0.18275367,0.69157535,0.8549913095289208,0.9997127610330623
1432,PTGER1,-0.18506934,0.59622806,0.8531746487583496,0.9997127610330623
1433,NOTCH4,-0.18636665,0.6365466,0.8521572512122974,0.9997127610330623
1434,MPEG1,-0.1867543,0.5256293,0.8518532765407341,0.9997127610330623
1435,UPK1B,-0.1911346,0.67598325,0.8484201417372462,0.9997127610330623
1436,ADGRE2,-0.19590999,,0.8446806126715241,0.9997127610330623
1437,TBX2,-0.19631732,0.73022467,0.8443618130947372,0.9997127610330623
1438,LEF1,-0.20239134,0.3547378,0.8396107947766965,0.9997127610330623
1439,CENPF,-0.2069483,0.59339815,0.8360502349073734,0.9997127610330623
1440,AC090796.1,-0.20835625,0.6760241,0.8349508126638308,0.9997127610330623
1441,MRC2,-0.209433,,0.8341102254041316,0.9997127610330623
1442,DDX60L,-0.21965459,,0.8261401747754343,0.9997127610330623
1443,PLA1A,-0.22388741,0.5530639,0.8228449129802908,0.9997127610330623
1444,CCDC155,-0.23106548,0.9094287,0.8172639301046324,0.9997127610330623
1445,FMO2,-0.23487802,0.74694747,0.8143034115353538,0.9997127610330623
1446,AC100803.3,-0.23897749,0.9095205,0.8111230414084812,0.9997127610330623
1447,LINC02015,-0.23958531,1.0663692,0.8106517556266154,0.9997127610330623
1448,ARMC7,-0.24015193,1.865272,0.8102124832248373,0.9997127610330623
1449,MYBPH,-0.24281979,0.55611765,0.8081450107920417,0.9997127610330623
1450,CD248,-0.24665292,0.8113929,0.8051768449733385,0.9997127610330623
1451,BTBD11,-0.24738552,,0.8046098846295895,0.9997127610330623
1452,EBF1,-0.250173,0.78365564,0.802453571689768,0.9997127610330623
1453,GPR84,-0.25123256,0.46008682,0.8016342976229275,0.9997127610330623
1454,KCNK2,-0.2544188,,0.7991720397289404,0.9997127610330623
1455,EREG,-0.25700843,0.8551097,0.7971722696844088,0.9997127610330623
1456,CDH6,-0.25870523,,0.7958626946371702,0.9997127610330623
1457,TRABD2B,-0.260357,0.8485446,0.7945884208597377,0.9997127610330623
1458,G0S2,-0.26223978,0.34029153,0.793136581968791,0.9997127610330623
1459,ADAMTS20,-0.2629966,1.5737718,0.7925531941236379,0.9997127610330623
1460,AC124254.1,-0.26407623,,0.7917211814335291,0.9997127610330623
1461,ERG,-0.26451558,0.7305896,0.7913826514347065,0.9997127610330623
1462,AC022568.1,-0.2674681,0.8127918,0.7891087768273628,0.9997127610330623
1463,AC005515.2,-0.27075827,1.0948805,0.7865769532009215,0.9997127610330623
1464,AC068305.2,-0.27674416,1.1148863,0.7819765543537789,0.9997127610330623
1465,NXPH2,-0.2826814,,0.7774210655387939,0.9997127610330623
1466,WNT5A,-0.28961778,,0.7721086713831598,0.9997127610330623
1467,TMPRSS13,-0.29328418,1.0206482,0.7693049545514069,0.9997127610330623
1468,AQP1,-0.29561415,,0.7675247619166593,0.9997127610330623
1469,CEBPA,-0.29690784,0.7424715,0.7665368777071645,0.9997127610330623
1470,SST,-0.29853937,,0.7652915279951346,0.9997127610330623
1471,NDUFA4L2,-0.3006183,1.1413898,0.7637055764022723,0.9997127610330623
1472,THSD7B,-0.30064785,,0.7636830248032325,0.9997127610330623
1473,CNBD1,-0.30424368,5.376017,0.7609422502123412,0.9997127610330623
1474,ITK,-0.30611733,-0.4263095,0.7595153188594668,0.9997127610330623
1475,TLL1,-0.30984554,,0.7566784237743217,0.9997127610330623
1476,BRDT,-0.31346253,1.2865624,0.7539292920435798,0.9997127610330623
1477,AL138720.1,-0.3169889,1.8635823,0.751252036048317,0.9997127610330623
1478,PLAU,-0.318439,0.9675674,0.7501519596314757,0.9997127610330623
1479,AC022400.2,-0.32116315,1.0738568,0.7480867654220524,0.9997127610330623
1480,TAC1,-0.33190975,,0.7399574158734707,0.9997127610330623
1481,SMIM35,-0.34718487,2.216453,0.7284524359356619,0.9997127610330623
1482,SAMD9L,-0.34869203,,0.7273205297778356,0.9997127610330623
1483,NOSTRIN,-0.35067746,0.88558316,0.7258303306054291,0.9997127610330623
1484,LMNTD1,-0.36139622,,0.7178032756556644,0.9997127610330623
1485,AC008403.1,-0.36245027,1.3279622,0.7170155772745417,0.9997127610330623
1486,CHI3L2,-0.36423042,1.4835653,0.7156859416314214,0.9997127610330623
1487,GPER1,-0.3660562,2.103861,0.714323144573433,0.9997127610330623
1488,AL731571.1,-0.3669895,1.3367767,0.7136268603442715,0.9997127610330623
1489,LINC00996,-0.3706803,1.2832178,0.710875661988815,0.9997127610330623
1490,SIGLEC1,-0.3785078,1.0180289,0.7050534074072659,0.9997127610330623
1491,AL356108.1,-0.38104993,,0.7031662027215466,0.9997127610330623
1492,LINC00351,-0.38171726,1.946071,0.702671087306086,0.9997127610330623
1493,LINC02548,-0.38346997,1.4295563,0.7013713380354802,0.9997127610330623
1494,C15orf53,-0.38426855,2.2930286,0.7007794046774364,0.9997127610330623
1495,AC025171.3,-0.38513985,1.2702708,0.7001338021027965,0.9997127610330623
1496,HPSE,-0.40112165,0.033561826,0.6883305749642777,0.9997127610330623
1497,MCTP2,-0.40488553,1.9162449,0.6855616637424478,0.9997127610330623
1498,BCAN,-0.40954322,,0.6821410663949166,0.9997127610330623
1499,MED7,-0.4095678,1.4452235,0.6821230097179941,0.9997127610330623
1500,AC007319.1,-0.411571,,0.6806538913345666,0.9997127610330623
1501,STEAP4,-0.41416177,1.7121964,0.6787556277898905,0.9997127610330623
1502,CYSLTR1,-0.42765465,1.136375,0.6689025685076604,0.9997127610330623
1503,ISM1,-0.43161124,2.6087382,0.6660239968907317,0.9997127610330623
1504,AC068633.1,-0.43392557,5.003549,0.6643424893824037,0.9997127610330623
1505,MYO5B,-0.44581857,,0.6557283088521897,0.9997127610330623
1506,AC025810.1,-0.44767618,2.2024865,0.654386910896419,0.9997127610330623
1507,CD226,-0.45285317,,0.6506544707625423,0.9997127610330623
1508,SLC35F4,-0.45596784,,0.6484131055793809,0.9997127610330623
1509,SULF2,-0.4566991,,0.6478873408058798,0.9997127610330623
1510,COL20A1,-0.46075773,,0.6449724270558499,0.9997127610330623
1511,IGF2BP2,-0.46815768,1.0190187,0.6396718291255793,0.9997127610330623
1512,PGGHG,-0.48007795,,0.6311719575652767,0.9997127610330623
1513,SMOC2,-0.483144,,0.628993509940613,0.9997127610330623
1514,RAB7B,-0.48964384,5.2309055,0.6243859549032947,0.995037378331944
1515,CYP4F12,-0.49032453,1.7068543,0.6239042704622435,0.995037378331944
1516,IL1R2,-0.49067345,2.2604332,0.6236574154934525,0.995037378331944
1517,LINC01606,-0.49296835,2.7741203,0.6220349493312504,0.995037378331944
1518,AL136962.1,-0.49577987,2.176645,0.6200497304175203,0.9928738677622422
1519,TGFB1,-0.4962076,,0.6197479530082936,0.9928738677622422
1520,POSTN,-0.4968364,2.3996933,0.6193044215134094,0.9928738677622422
1521,HEYL,-0.49894908,1.547149,0.6178152465263509,0.9921580446418233
1522,DUSP27,-0.49984348,1.6085331,0.6171853006114856,0.9921580446418233
1523,TNFRSF13C,-0.5035314,1.7110159,0.614590692633475,0.9908558429662742
1524,MT1M,-0.51182747,,0.6087717667056245,0.9850675836660591
1525,AC022784.6,-0.51364255,2.9944148,0.6075019320641163,0.9846060487262825
1526,TM4SF1,-0.52364147,1.8673409,0.6005279270711976,0.9764681740995084
1527,GPRC5A,-0.52668345,1.8680234,0.5984134274548747,0.9738216882910897
1528,AC100849.1,-0.53654695,6.3745036,0.5915806049442269,0.9650580831064061
1529,SLC19A1,-0.5551813,,0.5787706494083003,0.9503623142993436
1530,FBLN1,-0.55646414,1.2109303,0.5778936204725555,0.9497019235374783
1531,GTSE1,-0.55685693,2.2098777,0.5776251848232503,0.9497019235374783
1532,BMP6,-0.5585967,,0.5764370300883068,0.9496491434733226
1533,AC008537.4,-0.56155866,4.3863244,0.5744167356256571,0.947100965582287
1534,CYP19A1,-0.56272185,2.0876446,0.5736242913211714,0.9465747381537483
1535,PPP1R3C,-0.5632967,,0.5732328745943518,0.9465747381537483
1536,AC105094.2,-0.5671134,2.655229,0.5706371273692072,0.9447634559092836
1537,AC093895.1,-0.5791604,2.8530264,0.5624809673054406,0.9328042575546279
1538,SPTLC3,-0.58321005,,0.5597519096636836,0.9290488127198068
1539,IL13RA1,-0.5910543,,0.5544840251357515,0.9233705664209017
1540,HS3ST3A1,-0.61955297,,0.5355521561214167,0.8993319162408341
1541,PLEKHG4B,-0.62060565,,0.5348591127803035,0.8989228786223589
1542,LINC01703,-0.6214298,,0.5343168503211783,0.8987667793459684
1543,LINC00866,-0.6217122,,0.5341311390634724,0.8987667793459684
1544,GGT5,-0.629669,3.4466722,0.5289111568516591,0.8922831652685578
1545,NMRK2,-0.6371613,3.7129567,0.524019779183762,0.8866662930351302
1546,SLC2A9,-0.6438249,,0.5196890193792516,0.8800830133433558
1547,AF279873.3,-0.64403355,,0.5195536720132532,0.8800830133433558
1548,RGS16,-0.6481901,,0.5168620236335607,0.8779086600059434
1549,CALB2,-0.6600222,,0.5092395789787557,0.8667907727297969
1550,LINC02588,-0.67117536,,0.5021088241771676,0.8575727142223187
1551,TNFAIP2,-0.6746325,,0.49990929713268684,0.8552768128874026
1552,AL358075.2,-0.6752607,2.8320057,0.49951014253424597,0.8552768128874026
1553,SLC6A12,-0.6858608,,0.49280089692530604,0.8460101234769202
1554,SUSD6,-0.6876049,,0.49170162387679917,0.845574589641959
1555,AC024901.1,-0.7091166,,0.47825211895462616,0.8274258113401838
1556,PCP4,-0.70964485,,0.4779243850596049,0.8274258113401838
1557,ZNRF3,-0.7136587,,0.47543826227119346,0.823983123520266
1558,AC091849.2,-0.71594936,4.9354067,0.47402261297532977,0.8222421734177446
1559,PACRG-AS3,-0.7177963,,0.47288289278641216,0.8215390451871132
1560,NEURL2,-0.7181689,,0.47265315389616447,0.8215390451871132
1561,TAC3,-0.71963656,,0.4717487948319995,0.821146727296779
1562,PTAFR,-0.722023,,0.47028032421830823,0.8200180021243386
1563,COL4A4,-0.72360134,,0.46931051953947855,0.8190410463167166
1564,TMEM132C,-0.7266082,,0.4674659962377694,0.8165344912450121
1565,MYOCOS,-0.72766435,4.239088,0.4668190683274702,0.8165344912450121
1566,ANXA8,-0.7312846,3.1069977,0.4646053375187196,0.8146541412057853
1567,FBN2,-0.7385455,,0.46018304819746203,0.8087575539498455
1568,CD83,-0.7503404,,0.4530497153124128,0.7997347137024056
1569,COL5A3,-0.7513155,,0.4524628179064615,0.7994042719195433
1570,AC104574.2,-0.75569713,,0.4498308201120278,0.796865934653725
1571,THBS1,-0.7763993,3.548417,0.4375132357675777,0.7778013080312492
1572,TWIST2,-0.78101027,3.7990906,0.43479644623725844,0.7739788428750571
1573,NUPR1,-0.78488404,,0.4325215492626596,0.7723269089809629
1574,COL9A1,-0.7861909,,0.43175565791028203,0.7716812473820948
1575,LMCD1,-0.7875235,-1.1207947,0.43097548224662907,0.7709758179725027
1576,HS3ST2,-0.78924567,,0.42996844167342096,0.769862921528059
1577,GLYCTK,-0.78926456,,0.4299574049409379,0.769862921528059
1578,EDNRA,-0.79646057,,0.4257643959252734,0.7643885025588391
1579,AC004852.2,-0.7971975,,0.4253363193572566,0.7643060545503263
1580,PTH1R,-0.80072904,,0.42328852195923594,0.762353745367001
1581,AC092131.1,-0.80723864,,0.41952901289180045,0.7565897437183056
1582,LINC00463,-0.8092775,,0.4183555508073735,0.7551544238400243
1583,ACSL1,-0.8144787,,0.41537076482609714,0.7504440195593445
1584,CRLF2,-0.83320886,,0.40472694984320656,0.7358671815331028
1585,PDGFRB,-0.8342122,,0.40416143839615826,0.7355076221950105
1586,GRIK3,-0.8342484,,0.4041410161466382,0.7355076221950105
1587,AC073612.1,-0.84624785,6.088497,0.39741448740347074,0.7252089186194721
1588,NLRC5,-0.8568386,,0.39153409208312295,0.7184111781341705
1589,ICAM1,-0.8635538,,0.3878330315792098,0.7122918032949436
1590,AC016766.1,-0.8706209,,0.3839611924450742,0.708415484216004
1591,RASL12,-0.87285453,3.746651,0.3827423763278076,0.707472044968221
1592,RN7SL832P,-0.8812738,,0.3781696389725683,0.7003141462454968
1593,STK32B,-0.898542,,0.3688966581039589,0.6856815206393287
1594,CXorf36,-0.92265636,,0.35618632887263635,0.6663916349347734
1595,AL445426.1,-0.9270443,,0.35390355560740405,0.663586538795046
1596,AL110292.1,-0.92870635,,0.3530413003477878,0.6629883574606344
1597,AL121999.1,-0.9393024,,0.3475755041891172,0.6545678044992791
1598,LINC00607,-0.94390684,,0.3452172436028166,0.651353289816635
1599,AC034114.2,-0.9547929,,0.3396824252141257,0.6421217867941885
1600,CR1L,-0.9564256,,0.33885724794864236,0.6411679242169203
1601,AL139125.1,-0.9645284,,0.33478107817778224,0.6346560723749427
1602,XAF1,-0.97103816,,0.3315292707746006,0.6308834838717423
1603,ARC,-0.971208,,0.33144472843755257,0.6308834838717423
1604,AL392023.2,-0.97160935,,0.3312449219852448,0.6308834838717423
1605,CRH,-1.0113077,,0.3118691870181758,0.5968788268290446
1606,AC005699.1,-1.0399797,,0.29834931831395606,0.5759639349690271
1607,UBC,-1.0623585,,0.28807295218138385,0.557740468889417
1608,AC069185.1,-1.0636337,,0.2874946696772638,0.5575476924440338
1609,PWRN1,-1.0819845,,0.2792593812899232,0.5438352118596363
1610,SFMBT2,-1.0826558,,0.2789612570089747,0.5438352118596363
1611,AC046195.1,-1.0903428,,0.27556216327716054,0.5387334570423471
1612,GBP2,-1.0991459,,0.27170441267646483,0.5327537503460095
1613,ZBED9,-1.1110579,,0.26654345959907966,0.5257267447713603
1614,MCUB,-1.1141231,,0.26522638930180353,0.5236453885524256
1615,PTCHD1-AS,-1.1218573,,0.2619231297293969,0.5181466463489554
1616,GPX7,-1.1270173,,0.2597351737327699,0.5147199386291024
1617,LINC02057,-1.1366609,,0.2556800332969209,0.5073016533669066
1618,CCL2,-1.1377561,,0.2552223562164736,0.5070938170934524
1619,INHBA,-1.146407,,0.2516268069589467,0.5007498645949188
1620,RIPOR3,-1.164991,,0.24402265116583666,0.4880453023316733
1621,AC245140.2,-1.1658847,,0.2436610400085638,0.48780988990703467
1622,LINC01841,-1.1786498,,0.2385376483150904,0.4780313593488785
1623,USH1C,-1.1847725,,0.2361074109920781,0.47411126705236567
1624,LTBP2,-1.1947275,,0.23219349429770586,0.46719012937164156
1625,SAMMSON,-1.2135565,,0.22491711860148056,0.45391951281832604
1626,C1QTNF1,-1.2173517,,0.2234704334512384,0.4519118977780352
1627,VAV3,-1.220052,,0.22244516825022265,0.45029386285470174
1628,TMEM217,-1.2201989,,0.22238948894944366,0.45029386285470174
1629,PRRX1,-1.222027,,0.2216974416542521,0.44969055102282374
1630,CNTN6,-1.2244481,,0.22078322787061444,0.448746398111005
1631,WIF1,-1.2397299,,0.21507530509656048,0.4375896339706215
1632,AHNAK,-1.242675,,0.2139876254779769,0.43626427212635455
1633,ALPL,-1.2705371,,0.20389335238410988,0.41824277412125105
1634,PDE3A,-1.2714583,,0.20356567124473657,0.41799932493785746
1635,BIRC3,-1.2720752,,0.20334639096837448,0.41799932493785746
1636,ITGB5,-1.2784209,,0.2011010468250658,0.4146413336599295
1637,MAPK4,-1.278481,,0.2010798696243299,0.4146413336599295
1638,RBM20,-1.2841103,,0.19910334506809346,0.4117959567075356
1639,FGL1,-1.2889884,,0.1974021216227042,0.4091235681299569
1640,TRIB1,-1.2984047,1.5452683,0.1941483081005173,0.40321559314749184
1641,PARP14,-1.3091679,,0.1904774863511588,0.3964151641023076
1642,PHLDB2,-1.3110087,,0.18985481742293386,0.3955308696311122
1643,PCAT1,-1.3147192,,0.1886042952886331,0.39333533949662797
1644,KIAA0040,-1.3239173,,0.1855305339089529,0.3885456207517339
1645,IFNG-AS1,-1.324034,,0.1854917561230387,0.3885456207517339
1646,BCO1,-1.3247737,,0.18524623936570195,0.3885456207517339
1647,VIP,-1.331171,,0.1831327357765199,0.3847326381859662
1648,AC096637.1,-1.3469996,,0.17798035197158224,0.37588247512477774
1649,MRC1,-1.3538536,,0.1757830991506456,0.37242182023441867
1650,TERB1,-1.35858,,0.1742797362394506,0.37080794944563955
1651,VEGFC,-1.3612995,,0.173419061873048,0.3693696738510075
1652,GADD45B,-1.3624171,,0.1730662956591288,0.3692958193809778
1653,PLOD2,-1.388026,,0.16512913740830015,0.35359558331541785
1654,CLEC5A,-1.3884417,,0.1650025926899823,0.35359558331541785
1655,AC008050.1,-1.4000669,,0.1614933103098518,0.3469244045324421
1656,EMP2,-1.4113922,,0.158128988422219,0.34153129248859393
1657,SNTB1,-1.4369912,,0.15072049090060974,0.3269424965306068
1658,LINC02511,-1.4480522,,0.14760244755163518,0.3212240425498045
1659,ANXA2,-1.4778955,,0.13943576384809317,0.30411289825102106
1660,SLC4A4,-1.4906403,,0.1360559638440299,0.29706542324023993
1661,ADAMTS6,-1.4926656,,0.13552474475616028,0.2964619675419583
1662,HILPDA,-1.5013236,,0.13327189934263037,0.29258375267317316
1663,MIR4300HG,-1.5115987,,0.13063597605206606,0.28711203527926604
1664,ROR2,-1.5233123,,0.1276805692854699,0.2815448054806392
1665,STX4,-1.528157,,0.12647355231894655,0.2791910647217363
1666,AC136489.1,-1.533776,,0.12508475347558817,0.27643039442118933
1667,ZFHX3,-1.5387262,,0.12387114930610493,0.27435470499691017
1668,ADAMTS9-AS2,-1.542105,,0.12304809983772862,0.2728339242521699
1669,TNC,-1.5651019,,0.11755903095537774,0.2627017451516821
1670,ERBB4,-1.5702817,,0.1163495905875356,0.2605813898936968
1671,SLC13A4,-1.5768294,,0.1148347768696515,0.25747707818307514
1672,FTL,-1.5806801,,0.11395119489836861,0.2560701008952104
1673,LINC02008,-1.592448,,0.11128408522869697,0.2509224018685388
1674,LINC01524,-1.5963734,,0.11040544119486591,0.24989366212805766
1675,SREK1IP1,-1.6217659,,0.10485350434698897,0.23884625135988374
1676,HSPB1,-1.6531408,,0.09830221143442572,0.22443427268133725
1677,CA8,-1.6582645,,0.09726407865098188,0.2228272134043113
1678,C1QL1,-1.6651528,,0.09588226673925555,0.22016593969978313
1679,APOD,-1.6868981,,0.09162295436432336,0.21111279807447778
1680,COL4A3,-1.6950814,,0.09005998878556486,0.2077508391823872
1681,LINC02076,-1.6992695,,0.08926841017210713,0.20640094837481418
1682,GBP1,-1.7207072,,0.08530396545633682,0.19884374232246346
1683,THEMIS,-1.7526735,,0.07965807583714016,0.18611699961948636
1684,SV2C,-1.7580601,,0.07873728319905947,0.18418077941300462
1685,CHODL,-1.7584882,,0.07866447545980815,0.18418077941300462
1686,FERMT1,-1.7659125,,0.07741051592234562,0.1815017958319944
1687,SEMA3E,-1.7755855,,0.07580126532683519,0.1783559184160828
1688,DLX6-AS1,-1.81468,,0.06957310250765408,0.1650607414179219
1689,GBE1,-1.8182882,,0.06902009598339325,0.1640182749223135
1690,ETS1,-1.8198364,,0.06878392716104237,0.16377125514533897
1691,PLA2G5,-1.8290818,,0.06738736556263776,0.16102118414011413
1692,CXorf38,-1.8291906,,0.0673710504704557,0.16102118414011413
1693,GCC2-AS1,-1.8991929,,0.057539110541812044,0.13999783586815584
1694,RORB,-1.906424,,0.0565952087554636,0.138037094525521
1695,SOCS3,-1.9209791,,0.05473433022169506,0.1344823838370886
1696,NOX4,-1.9390185,,0.0524990817974396,0.12914903271202854
1697,GEM,-1.9438031,,0.051919201451535044,0.1278798065308745
1698,RGR,-1.9508324,,0.05107699196093194,0.1259605227149986
1699,LIMS2,-1.9519045,,0.05094954010894353,0.1258013336023297
1700,PLSCR1,-1.9610606,,0.04987195340688718,0.123292839077595
1701,LINC01876,-1.9611052,,0.04986674658860809,0.123292839077595
1702,AXL,-1.9768939,,0.0480536178913388,0.11923974662863225
1703,LUZP2,-1.984076,,0.04724736388659941,0.11753075593681445
1704,AC109492.1,-2.0054467,,0.044915306859706496,0.11228826714926624
1705,IFITM3,-2.024032,,0.04296684842087236,0.1079569055800813
1706,PAWR,-2.0343125,,0.04192010341448938,0.10559220003649718
1707,SERPINE1,-2.0896983,,0.03664490405793902,0.09312555033783741
1708,RBMS3,-2.1146677,,0.03445827415146565,0.08779178127761948
1709,SDS,-2.1157882,,0.034362824651440485,0.08766026696796042
1710,GLIS3,-2.1419435,,0.03219803008896153,0.08245334209721261
1711,CMTM8,-2.1587684,,0.030868130836466934,0.07935252143050625
1712,LINC00982,-2.1799057,,0.02926445107610992,0.07542384297966474
1713,PCED1B,-2.1973896,,0.027992626825621737,0.0723323690584541
1714,COTL1,-2.2424662,,0.024931252418938166,0.06492513650765147
1715,KCNMB2-AS1,-2.2741463,,0.022957189507662266,0.06033426940252895
1716,ADAMTS1,-2.303772,,0.02123545174789797,0.05588276775762624
1717,SLC6A13,-2.325333,,0.020054150148798442,0.053123576553108454
1718,USP53,-2.329527,,0.019831168808155664,0.05262659222396201
1719,MAOB,-2.3324127,,0.019678993551700694,0.052337748807714614
1720,AL391117.1,-2.3455646,,0.01899828642152243,0.0507297367730906
1721,RERG,-2.3533752,,0.01860385667102833,0.04987629134323949
1722,RDH10,-2.3591304,,0.018317820660281554,0.04924145338785364
1723,NID1,-2.359367,,0.01830614611777788,0.04924145338785364
1724,ZFP36L2,-2.3934176,,0.01669223069886958,0.04511413702397184
1725,SLC25A18,-2.40072,,0.016362857768466826,0.044283782864592225
1726,C11orf96,-2.402987,,0.01626177028974113,0.0440698381835803
1727,CRISPLD2,-2.4042342,,0.01620638655018653,0.04397933934921718
1728,AC009226.1,-2.4068568,,0.01609048384545395,0.04372414088438573
1729,AC051619.4,-2.409175,,0.015988628770751787,0.043506472845583094
1730,RNF152,-2.4486265,,0.014340207715220247,0.03939617504181386
1731,EMP1,-2.4651055,,0.013697294626618818,0.03768169085727323
1732,HIF3A,-2.4683757,,0.013572775970027186,0.03739056741054321
1733,AC006369.1,-2.4821973,,0.013057493939023515,0.036070425245921314
1734,PAPPA,-2.5081794,,0.012135503935989861,0.033709733155527395
1735,AL365273.2,-2.5172577,,0.011827231187652365,0.03294493367034085
1736,RAB31,-2.5319366,,0.011343450764235053,0.031685616659874453
1737,ADGRG1,-2.5334828,,0.011293526920264902,0.03159028509165008
1738,BEST3,-2.5348995,,0.011247956832162837,0.03150688188280907
1739,KLHL1,-2.5678575,,0.010232922173672205,0.02882513288358368
1740,GPC5,-2.584387,,0.009755221866941142,0.02763518942476244
1741,VCAN,-2.5982492,,0.009370046745427603,0.026695289873013117
1742,MBNL3,-2.6242216,,0.00868472815151309,0.02495611537791118
1743,SPART-AS1,-2.7210386,,0.00650771601870575,0.019056269454482428
1744,FREM1,-2.748332,,0.005989930832047648,0.017643389785118254
1745,AL035078.4,-2.7822607,,0.005398166455453144,0.016018298087398054
1746,VIM,-2.793368,,0.00521623085598473,0.015547632953754782
1747,IL33,-2.8181586,,0.004829993595410423,0.014439442736652982
1748,LCNL1,-2.8318102,,0.0046285305037156435,0.013857875759627674
1749,FGD4,-2.844213,,0.004452127190163757,0.013389856211018819
1750,ANGPT1,-2.8476028,,0.0044049866737566265,0.013268032149869356
1751,MT3,-2.8640406,,0.0041827423960743345,0.012655801500981344
1752,LINC00598,-2.8977597,,0.003758385087687939,0.011441050495244867
1753,AL022068.1,-2.9007394,,0.0037228332015015377,0.011350101224090053
1754,EDA,-2.9119515,,0.0035917837439197347,0.010967278607388503
1755,ADAMTS9,-2.9144273,,0.003563418332078434,0.010913991828724146
1756,PLIN2,-2.9298046,,0.0033917535845922457,0.010468375261087178
1757,USP6NL,-2.9381022,,0.0033022812045917123,0.010239631642144843
1758,HES4,-2.940272,,0.0032792408516214375,0.010183977800066576
1759,C8orf34,-2.9545584,,0.0031311700854770932,0.009769641452346624
1760,AP003354.2,-2.9591806,,0.003084583907860173,0.009654409727261887
1761,SLFN5,-2.9758875,,0.002921419123841133,0.009172430530113447
1762,HSPB8,-2.9839904,,0.0028451571335828723,0.008947035011266894
1763,BMP2K,-3.0050333,,0.0026555173270163576,0.008363834100838921
1764,EMX2,-3.0357335,,0.00239951297372761,0.0076054293937483685
1765,CABLES1,-3.0519056,,0.0022739349588008244,0.007241831078983517
1766,YBX3,-3.0704963,,0.0021370324379018477,0.006838503801285913
1767,PDE7B,-3.0720568,,0.002125892607858927,0.006813758358522202
1768,IL7,-3.0841737,,0.002041184580100864,0.0065527594866801415
1769,ITGA1,-3.107785,,0.0018849513124323777,0.006080488104620573
1770,HAP1,-3.1730604,,0.0015084115687262047,0.004913392732007181
1771,ALDH1A2,-3.185515,,0.001444966042893828,0.00472211125128702
1772,EYA2,-3.201439,,0.0013674312012743205,0.004476043212027236
1773,AC023389.1,-3.233094,,0.0012245723766748859,0.004048173146032681
1774,CSF1,-3.2436495,,0.0011800886454295246,0.003907578296124254
1775,SERPINH1,-3.2624474,,0.00110454680704469,0.0036756965292668556
1776,GLDC,-3.3271706,,0.0008773264289834488,0.0029440484194075463
1777,LINC01344,-3.3353937,,0.0008517869153284111,0.00286314929522155
1778,PLAT,-3.3381445,,0.0008433984136701545,0.002839725298552709
1779,MYO1E,-3.3420544,,0.000831607461770572,0.0028047469199682026
1780,LIMK2,-3.381022,,0.0007221678760162548,0.002448026698360186
1781,TIMP1,-3.4039733,,0.0006641321608138776,0.002269303138595385
1782,AC073529.1,-3.40862,,0.0006529230596179379,0.002236037875403897
1783,CC2D2B,-3.4212048,,0.000623443651012693,0.002142418044717158
1784,LINC00299,-3.4294546,,0.0006047954409927046,0.0020819120171865907
1785,SCG2,-3.4712653,,0.0005180119242382653,0.0017986525147161991
1786,PID1,-3.4878528,,0.00048691604809951504,0.0016965715961655577
1787,TIMP3,-3.491042,,0.00048114083036333914,0.0016793746260500494
1788,FN1,-3.4970186,,0.00047048900226023875,0.0016450664414693664
1789,STAG3,-3.5869613,,0.0003345538816051029,0.001194835291446796
1790,AC002429.2,-3.5946712,,0.00032480159441100045,0.0011641634208279586
1791,TCF7L1,-3.5950005,,0.00032439081969457397,0.0011641634208279586
1792,TMC1,-3.5980158,,0.00032065405058804707,0.0011534318366476512
1793,F11-AS1,-3.6460936,,0.00026625701530849264,0.0009612166617635113
1794,FAM107A,-3.6676788,,0.0002447624140090124,0.0008900451418509541
1795,FGFR3,-3.6868114,,0.0002270814691346472,0.0008287644858928729
1796,SLC39A12,-3.7054253,,0.00021103637821402217,0.0007730270264249896
1797,PAPLN,-3.7329707,,0.00018923460006446975,0.000694438899319155
1798,EZR,-3.739865,,0.00018411903703725461,0.0006769082244016713
1799,WDR49,-3.7665813,,0.00016549822411356135,0.000609569886237795
1800,CACHD1,-3.7850213,,0.0001536954478758039,0.0005690983845193063
1801,SLC14A1,-3.792821,,0.0001489455978766948,0.0005526738325665855
1802,AP003181.1,-3.8016384,,0.00014374245546918096,0.0005353536516543052
1803,MDFIC,-3.8272245,,0.000129596305287603,0.0004835683033119515
1804,LINC01266,-3.8320072,,0.00012710204397447448,0.0004760376178819269
1805,SULF1,-3.88473,,0.00010244359866573924,0.00038585159572783137
1806,PLCE1,-3.8848712,,0.0001023841694421803,0.00038585159572783137
1807,HPSE2,-3.9280248,,8.564635237331671e-05,0.000326271818565016
1808,NPL,-3.9717183,,7.135606517950093e-05,0.00027339488574521425
1809,HSPA6,-4.0175853,,5.8797601907065605e-05,0.0002274568739151474
1810,RHOJ,-4.1074467,,4.000572660970627e-05,0.00015862268954592936
1811,STK17B,-4.1230226,,3.739330432215358e-05,0.00014957321728861433
1812,ENTPD1,-4.183274,,2.8734104715161543e-05,0.00011586332546436107
1813,VRK2,-4.193973,,2.7411058092480088e-05,0.00011075174986860642
1814,PLPP4,-4.2277446,,2.360455001626762e-05,9.644908933136847e-05
1815,BICC1,-4.2673926,,1.9777079164445284e-05,8.12200376363256e-05
1816,TENT5A,-4.2810173,,1.860407618338986e-05,7.655998429378544e-05
1817,BACE2,-4.2953134,,1.7444678237771383e-05,7.193681747534592e-05
1818,AEBP1,-4.3231654,,1.53806342910957e-05,6.368792667120372e-05
1819,OSMR-AS1,-4.33025,,1.4894029484020922e-05,6.180095221585445e-05
1820,SOCS6,-4.3362374,,1.4494239990440854e-05,6.0392666626836896e-05
1821,EPAS1,-4.3499928,,1.3614213098181445e-05,5.696323472042446e-05
1822,MT1E,-4.3646884,,1.273040233453444e-05,5.3376948991758655e-05
1823,CRISPLD1,-4.383341,,1.1687315266128948e-05,4.9417823535428956e-05
1824,GFRA1,-4.386217,,1.1533894928109818e-05,4.887243613605855e-05
1825,AC008014.1,-4.4630857,,8.078774190693508e-06,3.46728506038348e-05
1826,LGALS3,-4.4673805,,7.918322732221575e-06,3.405730207407129e-05
1827,ATP1A2,-4.56146,,5.079913652713122e-06,2.2038670944525475e-05
1828,EYA1,-4.5679393,,4.925421109163973e-06,2.146152988742472e-05
1829,LINC00877,-4.5856204,,4.5263998461622585e-06,1.9809189698740738e-05
1830,AL138828.1,-4.6040406,,4.143714411815527e-06,1.8294544864527714e-05
1831,RASSF8,-4.6113243,,4.001114551707746e-06,1.7704046688972325e-05
1832,ODC1,-4.63819,,3.514742440278531e-06,1.5621077512349026e-05
1833,CNTNAP3B,-4.650031,,3.318846523354587e-06,1.4816279122118692e-05
1834,RANBP3L,-4.6606817,,3.151634229355863e-06,1.413288892087831e-05
1835,MGST1,-4.760061,,1.935348098756834e-06,8.737463199805119e-06
1836,SLC30A10,-4.765131,,1.8873101377930201e-06,8.539864876891493e-06
1837,IL1R1,-4.808269,,1.5224277611267693e-06,7.048276671883192e-06
1838,CD38,-4.8475585,,1.2499003820193492e-06,5.840655990744623e-06
1839,GRIN2C,-4.9111075,,9.056340654984746e-07,4.271858799521107e-06
1840,LHFPL3,-4.955404,,7.218014887401467e-07,3.4371499463816512e-06
1841,ETNPPL,-4.992268,,5.967439476393268e-07,2.848419797801083e-06
1842,MARCH3,-5.0276275,,4.965851782290314e-07,2.3817034927051867e-06
1843,RNF219-AS1,-5.0522346,,4.366703241727884e-07,2.1146262671805736e-06
1844,ITPKB,-5.0623393,,4.141435649998493e-07,2.0152971532839383e-06
1845,ALK,-5.1026325,,3.3496080627093724e-07,1.6459990480144338e-06
1846,ITGA6,-5.1029763,,3.3435299014978874e-07,1.6459990480144338e-06
1847,CDC14A,-5.1215053,,3.031065141258222e-07,1.5042506904507306e-06
1848,IFI16,-5.1423697,,2.7129458992536413e-07,1.353090224066654e-06
1849,HGF,-5.205604,,1.9336631497915043e-07,9.765975503997497e-07
1850,RAP2C-AS1,-5.213803,,1.8500829417061035e-07,9.391283968051287e-07
1851,EPS8,-5.314466,,1.0697041321137212e-07,5.513938825328459e-07
1852,LHFPL6,-5.320701,,1.0336800827748498e-07,5.342015931652971e-07
1853,ABCC9,-5.335973,,9.503355157673045e-08,4.924018216410904e-07
1854,EMX2OS,-5.3501153,,8.789832032153711e-08,4.578037516746725e-07
1855,C8orf37-AS1,-5.415404,,6.115048335640695e-08,3.2076543368119304e-07
1856,GFAP,-5.421864,,5.8980764187264646e-08,3.1042507466981394e-07
1857,PDK4,-5.482357,,4.196965758216695e-08,2.2206168032892565e-07
1858,PRDM16,-5.605504,,2.0764962631464245e-08,1.107464673678093e-07
1859,SLC7A11,-5.63515,,1.749060846774843e-08,9.378342341956263e-08
1860,ARHGAP29,-5.6373086,,1.727284013008228e-08,9.28647318821628e-08
1861,AL132780.1,-5.6574144,,1.5367018220217817e-08,8.306496335252874e-08
1862,ACSBG1,-5.6670485,,1.4527811516882773e-08,7.8741525836763e-08
1863,PARD3,-5.6738873,,1.3959297493258016e-08,7.628031417080883e-08
1864,ATP2C2,-5.693407,,1.2452885006792847e-08,6.823498633859094e-08
1865,HSPA5,-5.7478404,,9.039046738019334e-09,4.9801910402310384e-08
1866,GLI3,-5.749463,,8.952722264755485e-09,4.946255394892534e-08
1867,BAG3,-5.7877383,,7.134042495538545e-09,3.9633569419658584e-08
1868,GJA1,-5.906661,,3.4911062403333854e-09,1.9668204170892312e-08
1869,TGFB2,-5.9069233,,3.485558084886648e-09,1.9668204170892312e-08
1870,AC027117.2,-5.9473224,,2.7256453185498567e-09,1.553074255583964e-08
1871,AC078881.1,-5.957011,,2.5689273066440037e-09,1.4679584609394308e-08
1872,AC066613.2,-5.9695663,,2.378853077423783e-09,1.3632395859162083e-08
1873,PCBP3,-6.0074353,,1.8848123100498513e-09,1.0832254655458916e-08
1874,BAALC-AS1,-6.0614347,,1.3491257369529252e-09,7.843754284610032e-09
1875,SDC2,-6.073404,,1.2522693770385925e-09,7.301862256784795e-09
1876,SHROOM3,-6.077094,,1.223799051698131e-09,7.156719600573865e-09
1877,TPD52L1,-6.1729846,,6.701272275113811e-10,3.9419248677140065e-09
1878,ANGPTL4,-6.235012,,4.5174297761412136e-10,2.688946295322151e-09
1879,AC090502.1,-6.2660217,,3.703884379212648e-10,2.224555182710299e-09
1880,PADI2,-6.304039,,2.89987466125505e-10,1.7521901276465556e-09
1881,ARHGAP42,-6.3254385,,2.525147181340434e-10,1.531379600350747e-09
1882,RGS20,-6.338939,,2.3135217804635524e-10,1.4106840124777757e-09
1883,BBOX1,-6.369588,,1.8953649363141605e-10,1.159244609366459e-09
1884,CRYAB,-6.427575,,1.2965568143253874e-10,8.003437125465354e-10
1885,AQP4,-6.51846,,7.103308190592747e-11,4.4674894280457527e-10
1886,SRGAP1,-6.5535445,,5.618712315434883e-11,3.556147035085369e-10
1887,SPON1,-6.569898,,5.034971828207953e-11,3.1968075099733033e-10
1888,IFNGR1,-6.5706987,,5.007974718487501e-11,3.1897928143232487e-10
1889,EFEMP1,-6.5976195,,4.178114923159567e-11,2.686890625826088e-10
1890,EGFR,-6.6203294,,3.583996746773236e-11,2.3268303412841888e-10
1891,CNDP1,-6.6270204,,3.4253061472521736e-11,2.2314698027701458e-10
1892,CD44,-6.6397114,,3.142977475137622e-11,2.0609688361558177e-10
1893,CGNL1,-6.693679,,2.1762858796903252e-11,1.4364923298285976e-10
1894,AC099792.1,-6.7939267,,1.0912173680110582e-11,7.323606496718512e-11
1895,SLC24A3,-6.8671207,,6.551056144365042e-12,4.44139399617969e-11
1896,PITPNC1,-6.8941817,,5.4175711786366925e-12,3.71066519084705e-11
1897,MT1X,-6.9724064,,3.1156521288466794e-12,2.163647311699083e-11
1898,GNA14-AS1,-7.008359,,2.411293929075502e-12,1.6862195308220296e-11
1899,SDC4,-7.025682,,2.130231440877299e-12,1.5001629865333094e-11
1900,NHSL1,-7.070283,,1.546180836558342e-12,1.1004845811803145e-11
1901,LINC01182,-7.0731564,,1.5144853578442833e-12,1.089557811398765e-11
1902,SELENOP,-7.0990834,,1.2558701007827514e-12,9.067654157276183e-12
1903,RBPMS,-7.199988,,6.021788425222701e-13,4.411566611884763e-12
1904,NRP1,-7.223662,,5.060603945283283e-13,3.721032312708296e-12
1905,GLI2,-7.2506843,,4.146717372163267e-13,3.0603080237367284e-12
1906,EYA4,-7.254274,,4.0382185561576896e-13,2.9912730045612514e-12
1907,AC006059.1,-7.3175364,,2.5256488939185706e-13,1.884812607401918e-12
1908,TMEM164,-7.3417263,,2.10856210945796e-13,1.5913676297795923e-12
1909,LINC00609,-7.405565,,1.3059351945674078e-13,9.968970950896241e-13
1910,LRRC3B,-7.5379767,,4.773185043002456e-14,3.743674543531338e-13
1911,YAP1,-7.5781345,,3.5055915944893277e-14,2.7712186517702197e-13
1912,SOX9,-7.646239,,2.069428627021673e-14,1.6555429016173384e-13
1913,AL354809.1,-7.693479,,1.4318718352418485e-14,1.1556314505948175e-13
1914,FAM189A2,-7.7759275,,7.489666214813407e-15,6.215490634699923e-14
1915,MTRNR2L12,-7.805564,,5.923603054171577e-15,4.9569900034908593e-14
1916,WWTR1,-7.825454,,5.058262235972762e-15,4.250640534430892e-14
1917,AP000282.1,-7.8988385,,2.8151473703456856e-15,2.406108863543321e-14
1918,CXCL14,-7.9941473,,1.304736831304109e-15,1.1395081496105755e-14
1919,AL034405.1,-7.996504,,1.2800160393617044e-15,1.1228210871593898e-14
1920,PDE10A,-8.013448,,1.1153705511548292e-15,9.914404899154038e-15
1921,OSMR,-8.118661,,4.713536542999522e-16,4.285033220908656e-15
1922,KCNIP1,-8.2278385,,1.9062216346272527e-16,1.773229427560235e-15
1923,ITGA2,-8.268375,,1.3579706582192147e-16,1.287175979354706e-15
1924,IGFBP7,-8.363163,,6.105853127925352e-17,5.956929880902783e-16
1925,LINC00511,-8.36887,,5.817364721601036e-17,5.703298746667683e-16
1926,WARS,-8.380918,,5.251675730918105e-17,5.199678941503074e-16
1927,SOX6,-8.395104,,4.654793362877822e-17,4.654793362877821e-16
1928,RFX4,-8.548538,,1.246569713980142e-17,1.2720099122246345e-16
1929,CST3,-8.564325,,1.0871077815787028e-17,1.1149823400807208e-16
1930,ACSS3,-8.607444,,7.470798174944627e-18,7.701853788602708e-17
1931,MEGF11,-8.621895,,6.585497278536757e-18,6.824349511437053e-17
1932,C4orf19,-8.652846,,5.023049694201347e-18,5.259737899687274e-17
1933,COLEC12,-8.682116,,3.884747896591815e-18,4.08920831220191e-17
1934,SLCO1C1,-8.713907,,2.9357743684613613e-18,3.123164221767406e-17
1935,AL137145.2,-8.725239,,2.6561852676213327e-18,2.8408398584185377e-17
1936,SCARA3,-8.739052,,2.3507578627367017e-18,2.527696626598604e-17
1937,SLC7A2,-8.7401085,,2.328869127925976e-18,2.5176963545145686e-17
1938,SLC1A2,-8.749259,,2.1475877104967015e-18,2.3343344679311974e-17
1939,PAMR1,-8.749512,,2.142775521937921e-18,2.3343344679311974e-17
1940,NKAIN3,-8.768519,,1.8103124750707246e-18,1.9893543682095874e-17
1941,BMPR1B,-8.821547,,1.1288957064455114e-18,1.2684221420736084e-17
1942,FGF2,-8.829955,,1.0471787948844185e-18,1.1832528755756143e-17
1943,RYR3,-8.831857,,1.0295250835338066e-18,1.169914867652053e-17
1944,AC113414.1,-8.882727,,6.524114884500877e-19,7.498982625863078e-18
1945,MRVI1,-8.894277,,5.88010661111521e-19,6.7978111111158496e-18
1946,DEPP1,-9.03882,,1.5837206207212084e-19,1.885381691334772e-18
1947,DDR2,-9.12421,,7.226108802186682e-20,8.706155183357447e-19
1948,AC012593.1,-9.125096,,7.167233811349106e-20,8.687556134968613e-19
1949,PLEKHG1,-9.169085,,4.7705122694185883e-20,5.889521320269862e-19
1950,STON2,-9.297107,,1.4431992561325915e-20,1.8039990701657394e-19
1951,FLT3,-9.536898,,1.4716871606849929e-21,1.9492545174635667e-20
1952,LINC01608,-9.606646,,7.49510879159773e-22,1.0060548713554e-20
1953,SEMA5A,-9.776192,,1.424707820978124e-22,2.006630733772006e-21
1954,PLSCR4,-9.801831,,1.105631830977301e-22,1.568272100677023e-21
1955,ALDH1L1,-9.822151,,9.039387400576112e-23,1.2913410572251588e-21
1956,GLDN,-9.823291,,8.937687407624167e-23,1.285998188147362e-21
1957,ZNF98,-9.895398,,4.358722819652514e-23,6.409886499488991e-22
1958,AL078590.3,-9.967641,,2.1118506781458816e-23,3.1757153054825284e-22
1959,AC098829.1,-10.056934,,8.562297453861708e-24,1.2973177960396527e-22
1960,ATP13A4,-10.059897,,8.308478459711764e-24,1.2684699938491242e-22
1961,ARHGEF26,-10.093132,,5.924830234249828e-24,9.115123437307428e-23
1962,LINC02328,-10.106792,,5.154444963332559e-24,8.053820255207123e-23
1963,LRIG1,-10.164769,,2.8479647316188293e-24,4.5205789390775065e-23
1964,ALDH1A1,-10.170447,,2.6867147975089143e-24,4.298743676014263e-23
1965,ABTB2,-10.291196,,7.721118530965496e-25,1.2657571362238517e-23
1966,STK33,-10.431875,,1.7735293493589998e-25,3.0059819480661014e-24
1967,CHRM5,-10.628207,,2.2030776976645714e-26,3.9695093651613897e-25
1968,GNA14,-10.826456,,2.579473003926283e-27,4.821444867151931e-26
1969,HDAC2-AS2,-10.921426,,9.10545938853691e-28,1.7510498824109444e-26
1970,PARD3B,-11.042654,,2.3789933768531774e-28,4.619404615248889e-27
1971,SMOC1,-11.085031,,1.4830031528175991e-28,2.9078493192501947e-27
1972,PTPRZ1,-11.154582,,6.80117725184991e-29,1.3602354503699818e-27
1973,TRPM3,-11.243687,,2.4877196247459476e-29,5.076978826012138e-28
1974,PCSK5,-11.327494,,9.590960224540422e-30,1.9981167134459211e-28
1975,TUBB2B,-11.367961,,6.038164477308353e-30,1.2711925215386007e-28
1976,ADAMTS18,-11.419721,,3.333045433089775e-30,7.091586027850584e-29
1977,HAPLN2,-12.057988,,1.7603113624287544e-33,4.000707641883533e-32
1978,MTRNR2L8,-12.1252575,,7.761613094261732e-34,1.7842788722440765e-32
1979,ELOVL7,-12.330957,,6.170925368655718e-35,1.469267944918028e-33
1980,OPALIN,-12.619107,,1.6568872349321217e-36,4.142218087330304e-35
1981,F3,-12.731623,,3.9455376356273855e-37,1.0116763168275347e-35
1982,GALNT15,-13.0582485,,5.702460001839908e-39,1.6063267610816642e-37
1983,CHI3L1,-13.214061,,7.278935178301206e-40,2.0796957652289156e-38
1984,AC108866.1,-13.442536,,3.4056071053606455e-41,1.0016491486354839e-39
1985,MT2A,-14.723034,,4.586137644559401e-49,1.6676864162034185e-47
1986,AHCYL1,-15.107139,,1.4531392346102292e-51,5.8125569384409165e-50
1987,LINC01170,-15.545953,,1.6948207650146406e-54,7.532536733398402e-53
1988,ATP1B2,-15.90747,,5.624054085935241e-57,2.6781209933024956e-55
1989,SAMD4A,-16.419754,,1.3812385861201246e-60,6.906192930600623e-59
1990,SLC1A3,-16.970093,,1.3671506377764237e-64,7.390003447440129e-63
1991,MAG,-17.048586,,3.5809358231670335e-65,2.046249041809733e-63
1992,SLC5A11,-17.790464,,8.378401043801443e-71,5.405420028258996e-69
1993,LINC01630,-18.035229,,1.0306823063498586e-72,6.8712153756657244e-71
1994,SVEP1,-18.430683,,7.4534796889475e-76,5.323914063533929e-74
1995,TXNIP,-20.010597,,4.452758465511466e-89,4.947509406123852e-87
1996,PLCG2,-23.229362,,2.300041049119313e-119,3.833401748532188e-117
1997,AL359091.1,-24.55696,,3.644609532881818e-133,7.289219065763635e-131
1998,CARNS1,-25.740726,,4.094159076925848e-146,1.950890499329442e-143
1999,LURAP1L-AS1,-27.93255,,1.0741191765523885e-171,7.160794510349257e-169
